solid OpenSCAD_Model
  facet normal 0 0 -1
    outer loop
      vertex 6.67347 -3.11566 -1.5
      vertex 7.60472 -0.79558 -1.5
      vertex 8.63999 -4.65928 -1.5
    endloop
  endfacet
  facet normal 0 0 -1
    outer loop
      vertex 6.92474 -4.13185 -1.5
      vertex 8.63999 -4.65928 -1.5
      vertex 7.02828 -4.51826 -1.5
    endloop
  endfacet
  facet normal 0 0 -1
    outer loop
      vertex 6.67347 -3.11566 -1.5
      vertex 8.63999 -4.65928 -1.5
      vertex 6.92474 -4.13185 -1.5
    endloop
  endfacet
  facet normal 0 0 -1
    outer loop
      vertex 7.60472 -0.79558 -1.5
      vertex 6.67347 -3.11566 -1.5
      vertex 7.05242 -1.18231 -1.5
    endloop
  endfacet
  facet normal 0 0 -1
    outer loop
      vertex 6.50686 -3.10485 -1.5
      vertex 7.05242 -1.18231 -1.5
      vertex 6.67347 -3.11566 -1.5
    endloop
  endfacet
  facet normal 0 0 -1
    outer loop
      vertex 7.05242 -1.18231 -1.5
      vertex 6.50686 -3.10485 -1.5
      vertex 5.56756 -2.47717 -1.5
    endloop
  endfacet
  facet normal 0 0 -1
    outer loop
      vertex 5.72212 -3.05396 -1.5
      vertex 6.50189 -3.16163 -1.5
      vertex 5.80127 -3.34936 -1.5
    endloop
  endfacet
  facet normal 0 0 -1
    outer loop
      vertex 6.50189 -3.16163 -1.5
      vertex 5.72212 -3.05396 -1.5
      vertex 6.50686 -3.10485 -1.5
    endloop
  endfacet
  facet normal 0 0 -1
    outer loop
      vertex 5.61354 -2.64874 -1.5
      vertex 6.50686 -3.10485 -1.5
      vertex 5.72212 -3.05396 -1.5
    endloop
  endfacet
  facet normal 0 0 -1
    outer loop
      vertex 5.56756 -2.47717 -1.5
      vertex 6.50686 -3.10485 -1.5
      vertex 5.61354 -2.64874 -1.5
    endloop
  endfacet
  facet normal -0 0 -1
    outer loop
      vertex 7.05242 -1.18231 -1.5
      vertex 5.56756 -2.47717 -1.5
      vertex 7.11119 -0.51064 -1.5
    endloop
  endfacet
  facet normal 0 0 -1
    outer loop
      vertex 4.56188 -2.76765 -1.5
      vertex 5.55372 -2.69062 -1.5
      vertex 5.53096 -3.04156 -1.5
    endloop
  endfacet
  facet normal 0 0 -1
    outer loop
      vertex 5.31582 -3.8444 -1.5
      vertex 5.50586 -3.42852 -1.5
      vertex 5.46851 -4.00446 -1.5
    endloop
  endfacet
  facet normal 0 0 -1
    outer loop
      vertex 4.56188 -2.76765 -1.5
      vertex 5.50586 -3.42852 -1.5
      vertex 5.31582 -3.8444 -1.5
    endloop
  endfacet
  facet normal 0 0 -1
    outer loop
      vertex 5.42524 -4.00067 -1.5
      vertex 5.46851 -4.00446 -1.5
      vertex 5.46506 -4.05755 -1.5
    endloop
  endfacet
  facet normal 0 0 -1
    outer loop
      vertex 5.31582 -3.8444 -1.5
      vertex 5.46851 -4.00446 -1.5
      vertex 5.42524 -4.00067 -1.5
    endloop
  endfacet
  facet normal 0 0 -1
    outer loop
      vertex 5.31582 -3.8444 -1.5
      vertex 5.42524 -4.00067 -1.5
      vertex 5.35607 -3.99462 -1.5
    endloop
  endfacet
  facet normal 0 0 -1
    outer loop
      vertex 5.50586 -3.42852 -1.5
      vertex 4.56188 -2.76765 -1.5
      vertex 5.53096 -3.04156 -1.5
    endloop
  endfacet
  facet normal -0 0 -1
    outer loop
      vertex 5.55372 -2.69062 -1.5
      vertex 4.56188 -2.76765 -1.5
      vertex 5.56756 -2.47717 -1.5
    endloop
  endfacet
  facet normal 0 0 -1
    outer loop
      vertex 3.24749 -1.54592 -1.5
      vertex 5.56756 -2.47717 -1.5
      vertex 4.56188 -2.76765 -1.5
    endloop
  endfacet
  facet normal 0 0 -1
    outer loop
      vertex 3.24749 -1.54592 -1.5
      vertex 4.56188 -2.76765 -1.5
      vertex 4.17547 -2.87119 -1.5
    endloop
  endfacet
  facet normal 0 0 -1
    outer loop
      vertex 5.56756 -2.47717 -1.5
      vertex 3.24749 -1.54592 -1.5
      vertex 7.11119 -0.51064 -1.5
    endloop
  endfacet
  facet normal 0 0 -1
    outer loop
      vertex 5.72212 -3.05396 -1.5
      vertex 5.55372 -2.69062 -1.5
      vertex 5.61354 -2.64874 -1.5
    endloop
  endfacet
  facet normal 0 -0 -1
    outer loop
      vertex 5.55372 -2.69062 -1.5
      vertex 5.72212 -3.05396 -1.5
      vertex 5.53096 -3.04156 -1.5
    endloop
  endfacet
  facet normal 0 0 -1
    outer loop
      vertex 6.92474 -4.13185 -1.5
      vertex 6.50189 -3.16163 -1.5
      vertex 6.67347 -3.11566 -1.5
    endloop
  endfacet
  facet normal 0 0 -1
    outer loop
      vertex 6.92474 -4.13185 -1.5
      vertex 5.80127 -3.34936 -1.5
      vertex 6.50189 -3.16163 -1.5
    endloop
  endfacet
  facet normal 0 0 -1
    outer loop
      vertex 5.46851 -4.00446 -1.5
      vertex 5.80127 -3.34936 -1.5
      vertex 6.92474 -4.13185 -1.5
    endloop
  endfacet
  facet normal 0 0 -1
    outer loop
      vertex 5.80127 -3.34936 -1.5
      vertex 5.46851 -4.00446 -1.5
      vertex 5.50586 -3.42852 -1.5
    endloop
  endfacet
  facet normal 0.965929 0.258808 -0
    outer loop
      vertex 8.068 -2.52459 -0.157502
      vertex 7.85148 -1.71649 0.0202942
      vertex 8.068 -2.52459 0.00407206
    endloop
  endfacet
  facet normal 0.965928 0.25881 -7.85545e-06
    outer loop
      vertex 7.85148 -1.71649 0.0202942
      vertex 8.068 -2.52459 -0.157502
      vertex 7.60472 -0.79558 -1.5
    endloop
  endfacet
  facet normal 0.965931 0.2588 7.9832e-06
    outer loop
      vertex 8.49677 -4.12478 0.0202942
      vertex 8.63999 -4.65928 -1.5
      vertex 8.39324 -3.73837 0.0202942
    endloop
  endfacet
  facet normal 0.965926 0.258819 2.83279e-07
    outer loop
      vertex 8.25385 -3.21816 1.5
      vertex 8.39324 -3.73837 0.0202942
      vertex 8.12236 -2.72743 0
    endloop
  endfacet
  facet normal 0.965926 0.258818 0
    outer loop
      vertex 8.12236 -2.72743 1.5
      vertex 8.25385 -3.21816 1.5
      vertex 8.12236 -2.72743 0
    endloop
  endfacet
  facet normal 0.965926 0.258818 -4.13278e-06
    outer loop
      vertex 8.39324 -3.73837 0.0202942
      vertex 8.63999 -4.65928 -1.5
      vertex 8.12236 -2.72743 0
    endloop
  endfacet
  facet normal 0.965928 0.25881 3.16001e-06
    outer loop
      vertex 8.068 -2.52459 0.620034
      vertex 7.85148 -1.71649 0.0202942
      vertex 7.99086 -2.2367 1.5
    endloop
  endfacet
  facet normal 0.965929 0.258808 0
    outer loop
      vertex 7.85148 -1.71649 0.0202942
      vertex 8.068 -2.52459 0.620034
      vertex 8.068 -2.52459 0.00407206
    endloop
  endfacet
  facet normal 0.965925 0.258823 8.05353e-07
    outer loop
      vertex 7.74794 -1.33008 0.0202942
      vertex 7.85148 -1.71649 0.0202942
      vertex 7.60472 -0.79558 -1.5
    endloop
  endfacet
  facet normal 0.965927 0.258815 -0
    outer loop
      vertex 8.068 -2.52459 -0.511834
      vertex 7.60472 -0.79558 -1.5
      vertex 8.068 -2.52459 -0.157502
    endloop
  endfacet
  facet normal 0.965917 0.258852 6.85305e-05
    outer loop
      vertex 8.12231 -2.72725 -0.511834
      vertex 7.60472 -0.79558 -1.5
      vertex 8.068 -2.52459 -0.511834
    endloop
  endfacet
  facet normal 0.965926 0.258818 -3.1579e-06
    outer loop
      vertex 8.12231 -2.72725 -0.511834
      vertex 8.63999 -4.65928 -1.5
      vertex 7.60472 -0.79558 -1.5
    endloop
  endfacet
  facet normal 0.965926 0.258818 -3.33914e-06
    outer loop
      vertex 8.63999 -4.65928 -1.5
      vertex 8.12231 -2.72725 -0.511834
      vertex 8.12236 -2.72743 0
    endloop
  endfacet
  facet normal -0.542719 0.775064 0.323622
    outer loop
      vertex 7.60472 -0.79558 -1.5
      vertex 6.8242 -1.5776 -0.936031
      vertex 7.74794 -1.33008 0.0202942
    endloop
  endfacet
  facet normal -0.542714 0.775065 0.32363
    outer loop
      vertex 6.8242 -1.5776 -0.936031
      vertex 7.60472 -0.79558 -1.5
      vertex 7.05242 -1.18231 -1.5
    endloop
  endfacet
  facet normal 0.258824 -0.965925 0
    outer loop
      vertex 7.74794 -1.33008 0.0202942
      vertex 6.8242 -1.5776 -0.936031
      vertex 6.8242 -1.5776 -0.936032
    endloop
  endfacet
  facet normal -0.683011 -0.183009 0.707109
    outer loop
      vertex 6.58272 -1.99585 -1.27753
      vertex 7.85148 -1.71649 0.0202942
      vertex 6.74112 -1.72149 -1.05352
    endloop
  endfacet
  facet normal -0.683002 -0.18305 0.707108
    outer loop
      vertex 7.85148 -1.71649 0.0202942
      vertex 6.58272 -1.99585 -1.27753
      vertex 6.54133 -2.06755 -1.33607
    endloop
  endfacet
  facet normal -0.683012 -0.183015 0.707107
    outer loop
      vertex 6.8242 -1.5776 -0.936032
      vertex 7.85148 -1.71649 0.0202942
      vertex 7.74794 -1.33008 0.0202942
    endloop
  endfacet
  facet normal -0.683012 -0.183003 0.70711
    outer loop
      vertex 7.85148 -1.71649 0.0202942
      vertex 6.8242 -1.5776 -0.936032
      vertex 6.74112 -1.72149 -1.05352
    endloop
  endfacet
  facet normal -0.542709 0.775076 0.323612
    outer loop
      vertex 7.99086 -2.2367 1.5
      vertex 6.33148 -2.43101 -0.817456
      vertex 6.16051 -2.72714 -0.394924
    endloop
  endfacet
  facet normal -0.542704 0.775081 0.323608
    outer loop
      vertex 6.33148 -2.43101 -0.817456
      vertex 7.99086 -2.2367 1.5
      vertex 6.51101 -2.12006 -1.26114
    endloop
  endfacet
  facet normal -0.542706 0.775081 0.323605
    outer loop
      vertex 5.61354 -2.64874 -1.5
      vertex 5.42736 -2.92359 -1.15393
      vertex 5.66978 -2.85863 -0.902965
    endloop
  endfacet
  facet normal -0.542649 0.775101 0.323652
    outer loop
      vertex 5.42736 -2.92359 -1.15393
      vertex 5.61354 -2.64874 -1.5
      vertex 5.55372 -2.69062 -1.5
    endloop
  endfacet
  facet normal -0.542707 0.775079 0.323609
    outer loop
      vertex 7.85148 -1.71649 0.0202942
      vertex 6.51101 -2.12006 -1.26114
      vertex 7.99086 -2.2367 1.5
    endloop
  endfacet
  facet normal -0.54269 0.775101 0.323584
    outer loop
      vertex 6.54133 -2.06755 -1.33607
      vertex 6.51101 -2.12006 -1.26114
      vertex 7.85148 -1.71649 0.0202942
    endloop
  endfacet
  facet normal -0.0616246 -0.950212 0.305451
    outer loop
      vertex 6.37632 -2.96249 -1.0835
      vertex 8.12236 -2.72743 0
      vertex 6.31693 -2.89772 -0.893992
    endloop
  endfacet
  facet normal -0.0616514 -0.950207 0.305459
    outer loop
      vertex 6.67347 -3.11566 -1.5
      vertex 6.37632 -2.96249 -1.0835
      vertex 6.50686 -3.10485 -1.5
    endloop
  endfacet
  facet normal -0.0616366 -0.950205 0.305468
    outer loop
      vertex 6.37632 -2.96249 -1.0835
      vertex 6.67347 -3.11566 -1.5
      vertex 8.12236 -2.72743 0
    endloop
  endfacet
  facet normal -0.0616372 -0.950207 0.305462
    outer loop
      vertex 5.72212 -3.05396 -1.5
      vertex 5.47443 -2.97719 -1.31117
      vertex 5.53096 -3.04156 -1.5
    endloop
  endfacet
  facet normal -0.0616441 -0.950209 0.305454
    outer loop
      vertex 5.47443 -2.97719 -1.31117
      vertex 5.72212 -3.05396 -1.5
      vertex 5.69595 -2.9563 -1.20148
    endloop
  endfacet
  facet normal -0.155002 -0.942877 0.294884
    outer loop
      vertex 7.99086 -2.2367 1.5
      vertex 8.06796 -2.5246 0.619981
      vertex 8.068 -2.52459 0.620034
    endloop
  endfacet
  facet normal -0.0616323 -0.950207 0.305463
    outer loop
      vertex 6.16051 -2.72714 -0.394924
      vertex 8.06796 -2.5246 0.619981
      vertex 7.99086 -2.2367 1.5
    endloop
  endfacet
  facet normal -0.0616297 -0.950209 0.305458
    outer loop
      vertex 8.06796 -2.5246 0.619981
      vertex 6.16051 -2.72714 -0.394924
      vertex 8.12236 -2.72743 0
    endloop
  endfacet
  facet normal -0.0616305 -0.950208 0.305462
    outer loop
      vertex 8.12236 -2.72743 0
      vertex 6.16051 -2.72714 -0.394924
      vertex 6.31693 -2.89772 -0.893992
    endloop
  endfacet
  facet normal -0.0616368 -0.950199 0.305488
    outer loop
      vertex 5.42736 -2.92359 -1.15393
      vertex 5.69595 -2.9563 -1.20148
      vertex 5.66978 -2.85863 -0.902965
    endloop
  endfacet
  facet normal -0.0616441 -0.950209 0.305454
    outer loop
      vertex 5.69595 -2.9563 -1.20148
      vertex 5.42736 -2.92359 -1.15393
      vertex 5.47443 -2.97719 -1.31117
    endloop
  endfacet
  facet normal -0.258813 0.965927 -3.38946e-06
    outer loop
      vertex 6.67347 -3.11566 -1.5
      vertex 6.292 -3.21787 -0.902965
      vertex 8.12236 -2.72743 1.5
    endloop
  endfacet
  facet normal -0.258803 0.96593 3.37448e-06
    outer loop
      vertex 6.292 -3.21787 -0.902965
      vertex 6.67347 -3.11566 -1.5
      vertex 6.39553 -3.19013 -1.19744
    endloop
  endfacet
  facet normal -0.258794 0.965932 1.22953e-05
    outer loop
      vertex 6.39553 -3.19013 -1.19744
      vertex 6.67347 -3.11566 -1.5
      vertex 6.50189 -3.16163 -1.5
    endloop
  endfacet
  facet normal -0.258818 0.965926 3.40104e-07
    outer loop
      vertex 5.80127 -3.34936 -0.902966
      vertex 8.12236 -2.72743 1.5
      vertex 6.292 -3.21787 -0.902965
    endloop
  endfacet
  facet normal -0.655446 -0.273623 0.703932
    outer loop
      vertex 5.80127 -3.34936 -0.902966
      vertex 5.4347 -3.44759 -1.28247
      vertex 8.12236 -2.72743 1.5
    endloop
  endfacet
  facet normal -0.258838 0.965921 0
    outer loop
      vertex 5.80127 -3.34936 -1.5
      vertex 5.4347 -3.44759 -1.28247
      vertex 5.80127 -3.34936 -0.902966
    endloop
  endfacet
  facet normal -0.258835 0.965922 6.66038e-06
    outer loop
      vertex 5.4347 -3.44759 -1.28247
      vertex 5.80127 -3.34936 -1.5
      vertex 5.50586 -3.42852 -1.5
    endloop
  endfacet
  facet normal -0.25882 0.965926 0
    outer loop
      vertex 8.12236 -2.72743 1.5
      vertex 8.12236 -2.72743 0
      vertex 6.67347 -3.11566 -1.5
    endloop
  endfacet
  facet normal -0.683013 -0.183011 0.707107
    outer loop
      vertex 8.25385 -3.21816 1.5
      vertex 5.4347 -3.44759 -1.28247
      vertex 5.44203 -3.97159 -1.41101
    endloop
  endfacet
  facet normal -0.683013 -0.183012 0.707107
    outer loop
      vertex 5.4347 -3.44759 -1.28247
      vertex 8.25385 -3.21816 1.5
      vertex 8.12236 -2.72743 1.5
    endloop
  endfacet
  facet normal 0.552057 0.50454 -0.663832
    outer loop
      vertex 5.44203 -3.97159 -1.41101
      vertex 5.35607 -3.99462 -1.5
      vertex 8.25385 -3.21816 1.5
    endloop
  endfacet
  facet normal -0.683008 -0.183005 0.707113
    outer loop
      vertex 5.35607 -3.99462 -1.5
      vertex 5.44203 -3.97159 -1.41101
      vertex 5.31582 -3.8444 -1.5
    endloop
  endfacet
  facet normal -0.0824545 -0.94256 0.323702
    outer loop
      vertex 6.92474 -4.13185 -1.5
      vertex 5.45393 -3.98636 -1.45101
      vertex 5.46851 -4.00446 -1.5
    endloop
  endfacet
  facet normal -0.0824605 -0.94259 0.323611
    outer loop
      vertex 5.45393 -3.98636 -1.45101
      vertex 6.92474 -4.13185 -1.5
      vertex 8.39324 -3.73837 0.0202942
    endloop
  endfacet
  facet normal -0.082443 -0.942576 0.323656
    outer loop
      vertex 5.42524 -4.00067 -1.5
      vertex 5.43245 -3.98817 -1.46176
      vertex 5.35607 -3.99462 -1.5
    endloop
  endfacet
  facet normal -0.0824599 -0.94259 0.323612
    outer loop
      vertex 8.25385 -3.21816 1.5
      vertex 5.44203 -3.97159 -1.41101
      vertex 8.39324 -3.73837 0.0202942
    endloop
  endfacet
  facet normal -0.0823628 -0.942635 0.323506
    outer loop
      vertex 5.44203 -3.97159 -1.41101
      vertex 5.35607 -3.99462 -1.5
      vertex 5.43245 -3.98817 -1.46176
    endloop
  endfacet
  facet normal -0.552057 -0.50454 0.663832
    outer loop
      vertex 5.35607 -3.99462 -1.5
      vertex 5.44203 -3.97159 -1.41101
      vertex 8.25385 -3.21816 1.5
    endloop
  endfacet
  facet normal -0.0824231 -0.942618 0.323541
    outer loop
      vertex 8.39324 -3.73837 0.0202942
      vertex 5.44203 -3.97159 -1.41101
      vertex 5.45393 -3.98636 -1.45101
    endloop
  endfacet
  facet normal -0.683012 -0.183016 0.707106
    outer loop
      vertex 7.02828 -4.51826 -1.5
      vertex 8.49677 -4.12478 0.0202942
      vertex 6.92474 -4.13185 -1.5
    endloop
  endfacet
  facet normal -0.683015 -0.182999 0.707109
    outer loop
      vertex 8.49677 -4.12478 0.0202942
      vertex 8.39324 -3.73837 0.0202942
      vertex 6.92474 -4.13185 -1.5
    endloop
  endfacet
  facet normal -0.0824735 -0.942585 0.323622
    outer loop
      vertex 8.63999 -4.65928 -1.5
      vertex 8.49677 -4.12478 0.0202942
      vertex 7.02828 -4.51826 -1.5
    endloop
  endfacet
  facet normal -0 0 -1
    outer loop
      vertex 10.0753 -7.54904 -1.5
      vertex 8.88534 -8.59406 -1.5
      vertex 9.15879 -7.04331 -1.5
    endloop
  endfacet
  facet normal 0 0 -1
    outer loop
      vertex 9.76529 -9.1021 -1.5
      vertex 10.0753 -7.54904 -1.5
      vertex 10.9716 -8.08991 -1.5
    endloop
  endfacet
  facet normal 0 0 -1
    outer loop
      vertex 10.0753 -7.54904 -1.5
      vertex 9.76529 -9.1021 -1.5
      vertex 9.32532 -8.84808 -1.5
    endloop
  endfacet
  facet normal 0 0 -1
    outer loop
      vertex 10.9716 -8.08991 -1.5
      vertex 12.5574 -7.25 -1.5
      vertex 11.318 -8.28993 -1.5
    endloop
  endfacet
  facet normal 0 0 -1
    outer loop
      vertex 10.0753 -7.54904 -1.5
      vertex 12.5574 -7.25 -1.5
      vertex 10.9716 -8.08991 -1.5
    endloop
  endfacet
  facet normal 0 0 -1
    outer loop
      vertex 9.09327 -5.25 -1.5
      vertex 10.0753 -7.54904 -1.5
      vertex 9.15879 -7.04331 -1.5
    endloop
  endfacet
  facet normal 0 0 -1
    outer loop
      vertex 10.0753 -7.54904 -1.5
      vertex 9.09327 -5.25 -1.5
      vertex 12.5574 -7.25 -1.5
    endloop
  endfacet
  facet normal 0 -0 -1
    outer loop
      vertex 9.09327 -5.25 -1.5
      vertex 9.15879 -7.04331 -1.5
      vertex 8.81234 -6.84329 -1.5
    endloop
  endfacet
  facet normal 0.499986 0.866034 -0
    outer loop
      vertex 10.6318 -6.13826 -0.167612
      vertex 9.91893 -5.7267 0.0202942
      vertex 10.6318 -6.13826 0.00433347
    endloop
  endfacet
  facet normal 0.499988 0.866032 1.15335e-05
    outer loop
      vertex 9.91893 -5.7267 0.0202942
      vertex 10.6318 -6.13826 -0.167612
      vertex 9.09327 -5.25 -1.5
    endloop
  endfacet
  facet normal 0.500209 0.865904 -0
    outer loop
      vertex 10.8134 -6.24314 -0.0102857
      vertex 10.6759 -6.16371 0.00334637
      vertex 10.8134 -6.24314 0.000265927
    endloop
  endfacet
  facet normal 0.500198 0.865911 -0.000151923
    outer loop
      vertex 10.6759 -6.16371 0.00334637
      vertex 10.8134 -6.24314 -0.0102857
      vertex 10.6636 -6.15663 -0.140061
    endloop
  endfacet
  facet normal 0.500048 0.865997 4.54417e-05
    outer loop
      vertex 12.0781 -6.97332 0.0202942
      vertex 12.5574 -7.25 -1.5
      vertex 11.7317 -6.7733 0.0202942
    endloop
  endfacet
  facet normal 0.499991 0.866031 -5.97236e-06
    outer loop
      vertex 11.7317 -6.7733 0.0202942
      vertex 10.9951 -6.34803 0.578858
      vertex 11.2653 -6.50402 1.5
    endloop
  endfacet
  facet normal 0.499995 0.866029 0
    outer loop
      vertex 10.9951 -6.34803 0.578858
      vertex 11.7317 -6.7733 0.0202942
      vertex 10.9951 -6.34803 0.00380164
    endloop
  endfacet
  facet normal 0.499976 0.866039 0
    outer loop
      vertex 10.9951 -6.34803 1.5
      vertex 11.2653 -6.50402 1.5
      vertex 10.9951 -6.34803 0.578858
    endloop
  endfacet
  facet normal 0.499995 0.866029 0
    outer loop
      vertex 11.7317 -6.7733 0.0202942
      vertex 10.9951 -6.34803 -0.147042
      vertex 10.9951 -6.34803 0.00380164
    endloop
  endfacet
  facet normal 0.499994 0.866029 5.65802e-06
    outer loop
      vertex 10.9951 -6.34803 -0.147042
      vertex 11.7317 -6.7733 0.0202942
      vertex 12.5574 -7.25 -1.5
    endloop
  endfacet
  facet normal 0.499968 0.866044 2.5637e-05
    outer loop
      vertex 10.6318 -6.13826 0.659838
      vertex 9.91893 -5.7267 0.0202942
      vertex 10.3853 -5.99598 1.5
    endloop
  endfacet
  facet normal 0.499986 0.866034 0
    outer loop
      vertex 9.91893 -5.7267 0.0202942
      vertex 10.6318 -6.13826 0.659838
      vertex 10.6318 -6.13826 0.00433347
    endloop
  endfacet
  facet normal 0.500206 0.865907 1.80132e-05
    outer loop
      vertex 10.8134 -6.24314 0.0404915
      vertex 10.6759 -6.16371 0.00334637
      vertex 10.7094 -6.18307 0.395213
    endloop
  endfacet
  facet normal 0.500209 0.865904 0
    outer loop
      vertex 10.6759 -6.16371 0.00334637
      vertex 10.8134 -6.24314 0.0404915
      vertex 10.8134 -6.24314 0.000265927
    endloop
  endfacet
  facet normal 0.500005 0.866022 -9.29342e-07
    outer loop
      vertex 9.57249 -5.52668 0.0202942
      vertex 9.91893 -5.7267 0.0202942
      vertex 9.09327 -5.25 -1.5
    endloop
  endfacet
  facet normal 0.499948 0.866055 -8.82794e-05
    outer loop
      vertex 12.5574 -7.25 -1.5
      vertex 10.8134 -6.24314 -0.511834
      vertex 10.9951 -6.34803 -0.511834
    endloop
  endfacet
  facet normal 0.499997 0.866027 2.68344e-05
    outer loop
      vertex 9.09327 -5.25 -1.5
      vertex 10.8134 -6.24314 -0.511834
      vertex 12.5574 -7.25 -1.5
    endloop
  endfacet
  facet normal 0.49999 0.866031 0
    outer loop
      vertex 12.5574 -7.25 -1.5
      vertex 10.9951 -6.34803 -0.511834
      vertex 10.9951 -6.34803 -0.147042
    endloop
  endfacet
  facet normal 0.499754 0.866167 0.000531651
    outer loop
      vertex 10.8134 -6.24314 -0.0102857
      vertex 10.6617 -6.15552 -0.162469
      vertex 10.6636 -6.15663 -0.140061
    endloop
  endfacet
  facet normal 0.500154 0.865936 -0
    outer loop
      vertex 10.8134 -6.24314 -0.511834
      vertex 10.6617 -6.15552 -0.162469
      vertex 10.8134 -6.24314 -0.0102857
    endloop
  endfacet
  facet normal 0.500119 0.865957 -2.04189e-05
    outer loop
      vertex 10.6617 -6.15552 -0.162469
      vertex 10.8134 -6.24314 -0.511834
      vertex 10.6318 -6.13826 -0.511834
    endloop
  endfacet
  facet normal 0.499995 0.866028 -0
    outer loop
      vertex 10.6318 -6.13826 -0.511834
      vertex 9.09327 -5.25 -1.5
      vertex 10.6318 -6.13826 -0.167612
    endloop
  endfacet
  facet normal 0.500119 0.865957 -0.000255806
    outer loop
      vertex 10.8134 -6.24314 -0.511834
      vertex 9.09327 -5.25 -1.5
      vertex 10.6318 -6.13826 -0.511834
    endloop
  endfacet
  facet normal -0.931813 0.164298 0.323622
    outer loop
      vertex 9.57249 -5.52668 0.0202942
      vertex 9.09327 -5.25 -1.5
      vertex 8.81234 -6.84329 -1.5
    endloop
  endfacet
  facet normal -0.353558 -0.612372 0.707105
    outer loop
      vertex 9.57249 -5.52668 0.0202942
      vertex 9.15879 -7.04331 -1.5
      vertex 9.91893 -5.7267 0.0202942
    endloop
  endfacet
  facet normal -0.35355 -0.612375 0.707106
    outer loop
      vertex 9.15879 -7.04331 -1.5
      vertex 9.57249 -5.52668 0.0202942
      vertex 8.81234 -6.84329 -1.5
    endloop
  endfacet
  facet normal -0.931818 0.164311 0.323599
    outer loop
      vertex 10.3853 -5.99598 1.5
      vertex 9.15879 -7.04331 -1.5
      vertex 8.88534 -8.59406 -1.5
    endloop
  endfacet
  facet normal -0.931818 0.164328 0.323593
    outer loop
      vertex 10.3853 -5.99598 1.5
      vertex 9.91893 -5.7267 0.0202942
      vertex 9.15879 -7.04331 -1.5
    endloop
  endfacet
  facet normal 0.628271 -0.715503 0.305501
    outer loop
      vertex 10.3853 -5.99598 1.5
      vertex 9.94282 -7.22388 -0.465844
      vertex 10.6318 -6.13826 0.659838
    endloop
  endfacet
  facet normal 0.62831 -0.715479 0.305478
    outer loop
      vertex 10.3853 -5.99598 1.5
      vertex 9.88343 -7.29567 -0.511834
      vertex 9.94282 -7.22388 -0.465844
    endloop
  endfacet
  facet normal 0.628323 -0.715478 0.305452
    outer loop
      vertex 10.0753 -7.54904 -1.5
      vertex 10.4754 -6.77581 -0.511834
      vertex 9.88343 -7.29567 -0.511834
    endloop
  endfacet
  facet normal 0.628308 -0.71548 0.305479
    outer loop
      vertex 8.88534 -8.59406 -1.5
      vertex 9.88343 -7.29567 -0.511834
      vertex 10.3853 -5.99598 1.5
    endloop
  endfacet
  facet normal 0.628328 -0.715474 0.305452
    outer loop
      vertex 10.0753 -7.54904 -1.5
      vertex 9.88343 -7.29567 -0.511834
      vertex 8.88534 -8.59406 -1.5
    endloop
  endfacet
  facet normal 0.628326 -0.715477 0.30545
    outer loop
      vertex 10.4754 -6.77581 -0.511834
      vertex 10.0753 -7.54904 -1.5
      vertex 10.5694 -6.69326 -0.511834
    endloop
  endfacet
  facet normal 0.628418 -0.715418 0.305396
    outer loop
      vertex 10.5466 -6.4054 0.209381
      vertex 10.8134 -6.24314 0.0404915
      vertex 10.7094 -6.18307 0.395213
    endloop
  endfacet
  facet normal 0.62833 -0.71548 0.305434
    outer loop
      vertex 10.4754 -6.77581 -0.511834
      vertex 10.5466 -6.4054 0.209381
      vertex 9.94565 -7.22594 -0.476479
    endloop
  endfacet
  facet normal 0.628313 -0.715466 0.305501
    outer loop
      vertex 10.4754 -6.77581 -0.511834
      vertex 9.93202 -7.24121 -0.484225
      vertex 9.88343 -7.29567 -0.511834
    endloop
  endfacet
  facet normal 0.628418 -0.715419 0.305395
    outer loop
      vertex 10.5466 -6.4054 0.209381
      vertex 10.4754 -6.77581 -0.511834
      vertex 10.8134 -6.24314 0.0404915
    endloop
  endfacet
  facet normal 0.628411 -0.715613 0.304954
    outer loop
      vertex 9.93202 -7.24121 -0.484225
      vertex 10.4754 -6.77581 -0.511834
      vertex 9.94565 -7.22594 -0.476479
    endloop
  endfacet
  facet normal -0.866026 0.499999 1.3941e-05
    outer loop
      vertex 10.0753 -7.54904 -1.5
      vertex 9.8194 -7.9923 -0.511834
      vertex 10.5694 -6.69326 -0.511834
    endloop
  endfacet
  facet normal -0.866031 0.499989 7.96011e-06
    outer loop
      vertex 9.8194 -7.9923 -0.511834
      vertex 10.0753 -7.54904 -1.5
      vertex 9.32532 -8.84808 -1.5
    endloop
  endfacet
  facet normal -0.353537 -0.612383 0.707106
    outer loop
      vertex 10.2826 -7.47075 0.171443
      vertex 11.2653 -6.50402 1.5
      vertex 10.9951 -6.34803 1.5
    endloop
  endfacet
  facet normal -0.353562 -0.612368 0.707106
    outer loop
      vertex 9.76529 -9.1021 -1.5
      vertex 10.2826 -7.47075 0.171443
      vertex 9.84088 -8.0047 -0.511834
    endloop
  endfacet
  facet normal -0.353549 -0.612374 0.707108
    outer loop
      vertex 10.2826 -7.47075 0.171443
      vertex 9.76529 -9.1021 -1.5
      vertex 11.2653 -6.50402 1.5
    endloop
  endfacet
  facet normal -0.353521 -0.61239 0.707107
    outer loop
      vertex 9.32532 -8.84808 -1.5
      vertex 9.84088 -8.0047 -0.511834
      vertex 9.8194 -7.9923 -0.511834
    endloop
  endfacet
  facet normal -0.353556 -0.61237 0.707108
    outer loop
      vertex 9.84088 -8.0047 -0.511834
      vertex 9.32532 -8.84808 -1.5
      vertex 9.76529 -9.1021 -1.5
    endloop
  endfacet
  facet normal 0.608184 -0.724823 0.32364
    outer loop
      vertex 10.9716 -8.08991 -1.5
      vertex 11.7317 -6.7733 0.0202942
      vertex 9.76529 -9.1021 -1.5
    endloop
  endfacet
  facet normal 0.608205 -0.72482 0.323609
    outer loop
      vertex 11.7317 -6.7733 0.0202942
      vertex 11.2653 -6.50402 1.5
      vertex 9.76529 -9.1021 -1.5
    endloop
  endfacet
  facet normal -0.353591 -0.612358 0.707101
    outer loop
      vertex 11.7317 -6.7733 0.0202942
      vertex 11.318 -8.28993 -1.5
      vertex 12.0781 -6.97332 0.0202942
    endloop
  endfacet
  facet normal -0.353591 -0.612358 0.707101
    outer loop
      vertex 11.318 -8.28993 -1.5
      vertex 11.7317 -6.7733 0.0202942
      vertex 10.9716 -8.08991 -1.5
    endloop
  endfacet
  facet normal 0.608174 -0.724828 0.32365
    outer loop
      vertex 12.5574 -7.25 -1.5
      vertex 12.0781 -6.97332 0.0202942
      vertex 11.318 -8.28993 -1.5
    endloop
  endfacet
  facet normal -0.258822 0.965925 0
    outer loop
      vertex 4.97649 -1.08263 -0.1575
      vertex 4.1684 -1.29916 0.0202942
      vertex 4.97649 -1.08263 0.00407202
    endloop
  endfacet
  facet normal -0.258822 0.965925 2.45528e-07
    outer loop
      vertex 4.1684 -1.29916 0.0202942
      vertex 4.97649 -1.08263 -0.1575
      vertex 3.24749 -1.54592 -1.5
    endloop
  endfacet
  facet normal -0.258827 0.965924 -3.98393e-06
    outer loop
      vertex 6.57668 -0.65386 0.0202942
      vertex 7.11119 -0.51064 -1.5
      vertex 6.19028 -0.757399 0.0202942
    endloop
  endfacet
  facet normal -0.258815 0.965927 8.09054e-07
    outer loop
      vertex 6.19028 -0.757399 0.0202942
      vertex 5.38218 -0.973926 0.620036
      vertex 5.67007 -0.896788 1.5
    endloop
  endfacet
  facet normal -0.258816 0.965927 0
    outer loop
      vertex 5.38218 -0.973926 0.620036
      vertex 6.19028 -0.757399 0.0202942
      vertex 5.38218 -0.973926 0.00407207
    endloop
  endfacet
  facet normal -0.258813 0.965927 0
    outer loop
      vertex 5.38218 -0.973926 1.5
      vertex 5.67007 -0.896788 1.5
      vertex 5.38218 -0.973926 0.620036
    endloop
  endfacet
  facet normal -0.258816 0.965927 0
    outer loop
      vertex 6.19028 -0.757399 0.0202942
      vertex 5.38218 -0.973926 -0.157502
      vertex 5.38218 -0.973926 0.00407207
    endloop
  endfacet
  facet normal -0.258817 0.965926 2.82249e-06
    outer loop
      vertex 5.38218 -0.973926 -0.157502
      vertex 6.19028 -0.757399 0.0202942
      vertex 7.11119 -0.51064 -1.5
    endloop
  endfacet
  facet normal -0.258823 0.965925 1.53696e-06
    outer loop
      vertex 4.97649 -1.08263 0.620028
      vertex 4.1684 -1.29916 0.0202942
      vertex 4.68861 -1.15977 1.5
    endloop
  endfacet
  facet normal -0.258822 0.965925 0
    outer loop
      vertex 4.1684 -1.29916 0.0202942
      vertex 4.97649 -1.08263 0.620028
      vertex 4.97649 -1.08263 0.00407202
    endloop
  endfacet
  facet normal -0.258823 0.965925 1.58593e-05
    outer loop
      vertex 4.1684 -1.29916 0.0202942
      vertex 3.60301 -1.45065 -0.48877
      vertex 3.78199 -1.4027 0.0202942
    endloop
  endfacet
  facet normal -0.25881 0.965928 0
    outer loop
      vertex 4.1684 -1.29916 0.0202942
      vertex 3.60301 -1.45065 -0.511834
      vertex 3.60301 -1.45065 -0.48877
    endloop
  endfacet
  facet normal -0.259589 0.965719 0.000288474
    outer loop
      vertex 3.60301 -1.45065 -0.511834
      vertex 3.24749 -1.54592 -1.5
      vertex 3.5949 -1.45283 -0.511834
    endloop
  endfacet
  facet normal -0.258794 0.965933 -1.82473e-05
    outer loop
      vertex 3.24749 -1.54592 -1.5
      vertex 3.60301 -1.45065 -0.511834
      vertex 4.1684 -1.29916 0.0202942
    endloop
  endfacet
  facet normal -0.258833 0.965922 -2.7359e-05
    outer loop
      vertex 7.11119 -0.51064 -1.5
      vertex 5.17934 -1.02828 -0.511834
      vertex 5.38218 -0.973926 -0.511834
    endloop
  endfacet
  facet normal -0.25882 0.965926 1.12352e-16
    outer loop
      vertex 3.24749 -1.54592 -1.5
      vertex 5.17934 -1.02828 -0.511834
      vertex 7.11119 -0.51064 -1.5
    endloop
  endfacet
  facet normal -0.258819 0.965926 0
    outer loop
      vertex 7.11119 -0.51064 -1.5
      vertex 5.38218 -0.973926 -0.511834
      vertex 5.38218 -0.973926 -0.157502
    endloop
  endfacet
  facet normal -0.258822 0.965925 0
    outer loop
      vertex 4.97649 -1.08263 -0.511834
      vertex 3.24749 -1.54592 -1.5
      vertex 4.97649 -1.08263 -0.1575
    endloop
  endfacet
  facet normal -0.258804 0.96593 -3.48232e-05
    outer loop
      vertex 5.17934 -1.02828 -0.511834
      vertex 3.24749 -1.54592 -1.5
      vertex 4.97649 -1.08263 -0.511834
    endloop
  endfacet
  facet normal -0.774868 -0.543027 0.323576
    outer loop
      vertex 3.5949 -1.45283 -0.511834
      vertex 3.24749 -1.54592 -1.5
      vertex 3.60804 -1.47158 -0.511834
    endloop
  endfacet
  facet normal -0.77526 -0.542415 0.323662
    outer loop
      vertex 3.60551 -1.45835 -0.495686
      vertex 3.78199 -1.4027 0.0202942
      vertex 3.60301 -1.45065 -0.48877
    endloop
  endfacet
  facet normal -0.774802 -0.543117 0.323581
    outer loop
      vertex 3.60804 -1.47158 -0.511834
      vertex 3.78199 -1.4027 0.0202942
      vertex 3.60551 -1.45835 -0.495686
    endloop
  endfacet
  facet normal -0.775071 -0.542712 0.323617
    outer loop
      vertex 3.60804 -1.47158 -0.511834
      vertex 4.17547 -2.87119 -1.5
      vertex 3.78199 -1.4027 0.0202942
    endloop
  endfacet
  facet normal -0.775065 -0.542716 0.323625
    outer loop
      vertex 4.17547 -2.87119 -1.5
      vertex 3.60804 -1.47158 -0.511834
      vertex 3.24749 -1.54592 -1.5
    endloop
  endfacet
  facet normal 0.183016 -0.683012 0.707106
    outer loop
      vertex 4.17547 -2.87119 -1.5
      vertex 4.56188 -2.76765 -1.5
      vertex 4.1684 -1.29916 0.0202942
    endloop
  endfacet
  facet normal 0.183016 -0.683012 0.707106
    outer loop
      vertex 4.17547 -2.87119 -1.5
      vertex 4.1684 -1.29916 0.0202942
      vertex 3.78199 -1.4027 0.0202942
    endloop
  endfacet
  facet normal -0.775084 -0.542714 0.323583
    outer loop
      vertex 5.44203 -3.97159 -1.41101
      vertex 4.56188 -2.76765 -1.5
      vertex 5.31582 -3.8444 -1.5
    endloop
  endfacet
  facet normal -0.775078 -0.542707 0.323611
    outer loop
      vertex 4.56188 -2.76765 -1.5
      vertex 5.44203 -3.97159 -1.41101
      vertex 4.68861 -1.15977 1.5
    endloop
  endfacet
  facet normal -0.775102 -0.542675 0.323606
    outer loop
      vertex 5.43245 -3.98817 -1.46176
      vertex 5.46506 -4.05755 -1.5
      vertex 5.44203 -3.97159 -1.41101
    endloop
  endfacet
  facet normal -0.775145 -0.542656 0.323535
    outer loop
      vertex 5.46506 -4.05755 -1.5
      vertex 5.43245 -3.98817 -1.46176
      vertex 5.42524 -4.00067 -1.5
    endloop
  endfacet
  facet normal -0.775076 -0.542709 0.323612
    outer loop
      vertex 4.56188 -2.76765 -1.5
      vertex 4.68861 -1.15977 1.5
      vertex 4.1684 -1.29916 0.0202942
    endloop
  endfacet
  facet normal 0.940151 -0.175319 0.292198
    outer loop
      vertex 4.97649 -1.08263 0.620028
      vertex 4.68861 -1.15977 1.5
      vertex 4.97649 -1.08264 0.620022
    endloop
  endfacet
  facet normal 0.950205 -0.0616373 0.30547
    outer loop
      vertex 5.42736 -2.92359 -1.15393
      vertex 5.17934 -1.02828 0
      vertex 4.97649 -1.08264 0.620022
    endloop
  endfacet
  facet normal 0.950211 -0.0616211 0.305455
    outer loop
      vertex 5.42736 -2.92359 -1.15393
      vertex 4.97649 -1.08264 0.620022
      vertex 4.68861 -1.15977 1.5
    endloop
  endfacet
  facet normal 0.950211 -0.0616263 0.305454
    outer loop
      vertex 5.17934 -1.02828 0
      vertex 5.42736 -2.92359 -1.15393
      vertex 5.56756 -2.47717 -1.5
    endloop
  endfacet
  facet normal 0.950206 -0.0616109 0.305472
    outer loop
      vertex 5.56756 -2.47717 -1.5
      vertex 5.42736 -2.92359 -1.15393
      vertex 5.55372 -2.69062 -1.5
    endloop
  endfacet
  facet normal 0.950207 -0.0616173 0.305468
    outer loop
      vertex 5.4347 -3.44759 -1.28247
      vertex 5.53096 -3.04156 -1.5
      vertex 5.47443 -2.97719 -1.31117
    endloop
  endfacet
  facet normal 0.950212 -0.0616187 0.305452
    outer loop
      vertex 5.4347 -3.44759 -1.28247
      vertex 5.47443 -2.97719 -1.31117
      vertex 5.42736 -2.92359 -1.15393
    endloop
  endfacet
  facet normal 0.950211 -0.0616193 0.305454
    outer loop
      vertex 5.4347 -3.44759 -1.28247
      vertex 5.42736 -2.92359 -1.15393
      vertex 4.68861 -1.15977 1.5
    endloop
  endfacet
  facet normal 0.950215 -0.0616353 0.305438
    outer loop
      vertex 5.53096 -3.04156 -1.5
      vertex 5.4347 -3.44759 -1.28247
      vertex 5.50586 -3.42852 -1.5
    endloop
  endfacet
  facet normal 0.950204 -0.0616416 0.305471
    outer loop
      vertex 5.4347 -3.44759 -1.28247
      vertex 4.68861 -1.15977 1.5
      vertex 5.44203 -3.97159 -1.41101
    endloop
  endfacet
  facet normal 0.950159 -0.0617451 0.305591
    outer loop
      vertex 5.45393 -3.98636 -1.45101
      vertex 5.46506 -4.05755 -1.5
      vertex 5.46851 -4.00446 -1.5
    endloop
  endfacet
  facet normal 0.950212 -0.0616384 0.305448
    outer loop
      vertex 5.46506 -4.05755 -1.5
      vertex 5.45393 -3.98636 -1.45101
      vertex 5.44203 -3.97159 -1.41101
    endloop
  endfacet
  facet normal -0.965925 -0.258823 1.01716e-05
    outer loop
      vertex 5.66978 -2.85863 -0.902965
      vertex 5.17934 -1.02828 0
      vertex 5.56756 -2.47717 -1.5
    endloop
  endfacet
  facet normal -0.965915 -0.258861 -1.55156e-05
    outer loop
      vertex 5.66978 -2.85863 -0.902965
      vertex 5.56756 -2.47717 -1.5
      vertex 5.61354 -2.64874 -1.5
    endloop
  endfacet
  facet normal -0.965926 -0.258819 0
    outer loop
      vertex 5.17934 -1.02828 0
      vertex 5.66978 -2.85863 -0.902965
      vertex 5.17934 -1.02828 1.5
    endloop
  endfacet
  facet normal -0.965928 -0.258812 -9.08061e-06
    outer loop
      vertex 5.80127 -3.34936 -1.5
      vertex 5.69595 -2.9563 -1.20148
      vertex 5.72212 -3.05396 -1.5
    endloop
  endfacet
  facet normal -0.965926 -0.258819 -0
    outer loop
      vertex 5.80127 -3.34936 -0.902966
      vertex 5.69595 -2.9563 -1.20148
      vertex 5.80127 -3.34936 -1.5
    endloop
  endfacet
  facet normal -0.965926 -0.258818 1.47833e-06
    outer loop
      vertex 5.69595 -2.9563 -1.20148
      vertex 5.80127 -3.34936 -0.902966
      vertex 5.66978 -2.85863 -0.902965
    endloop
  endfacet
  facet normal -0.965926 -0.258818 -7.36974e-07
    outer loop
      vertex 5.66978 -2.85863 -0.902965
      vertex 5.80127 -3.34936 -0.902966
      vertex 5.17934 -1.02828 1.5
    endloop
  endfacet
  facet normal 0.190364 -0.710467 0.677494
    outer loop
      vertex 5.67007 -0.896788 1.5
      vertex 5.38218 -0.973926 1.5
      vertex 5.38219 -0.973971 1.49995
    endloop
  endfacet
  facet normal 0.183 -0.683017 0.707106
    outer loop
      vertex 5.38219 -0.973971 1.49995
      vertex 6.16051 -2.72714 -0.394924
      vertex 5.67007 -0.896788 1.5
    endloop
  endfacet
  facet normal 0.183035 -0.683005 0.707109
    outer loop
      vertex 5.17934 -1.02828 1.5
      vertex 6.16051 -2.72714 -0.394924
      vertex 5.38219 -0.973971 1.49995
    endloop
  endfacet
  facet normal 0.183013 -0.683014 0.707106
    outer loop
      vertex 6.16051 -2.72714 -0.394924
      vertex 5.17934 -1.02828 1.5
      vertex 5.80127 -3.34936 -0.902966
    endloop
  endfacet
  facet normal 0.18301 -0.683013 0.707107
    outer loop
      vertex 6.292 -3.21787 -0.902965
      vertex 6.16051 -2.72714 -0.394924
      vertex 5.80127 -3.34936 -0.902966
    endloop
  endfacet
  facet normal 0.942587 -0.0824706 0.323618
    outer loop
      vertex 6.19028 -0.757399 0.0202942
      vertex 6.51101 -2.12006 -1.26114
      vertex 6.54133 -2.06755 -1.33607
    endloop
  endfacet
  facet normal 0.94259 -0.0824634 0.323611
    outer loop
      vertex 6.51101 -2.12006 -1.26114
      vertex 6.19028 -0.757399 0.0202942
      vertex 6.33148 -2.43101 -0.817456
    endloop
  endfacet
  facet normal 0.942595 -0.0824291 0.323604
    outer loop
      vertex 6.39553 -3.19013 -1.19744
      vertex 6.50686 -3.10485 -1.5
      vertex 6.37632 -2.96249 -1.0835
    endloop
  endfacet
  facet normal 0.942596 -0.0825062 0.323582
    outer loop
      vertex 6.50686 -3.10485 -1.5
      vertex 6.39553 -3.19013 -1.19744
      vertex 6.50189 -3.16163 -1.5
    endloop
  endfacet
  facet normal 0.94259 -0.0824628 0.323612
    outer loop
      vertex 6.16051 -2.72714 -0.394924
      vertex 6.19028 -0.757399 0.0202942
      vertex 5.67007 -0.896788 1.5
    endloop
  endfacet
  facet normal 0.942591 -0.0824623 0.323609
    outer loop
      vertex 6.19028 -0.757399 0.0202942
      vertex 6.16051 -2.72714 -0.394924
      vertex 6.33148 -2.43101 -0.817456
    endloop
  endfacet
  facet normal 0.942598 -0.0824692 0.323587
    outer loop
      vertex 6.292 -3.21787 -0.902965
      vertex 6.37632 -2.96249 -1.0835
      vertex 6.31693 -2.89772 -0.893992
    endloop
  endfacet
  facet normal 0.942587 -0.0824692 0.323617
    outer loop
      vertex 6.292 -3.21787 -0.902965
      vertex 6.31693 -2.89772 -0.893992
      vertex 6.16051 -2.72714 -0.394924
    endloop
  endfacet
  facet normal 0.942587 -0.0824399 0.323624
    outer loop
      vertex 6.37632 -2.96249 -1.0835
      vertex 6.292 -3.21787 -0.902965
      vertex 6.39553 -3.19013 -1.19744
    endloop
  endfacet
  facet normal 0.18303 -0.68301 0.707105
    outer loop
      vertex 6.74112 -1.72149 -1.05352
      vertex 6.57668 -0.65386 0.0202942
      vertex 6.58272 -1.99585 -1.27753
    endloop
  endfacet
  facet normal 0.182991 -0.683018 0.707107
    outer loop
      vertex 6.8242 -1.5776 -0.936032
      vertex 6.57668 -0.65386 0.0202942
      vertex 6.74112 -1.72149 -1.05352
    endloop
  endfacet
  facet normal -0.965925 -0.258824 0
    outer loop
      vertex 6.57668 -0.65386 0.0202942
      vertex 6.8242 -1.5776 -0.936032
      vertex 6.8242 -1.5776 -0.936031
    endloop
  endfacet
  facet normal 0.183018 -0.683011 0.707107
    outer loop
      vertex 6.19028 -0.757399 0.0202942
      vertex 6.58272 -1.99585 -1.27753
      vertex 6.57668 -0.65386 0.0202942
    endloop
  endfacet
  facet normal 0.183062 -0.682999 0.707108
    outer loop
      vertex 6.54133 -2.06755 -1.33607
      vertex 6.58272 -1.99585 -1.27753
      vertex 6.19028 -0.757399 0.0202942
    endloop
  endfacet
  facet normal 0.942583 -0.0824739 0.323627
    outer loop
      vertex 6.8242 -1.5776 -0.936031
      vertex 7.11119 -0.51064 -1.5
      vertex 6.57668 -0.65386 0.0202942
    endloop
  endfacet
  facet normal 0.942584 -0.0824745 0.323626
    outer loop
      vertex 7.11119 -0.51064 -1.5
      vertex 6.8242 -1.5776 -0.936031
      vertex 7.05242 -1.18231 -1.5
    endloop
  endfacet
  facet normal 0 0 -1
    outer loop
      vertex -2.96255 -2.03945 -1.5
      vertex -4.67779 -2.56688 -1.5
      vertex -4.57426 -2.18047 -1.5
    endloop
  endfacet
  facet normal 0 0 -1
    outer loop
      vertex -2.96255 -2.03945 -1.5
      vertex -4.92907 -3.58307 -1.5
      vertex -4.67779 -2.56688 -1.5
    endloop
  endfacet
  facet normal 0 0 -1
    outer loop
      vertex -6.03497 -4.22156 -1.5
      vertex -4.55012 -5.51642 -1.5
      vertex -4.49135 -6.18809 -1.5
    endloop
  endfacet
  facet normal 0 -0 -1
    outer loop
      vertex -5.94231 -4.08268 -1.5
      vertex -4.55012 -5.51642 -1.5
      vertex -6.03497 -4.22156 -1.5
    endloop
  endfacet
  facet normal 0 0 -1
    outer loop
      vertex -5.50586 -3.42852 -1.5
      vertex -5.10701 -3.46435 -1.5
      vertex -5.10064 -3.5371 -1.5
    endloop
  endfacet
  facet normal -0 0 -1
    outer loop
      vertex -4.92907 -3.58307 -1.5
      vertex -5.94231 -4.08268 -1.5
      vertex -5.10064 -3.5371 -1.5
    endloop
  endfacet
  facet normal 0 0 -1
    outer loop
      vertex -5.10701 -3.46435 -1.5
      vertex -5.50586 -3.42852 -1.5
      vertex -5.39955 -3.26917 -1.5
    endloop
  endfacet
  facet normal -0 0 -1
    outer loop
      vertex -5.10064 -3.5371 -1.5
      vertex -5.94231 -4.08268 -1.5
      vertex -5.50586 -3.42852 -1.5
    endloop
  endfacet
  facet normal 0 0 -1
    outer loop
      vertex -5.989 -4.04999 -1.5
      vertex -5.50586 -3.42852 -1.5
      vertex -5.94231 -4.08268 -1.5
    endloop
  endfacet
  facet normal 0 0 -1
    outer loop
      vertex -4.55012 -5.51642 -1.5
      vertex -5.94231 -4.08268 -1.5
      vertex -4.92907 -3.58307 -1.5
    endloop
  endfacet
  facet normal -0 0 -1
    outer loop
      vertex -5.98726 -2.68143 -1.5
      vertex -6.1773 -2.69806 -1.5
      vertex -6.13748 -2.64118 -1.5
    endloop
  endfacet
  facet normal 0 0 -1
    outer loop
      vertex -5.989 -4.04999 -1.5
      vertex -6.20221 -2.73364 -1.5
      vertex -6.1773 -2.69806 -1.5
    endloop
  endfacet
  facet normal 0 0 -1
    outer loop
      vertex -5.989 -4.04999 -1.5
      vertex -7.04066 -3.93108 -1.5
      vertex -6.20221 -2.73364 -1.5
    endloop
  endfacet
  facet normal 0 0 -1
    outer loop
      vertex -8.35505 -5.15281 -1.5
      vertex -6.03497 -4.22156 -1.5
      vertex -4.49135 -6.18809 -1.5
    endloop
  endfacet
  facet normal -0 0 -1
    outer loop
      vertex -6.03497 -4.22156 -1.5
      vertex -8.35505 -5.15281 -1.5
      vertex -7.04066 -3.93108 -1.5
    endloop
  endfacet
  facet normal -0 0 -1
    outer loop
      vertex -7.04066 -3.93108 -1.5
      vertex -8.35505 -5.15281 -1.5
      vertex -7.42707 -3.82754 -1.5
    endloop
  endfacet
  facet normal 0 0 -1
    outer loop
      vertex -4.92907 -3.58307 -1.5
      vertex -3.99782 -5.90315 -1.5
      vertex -4.55012 -5.51642 -1.5
    endloop
  endfacet
  facet normal 0 0 -1
    outer loop
      vertex -3.99782 -5.90315 -1.5
      vertex -4.92907 -3.58307 -1.5
      vertex -2.96255 -2.03945 -1.5
    endloop
  endfacet
  facet normal 0 0 -1
    outer loop
      vertex -5.10701 -3.46435 -1.5
      vertex -4.67779 -2.56688 -1.5
      vertex -4.92907 -3.58307 -1.5
    endloop
  endfacet
  facet normal 0 0 -1
    outer loop
      vertex -5.39955 -3.26917 -1.5
      vertex -4.67779 -2.56688 -1.5
      vertex -5.10701 -3.46435 -1.5
    endloop
  endfacet
  facet normal 0 0 -1
    outer loop
      vertex -5.72212 -3.05396 -1.5
      vertex -4.67779 -2.56688 -1.5
      vertex -5.39955 -3.26917 -1.5
    endloop
  endfacet
  facet normal 0 0 -1
    outer loop
      vertex -5.72212 -3.05396 -1.5
      vertex -5.98726 -2.68143 -1.5
      vertex -4.67779 -2.56688 -1.5
    endloop
  endfacet
  facet normal 0 0 -1
    outer loop
      vertex -6.1773 -2.69806 -1.5
      vertex -5.72212 -3.05396 -1.5
      vertex -5.80127 -3.34936 -1.5
    endloop
  endfacet
  facet normal -0 0 -1
    outer loop
      vertex -5.50586 -3.42852 -1.5
      vertex -5.989 -4.04999 -1.5
      vertex -5.80127 -3.34936 -1.5
    endloop
  endfacet
  facet normal 0 0 -1
    outer loop
      vertex -6.1773 -2.69806 -1.5
      vertex -5.80127 -3.34936 -1.5
      vertex -5.989 -4.04999 -1.5
    endloop
  endfacet
  facet normal 0 0 -1
    outer loop
      vertex -7.04066 -3.93108 -1.5
      vertex -5.989 -4.04999 -1.5
      vertex -6.03497 -4.22156 -1.5
    endloop
  endfacet
  facet normal 0 0 -1
    outer loop
      vertex -5.72212 -3.05396 -1.5
      vertex -6.1773 -2.69806 -1.5
      vertex -5.98726 -2.68143 -1.5
    endloop
  endfacet
  facet normal 0 0 -1
    outer loop
      vertex -6.1773 -2.69806 -1.5
      vertex -6.20221 -2.73364 -1.5
      vertex -6.24647 -2.70411 -1.5
    endloop
  endfacet
  facet normal 0.965926 -0.258818 -4.13278e-06
    outer loop
      vertex -2.96255 -2.03945 -1.5
      vertex -3.2093 -2.96036 0.0202942
      vertex -3.48018 -3.9713 0
    endloop
  endfacet
  facet normal 0.965923 -0.258829 4.86282e-06
    outer loop
      vertex -3.75106 -4.98224 0.0202942
      vertex -3.8546 -5.36864 0.0202942
      vertex -3.99782 -5.90315 -1.5
    endloop
  endfacet
  facet normal 0.965926 -0.258819 -2.83279e-07
    outer loop
      vertex -3.48018 -3.9713 0
      vertex -3.61167 -4.46203 1.5
      vertex -3.75106 -4.98224 0.0202942
    endloop
  endfacet
  facet normal 0.965926 -0.258818 0
    outer loop
      vertex -3.48018 -3.9713 0
      vertex -3.48018 -3.9713 1.5
      vertex -3.61167 -4.46203 1.5
    endloop
  endfacet
  facet normal 0.965926 -0.258819 -2.14444e-06
    outer loop
      vertex -3.48018 -3.9713 0
      vertex -3.75106 -4.98224 0.0202942
      vertex -3.99782 -5.90315 -1.5
    endloop
  endfacet
  facet normal 0.965926 -0.258819 2.83279e-07
    outer loop
      vertex -3.2093 -2.96036 0.0202942
      vertex -3.34869 -3.48057 1.5
      vertex -3.48018 -3.9713 0
    endloop
  endfacet
  facet normal 0.965931 -0.2588 6.99061e-06
    outer loop
      vertex -3.2093 -2.96036 0.0202942
      vertex -3.05755 -2.39399 -0.491557
      vertex -3.10577 -2.57395 0.0202942
    endloop
  endfacet
  facet normal 0.965851 -0.259098 -0.000105896
    outer loop
      vertex -3.05755 -2.39399 -0.511834
      vertex -2.96255 -2.03945 -1.5
      vertex -3.05564 -2.38687 -0.511834
    endloop
  endfacet
  facet normal 0.965932 -0.258797 9.64612e-06
    outer loop
      vertex -3.05755 -2.39399 -0.511834
      vertex -3.2093 -2.96036 0.0202942
      vertex -2.96255 -2.03945 -1.5
    endloop
  endfacet
  facet normal 0.965929 -0.258806 0
    outer loop
      vertex -3.05755 -2.39399 -0.491557
      vertex -3.2093 -2.96036 0.0202942
      vertex -3.05755 -2.39399 -0.511834
    endloop
  endfacet
  facet normal 0.965926 -0.258818 -3.21975e-06
    outer loop
      vertex -2.96255 -2.03945 -1.5
      vertex -3.48018 -3.9713 0
      vertex -3.99782 -5.90315 -1.5
    endloop
  endfacet
  facet normal -0.0822057 0.942597 0.323655
    outer loop
      vertex -3.05564 -2.38687 -0.511834
      vertex -2.96255 -2.03945 -1.5
      vertex -3.07777 -2.3888 -0.511834
    endloop
  endfacet
  facet normal -0.0825915 0.942577 0.323617
    outer loop
      vertex -3.07777 -2.3888 -0.511834
      vertex -3.10577 -2.57395 0.0202942
      vertex -3.05755 -2.39399 -0.491557
    endloop
  endfacet
  facet normal -0.0824775 0.942584 0.323625
    outer loop
      vertex -3.07777 -2.3888 -0.511834
      vertex -4.57426 -2.18047 -1.5
      vertex -3.10577 -2.57395 0.0202942
    endloop
  endfacet
  facet normal -0.0824736 0.942586 0.32362
    outer loop
      vertex -4.57426 -2.18047 -1.5
      vertex -3.07777 -2.3888 -0.511834
      vertex -2.96255 -2.03945 -1.5
    endloop
  endfacet
  facet normal -0.683017 0.182999 0.707106
    outer loop
      vertex -3.2093 -2.96036 0.0202942
      vertex -4.57426 -2.18047 -1.5
      vertex -4.67779 -2.56688 -1.5
    endloop
  endfacet
  facet normal -0.683017 0.182999 0.707106
    outer loop
      vertex -3.2093 -2.96036 0.0202942
      vertex -3.10577 -2.57395 0.0202942
      vertex -4.57426 -2.18047 -1.5
    endloop
  endfacet
  facet normal -0.0824576 0.942591 0.32361
    outer loop
      vertex -4.67779 -2.56688 -1.5
      vertex -6.16051 -2.72714 -1.41101
      vertex -3.34869 -3.48057 1.5
    endloop
  endfacet
  facet normal -0.0824554 0.942583 0.323633
    outer loop
      vertex -6.16051 -2.72714 -1.41101
      vertex -4.67779 -2.56688 -1.5
      vertex -5.98726 -2.68143 -1.5
    endloop
  endfacet
  facet normal -0.0824496 0.942651 0.323436
    outer loop
      vertex -6.24647 -2.70411 -1.5
      vertex -6.17009 -2.71055 -1.46176
      vertex -6.1773 -2.69806 -1.5
    endloop
  endfacet
  facet normal -0.082594 0.942546 0.323706
    outer loop
      vertex -6.17009 -2.71055 -1.46176
      vertex -6.24647 -2.70411 -1.5
      vertex -6.16051 -2.72714 -1.41101
    endloop
  endfacet
  facet normal -0.0824622 0.94259 0.323612
    outer loop
      vertex -3.34869 -3.48057 1.5
      vertex -3.2093 -2.96036 0.0202942
      vertex -4.67779 -2.56688 -1.5
    endloop
  endfacet
  facet normal -0.528476 -0.79209 0.305461
    outer loop
      vertex -3.34869 -3.48057 1.5
      vertex -5.24558 -3.23844 -1.15393
      vertex -3.48018 -3.9713 0
    endloop
  endfacet
  facet normal -0.528476 -0.79209 0.305461
    outer loop
      vertex -3.34869 -3.48057 1.5
      vertex -5.70305 -2.98279 -1.28247
      vertex -5.24558 -3.23844 -1.15393
    endloop
  endfacet
  facet normal -0.528485 -0.792081 0.30547
    outer loop
      vertex -5.70305 -2.98279 -1.28247
      vertex -3.34869 -3.48057 1.5
      vertex -6.16051 -2.72714 -1.41101
    endloop
  endfacet
  facet normal -0.528476 -0.792091 0.305459
    outer loop
      vertex -4.92907 -3.58307 -1.5
      vertex -5.24558 -3.23844 -1.15393
      vertex -5.10701 -3.46435 -1.5
    endloop
  endfacet
  facet normal -0.528476 -0.792091 0.30546
    outer loop
      vertex -5.24558 -3.23844 -1.15393
      vertex -4.92907 -3.58307 -1.5
      vertex -3.48018 -3.9713 0
    endloop
  endfacet
  facet normal -0.528462 -0.792092 0.30548
    outer loop
      vertex -5.39955 -3.26917 -1.5
      vertex -5.70305 -2.98279 -1.28247
      vertex -5.72212 -3.05396 -1.5
    endloop
  endfacet
  facet normal -0.528476 -0.792091 0.305459
    outer loop
      vertex -5.70305 -2.98279 -1.28247
      vertex -5.39955 -3.26917 -1.5
      vertex -5.24558 -3.23844 -1.15393
    endloop
  endfacet
  facet normal -0.528529 -0.792015 0.305565
    outer loop
      vertex -6.24647 -2.70411 -1.5
      vertex -6.17926 -2.73006 -1.45101
      vertex -6.16051 -2.72714 -1.41101
    endloop
  endfacet
  facet normal -0.528478 -0.792091 0.305455
    outer loop
      vertex -6.17926 -2.73006 -1.45101
      vertex -6.24647 -2.70411 -1.5
      vertex -6.20221 -2.73364 -1.5
    endloop
  endfacet
  facet normal 0.258825 0.965924 -4.99864e-06
    outer loop
      vertex -4.92907 -3.58307 -1.5
      vertex -5.31054 -3.48085 -0.902965
      vertex -3.48018 -3.9713 0
    endloop
  endfacet
  facet normal 0.258808 0.965929 -1.61203e-05
    outer loop
      vertex -5.31054 -3.48085 -0.902965
      vertex -4.92907 -3.58307 -1.5
      vertex -5.10064 -3.5371 -1.5
    endloop
  endfacet
  facet normal 0.258822 0.965925 0
    outer loop
      vertex -5.31054 -3.48085 -0.902965
      vertex -3.48018 -3.9713 1.5
      vertex -3.48018 -3.9713 0
    endloop
  endfacet
  facet normal 0.258818 0.965926 3.67962e-06
    outer loop
      vertex -5.31054 -3.48085 -0.902965
      vertex -5.80127 -3.34936 -0.902965
      vertex -3.48018 -3.9713 1.5
    endloop
  endfacet
  facet normal 0.258818 0.965926 -8.98693e-06
    outer loop
      vertex -5.50586 -3.42852 -1.5
      vertex -5.80127 -3.34936 -0.902965
      vertex -5.31054 -3.48085 -0.902965
    endloop
  endfacet
  facet normal 0.258835 0.965922 0
    outer loop
      vertex -5.80127 -3.34936 -0.902965
      vertex -5.50586 -3.42852 -1.5
      vertex -5.80127 -3.34936 -1.5
    endloop
  endfacet
  facet normal -0.683012 0.183012 0.707107
    outer loop
      vertex -3.48018 -3.9713 1.5
      vertex -5.44203 -3.97159 -0.394924
      vertex -3.61167 -4.46203 1.5
    endloop
  endfacet
  facet normal -0.683013 0.18301 0.707108
    outer loop
      vertex -5.80127 -3.34936 -0.902965
      vertex -5.44203 -3.97159 -0.394924
      vertex -3.48018 -3.9713 1.5
    endloop
  endfacet
  facet normal -0.683011 0.183011 0.707109
    outer loop
      vertex -5.44203 -3.97159 -0.394924
      vertex -5.80127 -3.34936 -0.902965
      vertex -5.93276 -3.84009 -0.902965
    endloop
  endfacet
  facet normal -0.542709 -0.775079 0.323605
    outer loop
      vertex -5.09153 -4.57866 -1.26114
      vertex -3.75106 -4.98224 0.0202942
      vertex -5.27106 -4.26771 -0.817456
    endloop
  endfacet
  facet normal -0.54273 -0.775051 0.323636
    outer loop
      vertex -3.75106 -4.98224 0.0202942
      vertex -5.09153 -4.57866 -1.26114
      vertex -5.06121 -4.63118 -1.33607
    endloop
  endfacet
  facet normal -0.542682 -0.775093 0.323616
    outer loop
      vertex -5.94231 -4.08268 -1.5
      vertex -5.9605 -3.94362 -1.19744
      vertex -5.989 -4.04999 -1.5
    endloop
  endfacet
  facet normal -0.542715 -0.775074 0.323605
    outer loop
      vertex -5.9605 -3.94362 -1.19744
      vertex -5.94231 -4.08268 -1.5
      vertex -5.75376 -4.04081 -1.0835
    endloop
  endfacet
  facet normal -0.542707 -0.775077 0.323612
    outer loop
      vertex -5.44203 -3.97159 -0.394924
      vertex -3.75106 -4.98224 0.0202942
      vertex -3.61167 -4.46203 1.5
    endloop
  endfacet
  facet normal -0.542707 -0.775083 0.323599
    outer loop
      vertex -3.75106 -4.98224 0.0202942
      vertex -5.44203 -3.97159 -0.394924
      vertex -5.27106 -4.26771 -0.817456
    endloop
  endfacet
  facet normal -0.542723 -0.775065 0.323614
    outer loop
      vertex -5.93276 -3.84009 -0.902965
      vertex -5.75376 -4.04081 -1.0835
      vertex -5.44203 -3.97159 -0.394924
    endloop
  endfacet
  facet normal -0.542719 -0.775066 0.323619
    outer loop
      vertex -5.75376 -4.04081 -1.0835
      vertex -5.93276 -3.84009 -0.902965
      vertex -5.9605 -3.94362 -1.19744
    endloop
  endfacet
  facet normal -0.683 0.183059 0.707107
    outer loop
      vertex -3.8546 -5.36864 0.0202942
      vertex -4.86141 -4.97724 -1.05352
      vertex -4.77834 -5.12113 -0.936031
    endloop
  endfacet
  facet normal -0.683031 0.182967 0.707101
    outer loop
      vertex -4.86141 -4.97724 -1.05352
      vertex -3.8546 -5.36864 0.0202942
      vertex -5.01982 -4.70288 -1.27753
    endloop
  endfacet
  facet normal -0.683009 0.18302 0.707109
    outer loop
      vertex -3.75106 -4.98224 0.0202942
      vertex -5.01982 -4.70288 -1.27753
      vertex -3.8546 -5.36864 0.0202942
    endloop
  endfacet
  facet normal -0.683002 0.18305 0.707108
    outer loop
      vertex -5.01982 -4.70288 -1.27753
      vertex -3.75106 -4.98224 0.0202942
      vertex -5.06121 -4.63118 -1.33607
    endloop
  endfacet
  facet normal -0.542714 -0.775065 0.32363
    outer loop
      vertex -3.99782 -5.90315 -1.5
      vertex -4.77834 -5.12113 -0.936031
      vertex -4.55012 -5.51642 -1.5
    endloop
  endfacet
  facet normal -0.542716 -0.775065 0.323627
    outer loop
      vertex -4.77834 -5.12113 -0.936031
      vertex -3.99782 -5.90315 -1.5
      vertex -3.8546 -5.36864 0.0202942
    endloop
  endfacet
  facet normal -0.258819 -0.965926 2.14444e-06
    outer loop
      vertex -4.49135 -6.18809 -1.5
      vertex -5.41226 -5.94133 0.0202942
      vertex -6.4232 -5.67045 0
    endloop
  endfacet
  facet normal -0.258823 -0.965925 8.05353e-07
    outer loop
      vertex -7.43414 -5.39957 0.0202942
      vertex -7.82055 -5.29603 0.0202942
      vertex -8.35505 -5.15281 -1.5
    endloop
  endfacet
  facet normal -0.258819 -0.965926 -2.83279e-07
    outer loop
      vertex -6.4232 -5.67045 0
      vertex -6.91393 -5.53896 1.5
      vertex -7.43414 -5.39957 0.0202942
    endloop
  endfacet
  facet normal -0.258818 -0.965926 0
    outer loop
      vertex -6.4232 -5.67045 0
      vertex -6.4232 -5.67045 1.5
      vertex -6.91393 -5.53896 1.5
    endloop
  endfacet
  facet normal -0.258819 -0.965926 -2.14444e-06
    outer loop
      vertex -6.4232 -5.67045 0
      vertex -7.43414 -5.39957 0.0202942
      vertex -8.35505 -5.15281 -1.5
    endloop
  endfacet
  facet normal -0.258819 -0.965926 2.83279e-07
    outer loop
      vertex -5.41226 -5.94133 0.0202942
      vertex -5.93247 -5.80194 1.5
      vertex -6.4232 -5.67045 0
    endloop
  endfacet
  facet normal -0.258829 -0.965923 -4.86282e-06
    outer loop
      vertex -4.49135 -6.18809 -1.5
      vertex -5.02586 -6.04487 0.0202942
      vertex -5.41226 -5.94133 0.0202942
    endloop
  endfacet
  facet normal -0.25882 -0.965926 1.4803e-16
    outer loop
      vertex -4.49135 -6.18809 -1.5
      vertex -6.4232 -5.67045 0
      vertex -8.35505 -5.15281 -1.5
    endloop
  endfacet
  facet normal 0.942583 0.0824739 0.323627
    outer loop
      vertex -4.49135 -6.18809 -1.5
      vertex -4.77834 -5.12113 -0.936031
      vertex -5.02586 -6.04487 0.0202942
    endloop
  endfacet
  facet normal 0.942584 0.0824745 0.323626
    outer loop
      vertex -4.77834 -5.12113 -0.936031
      vertex -4.49135 -6.18809 -1.5
      vertex -4.55012 -5.51642 -1.5
    endloop
  endfacet
  facet normal 0.183062 0.682999 0.707107
    outer loop
      vertex -5.41226 -5.94133 0.0202942
      vertex -5.01982 -4.70288 -1.27753
      vertex -5.06121 -4.63118 -1.33607
    endloop
  endfacet
  facet normal 0.18302 0.683011 0.707106
    outer loop
      vertex -5.01982 -4.70288 -1.27753
      vertex -5.41226 -5.94133 0.0202942
      vertex -4.86141 -4.97724 -1.05352
    endloop
  endfacet
  facet normal 0.183006 0.683017 0.707104
    outer loop
      vertex -5.41226 -5.94133 0.0202942
      vertex -4.77834 -5.12113 -0.936031
      vertex -4.86141 -4.97724 -1.05352
    endloop
  endfacet
  facet normal 0.18302 0.68301 0.707108
    outer loop
      vertex -4.77834 -5.12113 -0.936031
      vertex -5.41226 -5.94133 0.0202942
      vertex -5.02586 -6.04487 0.0202942
    endloop
  endfacet
  facet normal 0.94259 0.082463 0.323612
    outer loop
      vertex -5.27106 -4.26771 -0.817456
      vertex -5.93247 -5.80194 1.5
      vertex -5.09153 -4.57866 -1.26114
    endloop
  endfacet
  facet normal 0.94259 0.082462 0.323611
    outer loop
      vertex -5.44203 -3.97159 -0.394924
      vertex -5.93247 -5.80194 1.5
      vertex -5.27106 -4.26771 -0.817456
    endloop
  endfacet
  facet normal 0.942589 0.0824487 0.323619
    outer loop
      vertex -5.10064 -3.5371 -1.5
      vertex -5.24558 -3.23844 -1.15393
      vertex -5.31054 -3.48085 -0.902965
    endloop
  endfacet
  facet normal 0.942604 0.0825346 0.323551
    outer loop
      vertex -5.24558 -3.23844 -1.15393
      vertex -5.10064 -3.5371 -1.5
      vertex -5.10701 -3.46435 -1.5
    endloop
  endfacet
  facet normal 0.94259 0.0824633 0.323612
    outer loop
      vertex -5.41226 -5.94133 0.0202942
      vertex -5.09153 -4.57866 -1.26114
      vertex -5.93247 -5.80194 1.5
    endloop
  endfacet
  facet normal 0.942589 0.0824642 0.323613
    outer loop
      vertex -5.09153 -4.57866 -1.26114
      vertex -5.41226 -5.94133 0.0202942
      vertex -5.06121 -4.63118 -1.33607
    endloop
  endfacet
  facet normal -0.792091 0.528479 0.305453
    outer loop
      vertex -6.03497 -4.22156 -1.5
      vertex -5.75376 -4.04081 -1.0835
      vertex -5.94231 -4.08268 -1.5
    endloop
  endfacet
  facet normal -0.792093 0.528474 0.305457
    outer loop
      vertex -6.4232 -5.67045 0
      vertex -5.75376 -4.04081 -1.0835
      vertex -6.03497 -4.22156 -1.5
    endloop
  endfacet
  facet normal -0.792088 0.528477 0.305466
    outer loop
      vertex -5.75376 -4.04081 -1.0835
      vertex -6.4232 -5.67045 0
      vertex -5.44203 -3.97159 -0.394924
    endloop
  endfacet
  facet normal -0.792089 0.528477 0.305461
    outer loop
      vertex -5.44203 -3.97159 -0.394924
      vertex -6.4232 -5.67045 0
      vertex -5.93247 -5.80194 1.5
    endloop
  endfacet
  facet normal -0.792099 0.528447 0.305488
    outer loop
      vertex -5.50586 -3.42852 -1.5
      vertex -5.24558 -3.23844 -1.15393
      vertex -5.39955 -3.26917 -1.5
    endloop
  endfacet
  facet normal -0.792083 0.528491 0.305452
    outer loop
      vertex -5.24558 -3.23844 -1.15393
      vertex -5.50586 -3.42852 -1.5
      vertex -5.31054 -3.48085 -0.902965
    endloop
  endfacet
  facet normal 0.965927 -0.258814 0
    outer loop
      vertex -5.80127 -3.34936 -1.5
      vertex -5.70305 -2.98279 -1.28247
      vertex -5.80127 -3.34936 -0.902965
    endloop
  endfacet
  facet normal 0.965929 -0.258808 1.56118e-06
    outer loop
      vertex -5.9605 -3.94362 -1.19744
      vertex -6.03497 -4.22156 -1.5
      vertex -5.989 -4.04999 -1.5
    endloop
  endfacet
  facet normal 0.96593 -0.258803 -3.37448e-06
    outer loop
      vertex -5.93276 -3.84009 -0.902965
      vertex -6.03497 -4.22156 -1.5
      vertex -5.9605 -3.94362 -1.19744
    endloop
  endfacet
  facet normal -0.822126 0.500729 0.270887
    outer loop
      vertex -6.4232 -5.67045 1.5
      vertex -5.80127 -3.34936 -0.902965
      vertex -5.70305 -2.98279 -1.28247
    endloop
  endfacet
  facet normal 0.965926 -0.258818 -3.40104e-07
    outer loop
      vertex -6.4232 -5.67045 1.5
      vertex -5.93276 -3.84009 -0.902965
      vertex -5.80127 -3.34936 -0.902965
    endloop
  endfacet
  facet normal 0.965926 -0.258817 0
    outer loop
      vertex -6.4232 -5.67045 0
      vertex -5.93276 -3.84009 -0.902965
      vertex -6.4232 -5.67045 1.5
    endloop
  endfacet
  facet normal 0.965927 -0.258815 4.73889e-06
    outer loop
      vertex -5.93276 -3.84009 -0.902965
      vertex -6.4232 -5.67045 0
      vertex -6.03497 -4.22156 -1.5
    endloop
  endfacet
  facet normal 0.965928 -0.258812 -2.59301e-06
    outer loop
      vertex -5.70305 -2.98279 -1.28247
      vertex -5.80127 -3.34936 -1.5
      vertex -5.72212 -3.05396 -1.5
    endloop
  endfacet
  facet normal 0.183005 0.683008 0.707113
    outer loop
      vertex -6.13748 -2.64118 -1.5
      vertex -6.16051 -2.72714 -1.41101
      vertex -5.98726 -2.68143 -1.5
    endloop
  endfacet
  facet normal 0.183012 0.683013 0.707107
    outer loop
      vertex -5.70305 -2.98279 -1.28247
      vertex -6.91393 -5.53896 1.5
      vertex -6.4232 -5.67045 1.5
    endloop
  endfacet
  facet normal 0.548653 0.525871 0.649953
    outer loop
      vertex -6.91393 -5.53896 1.5
      vertex -6.16051 -2.72714 -1.41101
      vertex -6.13748 -2.64118 -1.5
    endloop
  endfacet
  facet normal 0.183012 0.683013 0.707107
    outer loop
      vertex -6.91393 -5.53896 1.5
      vertex -5.70305 -2.98279 -1.28247
      vertex -6.16051 -2.72714 -1.41101
    endloop
  endfacet
  facet normal -0.77512 0.54274 0.323454
    outer loop
      vertex -7.04066 -3.93108 -1.5
      vertex -6.17926 -2.73006 -1.45101
      vertex -6.20221 -2.73364 -1.5
    endloop
  endfacet
  facet normal -0.77508 0.542706 0.323608
    outer loop
      vertex -6.17926 -2.73006 -1.45101
      vertex -7.04066 -3.93108 -1.5
      vertex -7.43414 -5.39957 0.0202942
    endloop
  endfacet
  facet normal -0.77518 0.542681 0.323408
    outer loop
      vertex -6.17009 -2.71055 -1.46176
      vertex -6.13748 -2.64118 -1.5
      vertex -6.1773 -2.69806 -1.5
    endloop
  endfacet
  facet normal -0.774991 0.542764 0.323722
    outer loop
      vertex -6.16051 -2.72714 -1.41101
      vertex -6.13748 -2.64118 -1.5
      vertex -6.17009 -2.71055 -1.46176
    endloop
  endfacet
  facet normal -0.775037 0.542725 0.323679
    outer loop
      vertex -7.43414 -5.39957 0.0202942
      vertex -6.16051 -2.72714 -1.41101
      vertex -6.17926 -2.73006 -1.45101
    endloop
  endfacet
  facet normal -0.548653 -0.525871 -0.649953
    outer loop
      vertex -6.16051 -2.72714 -1.41101
      vertex -6.91393 -5.53896 1.5
      vertex -6.13748 -2.64118 -1.5
    endloop
  endfacet
  facet normal -0.775077 0.542708 0.323612
    outer loop
      vertex -6.91393 -5.53896 1.5
      vertex -6.16051 -2.72714 -1.41101
      vertex -7.43414 -5.39957 0.0202942
    endloop
  endfacet
  facet normal 0.183016 0.683012 0.707106
    outer loop
      vertex -7.04066 -3.93108 -1.5
      vertex -7.42707 -3.82754 -1.5
      vertex -7.82055 -5.29603 0.0202942
    endloop
  endfacet
  facet normal 0.183016 0.683012 0.707106
    outer loop
      vertex -7.43414 -5.39957 0.0202942
      vertex -7.04066 -3.93108 -1.5
      vertex -7.82055 -5.29603 0.0202942
    endloop
  endfacet
  facet normal -0.775066 0.542717 0.323622
    outer loop
      vertex -7.82055 -5.29603 0.0202942
      vertex -7.42707 -3.82754 -1.5
      vertex -8.35505 -5.15281 -1.5
    endloop
  endfacet
  facet normal 0 0 -1
    outer loop
      vertex -9.09327 -5.25 -1.5
      vertex -10.6791 -4.41009 -1.5
      vertex -10.3326 -4.21007 -1.5
    endloop
  endfacet
  facet normal 0 0 -1
    outer loop
      vertex -9.09327 -5.25 -1.5
      vertex -11.5753 -4.95096 -1.5
      vertex -10.6791 -4.41009 -1.5
    endloop
  endfacet
  facet normal 0 0 -1
    outer loop
      vertex -12.7653 -3.90594 -1.5
      vertex -11.5753 -4.95096 -1.5
      vertex -12.4918 -5.45669 -1.5
    endloop
  endfacet
  facet normal 0 0 -1
    outer loop
      vertex -12.5574 -7.25 -1.5
      vertex -11.5753 -4.95096 -1.5
      vertex -9.09327 -5.25 -1.5
    endloop
  endfacet
  facet normal 0 0 -1
    outer loop
      vertex -11.5753 -4.95096 -1.5
      vertex -12.5574 -7.25 -1.5
      vertex -12.4918 -5.45669 -1.5
    endloop
  endfacet
  facet normal 0 0 -1
    outer loop
      vertex -12.4918 -5.45669 -1.5
      vertex -12.5574 -7.25 -1.5
      vertex -12.8383 -5.65671 -1.5
    endloop
  endfacet
  facet normal -0 0 -1
    outer loop
      vertex -10.6791 -4.41009 -1.5
      vertex -11.5753 -4.95096 -1.5
      vertex -11.8853 -3.3979 -1.5
    endloop
  endfacet
  facet normal 0 0 -1
    outer loop
      vertex -11.5753 -4.95096 -1.5
      vertex -12.7653 -3.90594 -1.5
      vertex -12.3253 -3.65192 -1.5
    endloop
  endfacet
  facet normal 0.499986 -0.866034 0
    outer loop
      vertex -10.6318 -6.13826 -0.167612
      vertex -9.91893 -5.7267 0.0202942
      vertex -10.6318 -6.13826 0.00433347
    endloop
  endfacet
  facet normal 0.499988 -0.866032 -1.15335e-05
    outer loop
      vertex -9.91893 -5.7267 0.0202942
      vertex -10.6318 -6.13826 -0.167612
      vertex -9.09327 -5.25 -1.5
    endloop
  endfacet
  facet normal 0.500209 -0.865904 0
    outer loop
      vertex -10.8134 -6.24314 -0.0102857
      vertex -10.6759 -6.16371 0.00334638
      vertex -10.8134 -6.24314 0.000265927
    endloop
  endfacet
  facet normal 0.500198 -0.865911 0.000151923
    outer loop
      vertex -10.6759 -6.16371 0.00334638
      vertex -10.8134 -6.24314 -0.0102857
      vertex -10.6636 -6.15663 -0.140061
    endloop
  endfacet
  facet normal 0.500048 -0.865997 -4.54417e-05
    outer loop
      vertex -11.7317 -6.7733 0.0202942
      vertex -12.0781 -6.97332 0.0202942
      vertex -12.5574 -7.25 -1.5
    endloop
  endfacet
  facet normal 0.499991 -0.866031 5.97236e-06
    outer loop
      vertex -11.7317 -6.7733 0.0202942
      vertex -10.9951 -6.34803 0.578858
      vertex -11.2653 -6.50402 1.5
    endloop
  endfacet
  facet normal 0.499995 -0.866029 0
    outer loop
      vertex -10.9951 -6.34803 0.578858
      vertex -11.7317 -6.7733 0.0202942
      vertex -10.9951 -6.34803 0.00380164
    endloop
  endfacet
  facet normal 0.499976 -0.866039 0
    outer loop
      vertex -10.9951 -6.34803 0.578858
      vertex -10.9951 -6.34803 1.5
      vertex -11.2653 -6.50402 1.5
    endloop
  endfacet
  facet normal 0.499995 -0.866029 0
    outer loop
      vertex -11.7317 -6.7733 0.0202942
      vertex -10.9951 -6.34803 -0.147042
      vertex -10.9951 -6.34803 0.00380164
    endloop
  endfacet
  facet normal 0.499994 -0.866029 -5.65802e-06
    outer loop
      vertex -10.9951 -6.34803 -0.147042
      vertex -11.7317 -6.7733 0.0202942
      vertex -12.5574 -7.25 -1.5
    endloop
  endfacet
  facet normal 0.499968 -0.866044 -2.5637e-05
    outer loop
      vertex -10.6318 -6.13826 0.659838
      vertex -9.91893 -5.7267 0.0202942
      vertex -10.3853 -5.99598 1.5
    endloop
  endfacet
  facet normal 0.499986 -0.866034 0
    outer loop
      vertex -9.91893 -5.7267 0.0202942
      vertex -10.6318 -6.13826 0.659838
      vertex -10.6318 -6.13826 0.00433347
    endloop
  endfacet
  facet normal 0.500206 -0.865907 -1.80132e-05
    outer loop
      vertex -10.8134 -6.24314 0.0404915
      vertex -10.6759 -6.16371 0.00334638
      vertex -10.7094 -6.18307 0.395213
    endloop
  endfacet
  facet normal 0.500209 -0.865904 0
    outer loop
      vertex -10.6759 -6.16371 0.00334638
      vertex -10.8134 -6.24314 0.0404915
      vertex -10.8134 -6.24314 0.000265927
    endloop
  endfacet
  facet normal 0.500005 -0.866022 9.29342e-07
    outer loop
      vertex -9.09327 -5.25 -1.5
      vertex -9.57249 -5.52668 0.0202942
      vertex -9.91893 -5.7267 0.0202942
    endloop
  endfacet
  facet normal 0.499948 -0.866055 8.82794e-05
    outer loop
      vertex -12.5574 -7.25 -1.5
      vertex -10.8134 -6.24314 -0.511834
      vertex -10.9951 -6.34803 -0.511834
    endloop
  endfacet
  facet normal 0.499997 -0.866027 -2.68344e-05
    outer loop
      vertex -9.09327 -5.25 -1.5
      vertex -10.8134 -6.24314 -0.511834
      vertex -12.5574 -7.25 -1.5
    endloop
  endfacet
  facet normal 0.49999 -0.866031 0
    outer loop
      vertex -12.5574 -7.25 -1.5
      vertex -10.9951 -6.34803 -0.511834
      vertex -10.9951 -6.34803 -0.147042
    endloop
  endfacet
  facet normal 0.500099 -0.865968 0
    outer loop
      vertex -10.8134 -6.24314 -0.511834
      vertex -10.6636 -6.15663 -0.140061
      vertex -10.8134 -6.24314 -0.0102857
    endloop
  endfacet
  facet normal 0.500119 -0.865957 -1.03637e-05
    outer loop
      vertex -10.6636 -6.15663 -0.140061
      vertex -10.8134 -6.24314 -0.511834
      vertex -10.6318 -6.13826 -0.511834
    endloop
  endfacet
  facet normal 0.499995 -0.866028 0
    outer loop
      vertex -10.6318 -6.13826 -0.511834
      vertex -9.09327 -5.25 -1.5
      vertex -10.6318 -6.13826 -0.167612
    endloop
  endfacet
  facet normal 0.500119 -0.865957 0.000255806
    outer loop
      vertex -10.8134 -6.24314 -0.511834
      vertex -9.09327 -5.25 -1.5
      vertex -10.6318 -6.13826 -0.511834
    endloop
  endfacet
  facet normal 0.608199 0.724818 0.323624
    outer loop
      vertex -9.57249 -5.52668 0.0202942
      vertex -9.09327 -5.25 -1.5
      vertex -10.3326 -4.21007 -1.5
    endloop
  endfacet
  facet normal -0.35356 0.612375 0.707102
    outer loop
      vertex -10.3326 -4.21007 -1.5
      vertex -9.91893 -5.7267 0.0202942
      vertex -9.57249 -5.52668 0.0202942
    endloop
  endfacet
  facet normal -0.35351 0.612395 0.707109
    outer loop
      vertex -9.91893 -5.7267 0.0202942
      vertex -10.3326 -4.21007 -1.5
      vertex -10.6791 -4.41009 -1.5
    endloop
  endfacet
  facet normal 0.608228 0.724809 0.32359
    outer loop
      vertex -10.3853 -5.99598 1.5
      vertex -10.6791 -4.41009 -1.5
      vertex -11.8853 -3.3979 -1.5
    endloop
  endfacet
  facet normal 0.608209 0.724821 0.323598
    outer loop
      vertex -10.3853 -5.99598 1.5
      vertex -9.91893 -5.7267 0.0202942
      vertex -10.6791 -4.41009 -1.5
    endloop
  endfacet
  facet normal -0.933803 -0.186761 0.305177
    outer loop
      vertex -11.5753 -4.95096 -1.5
      vertex -11.0812 -5.80674 -0.511834
      vertex -11.1005 -5.71024 -0.511834
    endloop
  endfacet
  facet normal -0.933786 -0.186389 0.305455
    outer loop
      vertex -11.1005 -5.71024 -0.511834
      vertex -11.8853 -3.3979 -1.5
      vertex -11.5753 -4.95096 -1.5
    endloop
  endfacet
  facet normal -0.933913 -0.187423 0.304432
    outer loop
      vertex -10.8483 -6.18828 -0.0324583
      vertex -11.1005 -5.71024 -0.511834
      vertex -10.9538 -6.02192 -0.253684
    endloop
  endfacet
  facet normal -0.933808 -0.186437 0.305359
    outer loop
      vertex -11.1005 -5.71024 -0.511834
      vertex -10.8483 -6.18828 -0.0324583
      vertex -11.8853 -3.3979 -1.5
    endloop
  endfacet
  facet normal -0.933821 -0.186477 0.305293
    outer loop
      vertex -10.8483 -6.18828 -0.0324583
      vertex -11.2712 -4.85534 -0.511834
      vertex -11.8853 -3.3979 -1.5
    endloop
  endfacet
  facet normal -0.933718 -0.18629 0.305723
    outer loop
      vertex -11.2712 -4.85534 -0.511834
      vertex -10.8483 -6.18828 -0.0324583
      vertex -10.9615 -5.62406 -0.0343831
    endloop
  endfacet
  facet normal -0.933748 -0.186296 0.305628
    outer loop
      vertex -10.9615 -5.62406 -0.0343831
      vertex -10.8483 -6.18828 -0.0324583
      vertex -10.8289 -5.95325 0.170075
    endloop
  endfacet
  facet normal -0.933487 -0.186761 0.306142
    outer loop
      vertex -10.8134 -6.24314 0.0404915
      vertex -10.8289 -5.95325 0.170075
      vertex -10.8483 -6.18828 -0.0324583
    endloop
  endfacet
  facet normal -0.933812 -0.186425 0.305352
    outer loop
      vertex -10.8289 -5.95325 0.170075
      vertex -10.8134 -6.24314 0.0404915
      vertex -10.7094 -6.18307 0.395213
    endloop
  endfacet
  facet normal -0.933769 -0.186429 0.305482
    outer loop
      vertex -10.3853 -5.99598 1.5
      vertex -11.2712 -4.85534 -0.511834
      vertex -10.7698 -5.92075 0.370605
    endloop
  endfacet
  facet normal -0.933771 -0.186265 0.305575
    outer loop
      vertex -11.2712 -4.85534 -0.511834
      vertex -10.3853 -5.99598 1.5
      vertex -11.8853 -3.3979 -1.5
    endloop
  endfacet
  facet normal -0.933805 -0.186207 0.305508
    outer loop
      vertex -10.3853 -5.99598 1.5
      vertex -10.7698 -5.92075 0.370605
      vertex -10.6318 -6.13826 0.659838
    endloop
  endfacet
  facet normal 0.866026 0.499999 -1.3941e-05
    outer loop
      vertex -11.8312 -4.5077 -0.511834
      vertex -11.5753 -4.95096 -1.5
      vertex -12.3253 -3.65192 -1.5
    endloop
  endfacet
  facet normal 0.866051 0.499956 1.19026e-05
    outer loop
      vertex -11.5753 -4.95096 -1.5
      vertex -11.8312 -4.5077 -0.511834
      vertex -11.3283 -5.37885 -0.511834
    endloop
  endfacet
  facet normal 0.865975 0.500087 8.76346e-05
    outer loop
      vertex -11.3283 -5.37885 -0.511834
      vertex -11.0812 -5.80674 -0.511834
      vertex -11.5753 -4.95096 -1.5
    endloop
  endfacet
  facet normal -0.353025 0.612673 0.707111
    outer loop
      vertex -11.8312 -4.5077 -0.511834
      vertex -12.3253 -3.65192 -1.5
      vertex -11.8665 -4.52804 -0.511834
    endloop
  endfacet
  facet normal -0.353521 0.612355 0.707138
    outer loop
      vertex -11.1379 -6.12309 1.23382
      vertex -11.2653 -6.50402 1.5
      vertex -10.9951 -6.34803 1.5
    endloop
  endfacet
  facet normal -0.353585 0.612355 0.707106
    outer loop
      vertex -11.8175 -4.67886 -0.356715
      vertex -11.2653 -6.50402 1.5
      vertex -11.1379 -6.12309 1.23382
    endloop
  endfacet
  facet normal -0.353539 0.612391 0.707098
    outer loop
      vertex -12.7653 -3.90594 -1.5
      vertex -11.8175 -4.67886 -0.356715
      vertex -11.8665 -4.52804 -0.511834
    endloop
  endfacet
  facet normal -0.353543 0.612388 0.707099
    outer loop
      vertex -12.7653 -3.90594 -1.5
      vertex -11.8665 -4.52804 -0.511834
      vertex -12.3253 -3.65192 -1.5
    endloop
  endfacet
  facet normal -0.353578 0.612358 0.707107
    outer loop
      vertex -11.8175 -4.67886 -0.356715
      vertex -12.7653 -3.90594 -1.5
      vertex -11.2653 -6.50402 1.5
    endloop
  endfacet
  facet normal -0.931826 -0.164343 0.32356
    outer loop
      vertex -12.4918 -5.45669 -1.5
      vertex -11.7317 -6.7733 0.0202942
      vertex -12.7653 -3.90594 -1.5
    endloop
  endfacet
  facet normal -0.931815 -0.164313 0.323608
    outer loop
      vertex -11.7317 -6.7733 0.0202942
      vertex -11.2653 -6.50402 1.5
      vertex -12.7653 -3.90594 -1.5
    endloop
  endfacet
  facet normal -0.353591 0.612358 0.707101
    outer loop
      vertex -12.4918 -5.45669 -1.5
      vertex -12.0781 -6.97332 0.0202942
      vertex -11.7317 -6.7733 0.0202942
    endloop
  endfacet
  facet normal -0.353508 0.612392 0.707112
    outer loop
      vertex -12.0781 -6.97332 0.0202942
      vertex -12.4918 -5.45669 -1.5
      vertex -12.8383 -5.65671 -1.5
    endloop
  endfacet
  facet normal -0.931801 -0.164278 0.323664
    outer loop
      vertex -12.5574 -7.25 -1.5
      vertex -12.0781 -6.97332 0.0202942
      vertex -12.8383 -5.65671 -1.5
    endloop
  endfacet
  facet normal 0 0 -1
    outer loop
      vertex -0.446712 6.15498 -1.5
      vertex -0.131413 6.31073 -1.5
      vertex 0.115915 5.33453 -1.5
    endloop
  endfacet
  facet normal 0 0 -1
    outer loop
      vertex -0.638493 6.06024 -1.5
      vertex 0.115915 5.33453 -1.5
      vertex -0.284939 3.58536 -1.5
    endloop
  endfacet
  facet normal 0 0 -1
    outer loop
      vertex -0.284939 3.58536 -1.5
      vertex 0.115915 5.33453 -1.5
      vertex 0.398786 5.05166 -1.5
    endloop
  endfacet
  facet normal 0 0 -1
    outer loop
      vertex 0.115915 5.33453 -1.5
      vertex 0.216253 6.48248 -1.5
      vertex 0.671438 6.52583 -1.5
    endloop
  endfacet
  facet normal 0 0 -1
    outer loop
      vertex 0.216253 6.48248 -1.5
      vertex 0.115915 5.33453 -1.5
      vertex -0.131413 6.31073 -1.5
    endloop
  endfacet
  facet normal 0 0 -1
    outer loop
      vertex 0.671438 6.52583 -1.5
      vertex 0.752062 6.69873 -1.5
      vertex 0.781406 6.6358 -1.5
    endloop
  endfacet
  facet normal -0 0 -1
    outer loop
      vertex 0.752062 6.69873 -1.5
      vertex 0.671438 6.52583 -1.5
      vertex 0.733706 6.73809 -1.5
    endloop
  endfacet
  facet normal 0 0 -1
    outer loop
      vertex 0.216253 6.48248 -1.5
      vertex 0.733706 6.73809 -1.5
      vertex 0.671438 6.52583 -1.5
    endloop
  endfacet
  facet normal 0 0 -1
    outer loop
      vertex -5.74089e-07 6.69873 -1.5
      vertex 0.733706 6.73809 -1.5
      vertex 0.216253 6.48248 -1.5
    endloop
  endfacet
  facet normal -0 0 -1
    outer loop
      vertex 0.733706 6.73809 -1.5
      vertex -5.74089e-07 6.69873 -1.5
      vertex 0.115915 8.06293 -1.5
    endloop
  endfacet
  facet normal 0 0 -1
    outer loop
      vertex 0.781406 6.76166 -1.5
      vertex 0.752062 6.69873 -1.5
      vertex 0.733706 6.73809 -1.5
    endloop
  endfacet
  facet normal 0 0 -1
    outer loop
      vertex -0.512893 7.21162 -1.5
      vertex -5.74089e-07 6.69873 -1.5
      vertex -0.216254 6.48248 -1.5
    endloop
  endfacet
  facet normal 0 0 -1
    outer loop
      vertex 0.115915 8.06293 -1.5
      vertex -0.284939 9.8121 -1.5
      vertex 0.398786 8.3458 -1.5
    endloop
  endfacet
  facet normal 0 0 -1
    outer loop
      vertex -5.74089e-07 6.69873 -1.5
      vertex -0.512893 7.21162 -1.5
      vertex 0.115915 8.06293 -1.5
    endloop
  endfacet
  facet normal -0 0 -1
    outer loop
      vertex -0.131413 6.31073 -1.5
      vertex -0.446712 6.15498 -1.5
      vertex -0.216254 6.48248 -1.5
    endloop
  endfacet
  facet normal 0 0 -1
    outer loop
      vertex -0.512893 6.18584 -1.5
      vertex -0.216254 6.48248 -1.5
      vertex -0.446712 6.15498 -1.5
    endloop
  endfacet
  facet normal 0 0 -1
    outer loop
      vertex 0.115915 5.33453 -1.5
      vertex -0.638493 6.06024 -1.5
      vertex -0.446712 6.15498 -1.5
    endloop
  endfacet
  facet normal -0 0 -1
    outer loop
      vertex -0.564548 7.18753 -1.5
      vertex -2.50229 6.69873 -1.5
      vertex -0.638493 7.33722 -1.5
    endloop
  endfacet
  facet normal 0 0 -1
    outer loop
      vertex -3.11337 6.41379 -1.5
      vertex -0.638493 6.06024 -1.5
      vertex -0.284939 3.58536 -1.5
    endloop
  endfacet
  facet normal 0 0 -1
    outer loop
      vertex -0.638493 6.06024 -1.5
      vertex -3.11337 6.41379 -1.5
      vertex -2.50229 6.69873 -1.5
    endloop
  endfacet
  facet normal 0 0 -1
    outer loop
      vertex -0.216254 6.48248 -1.5
      vertex -0.564548 7.18753 -1.5
      vertex -0.512893 7.21162 -1.5
    endloop
  endfacet
  facet normal 0 0 -1
    outer loop
      vertex -0.638493 6.06024 -1.5
      vertex -0.564548 7.18753 -1.5
      vertex -0.512893 6.18584 -1.5
    endloop
  endfacet
  facet normal 0 0 -1
    outer loop
      vertex -2.50229 6.69873 -1.5
      vertex -0.564548 7.18753 -1.5
      vertex -0.638493 6.06024 -1.5
    endloop
  endfacet
  facet normal 0 0 -1
    outer loop
      vertex -0.564548 7.18753 -1.5
      vertex -0.216254 6.48248 -1.5
      vertex -0.512893 6.18584 -1.5
    endloop
  endfacet
  facet normal 0 0 -1
    outer loop
      vertex -0.638493 7.33722 -1.5
      vertex 0.115915 8.06293 -1.5
      vertex -0.512893 7.21162 -1.5
    endloop
  endfacet
  facet normal -0 0 -1
    outer loop
      vertex 0.115915 8.06293 -1.5
      vertex -0.638493 7.33722 -1.5
      vertex -0.284939 9.8121 -1.5
    endloop
  endfacet
  facet normal 0 0 -1
    outer loop
      vertex -3.11337 6.98367 -1.5
      vertex -0.638493 7.33722 -1.5
      vertex -2.50229 6.69873 -1.5
    endloop
  endfacet
  facet normal -0 0 -1
    outer loop
      vertex -0.638493 7.33722 -1.5
      vertex -3.11337 6.98367 -1.5
      vertex -0.284939 9.8121 -1.5
    endloop
  endfacet
  facet normal -0.707103 -0.70711 0
    outer loop
      vertex -1.55066 4.85108 -0.157501
      vertex -0.959094 4.25952 0.0202942
      vertex -1.55066 4.85108 0.00407203
    endloop
  endfacet
  facet normal -0.707104 -0.70711 4.85836e-06
    outer loop
      vertex -0.959094 4.25952 0.0202942
      vertex -1.55066 4.85108 -0.157501
      vertex -0.284939 3.58536 -1.5
    endloop
  endfacet
  facet normal 0 0 0
    outer loop
      vertex -1.69915 4.99958 -5.17925e-07
      vertex -1.69915 4.99958 1.33905e-08
      vertex -1.69915 4.99958 0
    endloop
  endfacet
  facet normal -0.707119 -0.707094 1.10847e-05
    outer loop
      vertex -2.43921 5.73963 0.0202942
      vertex -2.72208 6.02251 0.0202942
      vertex -3.11337 6.41379 -1.5
    endloop
  endfacet
  facet normal -0.707102 -0.707112 2.30344e-06
    outer loop
      vertex -1.69915 4.99958 0
      vertex -2.05839 5.35882 1.5
      vertex -2.43921 5.73963 0.0202942
    endloop
  endfacet
  facet normal -0.707118 -0.707096 -5.35812e-06
    outer loop
      vertex -1.69915 4.99958 0
      vertex -1.71493 5.01535 1.38556
      vertex -2.05839 5.35882 1.5
    endloop
  endfacet
  facet normal -0.706883 -0.707331 -0
    outer loop
      vertex -1.69915 4.99958 1.5
      vertex -1.71493 5.01535 1.38556
      vertex -1.69915 4.99958 0
    endloop
  endfacet
  facet normal -0.707107 -0.707107 6.17884e-05
    outer loop
      vertex -1.71493 5.01535 1.38556
      vertex -1.69915 4.99958 1.5
      vertex -1.70692 5.00735 1.5
    endloop
  endfacet
  facet normal -0.707117 -0.707096 0
    outer loop
      vertex -2.05839 5.35882 1.5
      vertex -1.71493 5.01535 1.38556
      vertex -1.71493 5.01535 1.5
    endloop
  endfacet
  facet normal -0.707102 -0.707112 -4.18608e-06
    outer loop
      vertex -1.69915 4.99958 0
      vertex -2.43921 5.73963 0.0202942
      vertex -3.11337 6.41379 -1.5
    endloop
  endfacet
  facet normal -0 0 0
    outer loop
      vertex -1.69915 4.99958 1.33905e-08
      vertex -1.69915 4.99958 2.03891e-06
      vertex -1.69915 4.99958 0
    endloop
  endfacet
  facet normal -0.707101 -0.707113 5.08366e-06
    outer loop
      vertex -1.55066 4.85108 0.62003
      vertex -0.959094 4.25952 0.0202942
      vertex -1.33991 4.64034 1.5
    endloop
  endfacet
  facet normal -0.707103 -0.70711 0
    outer loop
      vertex -0.959094 4.25952 0.0202942
      vertex -1.55066 4.85108 0.62003
      vertex -1.55066 4.85108 0.00407203
    endloop
  endfacet
  facet normal -0.707108 -0.707106 -0
    outer loop
      vertex -0.544725 3.84515 -0.49063
      vertex -0.959094 4.25952 0.0202942
      vertex -0.544725 3.84515 -0.511834
    endloop
  endfacet
  facet normal -0.707301 -0.706912 -9.93074e-05
    outer loop
      vertex -0.544725 3.84515 -0.511834
      vertex -0.284939 3.58536 -1.5
      vertex -0.539268 3.83969 -0.511834
    endloop
  endfacet
  facet normal -0.707105 -0.707108 3.64389e-06
    outer loop
      vertex -0.284939 3.58536 -1.5
      vertex -0.544725 3.84515 -0.511834
      vertex -0.959094 4.25952 0.0202942
    endloop
  endfacet
  facet normal -0.707107 -0.707107 1.38398e-06
    outer loop
      vertex -0.959094 4.25952 0.0202942
      vertex -0.544725 3.84515 -0.49063
      vertex -0.676224 3.97665 0.0202942
    endloop
  endfacet
  facet normal 0 0 0
    outer loop
      vertex -1.69915 4.99958 0
      vertex -1.69915 4.99958 -0.511834
      vertex -1.69915 4.99958 -5.17925e-07
    endloop
  endfacet
  facet normal -0.707107 -0.707107 6.79796e-06
    outer loop
      vertex -0.284939 3.58536 -1.5
      vertex -1.69915 4.99958 -0.511834
      vertex -3.11337 6.41379 -1.5
    endloop
  endfacet
  facet normal -0.707104 -0.707109 0
    outer loop
      vertex -3.11337 6.41379 -1.5
      vertex -1.69915 4.99958 -0.511834
      vertex -1.69915 4.99958 0
    endloop
  endfacet
  facet normal -0.707107 -0.707107 0
    outer loop
      vertex -1.55066 4.85108 -0.511834
      vertex -0.284939 3.58536 -1.5
      vertex -1.55066 4.85108 -0.157501
    endloop
  endfacet
  facet normal -0.707131 -0.707083 -6.17087e-05
    outer loop
      vertex -1.69915 4.99958 -0.511834
      vertex -0.284939 3.58536 -1.5
      vertex -1.55066 4.85108 -0.511834
    endloop
  endfacet
  facet normal 0.857568 -0.399811 0.323618
    outer loop
      vertex -0.676224 3.97665 0.0202942
      vertex -0.544725 3.84515 -0.49063
      vertex -0.53049 3.85852 -0.511834
    endloop
  endfacet
  facet normal 0.85754 -0.399867 0.323623
    outer loop
      vertex -0.53049 3.85852 -0.511834
      vertex 0.398786 5.05166 -1.5
      vertex -0.676224 3.97665 0.0202942
    endloop
  endfacet
  facet normal 0.857583 -0.399781 0.323614
    outer loop
      vertex -0.284939 3.58536 -1.5
      vertex -0.53049 3.85852 -0.511834
      vertex -0.539268 3.83969 -0.511834
    endloop
  endfacet
  facet normal 0.85754 -0.399864 0.323627
    outer loop
      vertex -0.53049 3.85852 -0.511834
      vertex -0.284939 3.58536 -1.5
      vertex 0.398786 5.05166 -1.5
    endloop
  endfacet
  facet normal 0.499999 0.500001 0.707107
    outer loop
      vertex 0.115915 5.33453 -1.5
      vertex -0.676224 3.97665 0.0202942
      vertex 0.398786 5.05166 -1.5
    endloop
  endfacet
  facet normal 0.5 0.5 0.707107
    outer loop
      vertex -0.676224 3.97665 0.0202942
      vertex 0.115915 5.33453 -1.5
      vertex -0.959094 4.25952 0.0202942
    endloop
  endfacet
  facet normal 0.857527 -0.399879 0.323643
    outer loop
      vertex 0.718478 6.69873 -1.41101
      vertex 0.115915 5.33453 -1.5
      vertex 0.671438 6.52583 -1.5
    endloop
  endfacet
  facet normal 0.857538 -0.399882 0.32361
    outer loop
      vertex 0.115915 5.33453 -1.5
      vertex 0.718478 6.69873 -1.41101
      vertex -1.33991 4.64034 1.5
    endloop
  endfacet
  facet normal 0.857547 -0.399813 0.323671
    outer loop
      vertex 0.737633 6.69873 -1.46176
      vertex 0.781406 6.76166 -1.5
      vertex 0.718478 6.69873 -1.41101
    endloop
  endfacet
  facet normal 0.857554 -0.399874 0.323578
    outer loop
      vertex 0.781406 6.76166 -1.5
      vertex 0.737633 6.69873 -1.46176
      vertex 0.752062 6.69873 -1.5
    endloop
  endfacet
  facet normal 0.857537 -0.399883 0.32361
    outer loop
      vertex -0.959094 4.25952 0.0202942
      vertex 0.115915 5.33453 -1.5
      vertex -1.33991 4.64034 1.5
    endloop
  endfacet
  facet normal -0.421725 0.853719 0.305471
    outer loop
      vertex -1.69915 4.99958 0
      vertex 0.26835 6.43038 -1.28247
      vertex -0.181778 6.16203 -1.15393
    endloop
  endfacet
  facet normal -0.42171 0.853718 0.305494
    outer loop
      vertex 0.26835 6.43038 -1.28247
      vertex -1.69915 4.99958 0
      vertex 0.558862 6.60357 -1.36543
    endloop
  endfacet
  facet normal -0.421736 0.853714 0.305468
    outer loop
      vertex -0.638493 6.06024 -1.5
      vertex -0.181778 6.16203 -1.15393
      vertex -0.446712 6.15498 -1.5
    endloop
  endfacet
  facet normal -0.421732 0.853719 0.305462
    outer loop
      vertex -0.181778 6.16203 -1.15393
      vertex -0.638493 6.06024 -1.5
      vertex -1.69915 4.99958 0
    endloop
  endfacet
  facet normal -0.421738 0.853724 0.305437
    outer loop
      vertex 0.26835 6.43038 -1.28247
      vertex -0.158895 6.22959 -1.31117
      vertex -0.181778 6.16203 -1.15393
    endloop
  endfacet
  facet normal -0.421735 0.853713 0.305473
    outer loop
      vertex 0.216253 6.48248 -1.5
      vertex -0.158895 6.22959 -1.31117
      vertex 0.26835 6.43038 -1.28247
    endloop
  endfacet
  facet normal -0.421742 0.853714 0.30546
    outer loop
      vertex -0.158895 6.22959 -1.31117
      vertex 0.216253 6.48248 -1.5
      vertex -0.131413 6.31073 -1.5
    endloop
  endfacet
  facet normal -0.42183 0.853681 0.305431
    outer loop
      vertex 0.781406 6.76166 -1.5
      vertex 0.733706 6.73809 -1.5
      vertex 0.728201 6.72386 -1.46783
    endloop
  endfacet
  facet normal -0.422166 0.853704 0.304902
    outer loop
      vertex 0.725324 6.71643 -1.45101
      vertex 0.781406 6.76166 -1.5
      vertex 0.728201 6.72386 -1.46783
    endloop
  endfacet
  facet normal -0.42156 0.853743 0.305631
    outer loop
      vertex 0.781406 6.76166 -1.5
      vertex 0.725324 6.71643 -1.45101
      vertex 0.718478 6.69873 -1.41101
    endloop
  endfacet
  facet normal -0.943498 0.190032 0.271475
    outer loop
      vertex -1.33991 4.64034 1.5
      vertex -1.55066 4.85109 0.620023
      vertex -1.55066 4.85108 0.62003
    endloop
  endfacet
  facet normal -0.579114 0.815246 0
    outer loop
      vertex -1.69915 4.99958 1.31668e-06
      vertex 0.558862 6.60357 -1.36543
      vertex -1.69915 4.99958 0
    endloop
  endfacet
  facet normal -0.421731 0.85372 0.30546
    outer loop
      vertex -1.55066 4.85109 0.620023
      vertex 0.558862 6.60357 -1.36543
      vertex -1.69915 4.99958 1.31668e-06
    endloop
  endfacet
  facet normal -0.421728 0.85372 0.305463
    outer loop
      vertex -1.33991 4.64034 1.5
      vertex 0.558862 6.60357 -1.36543
      vertex -1.55066 4.85109 0.620023
    endloop
  endfacet
  facet normal -0.421745 0.853716 0.305449
    outer loop
      vertex 0.558862 6.60357 -1.36543
      vertex -1.33991 4.64034 1.5
      vertex 0.718478 6.69873 -1.41101
    endloop
  endfacet
  facet normal 0 0 0
    outer loop
      vertex -1.69915 4.99958 2.03891e-06
      vertex -1.69915 4.99958 1.31668e-06
      vertex -1.69915 4.99958 0
    endloop
  endfacet
  facet normal 0.707111 -0.707102 2.24785e-07
    outer loop
      vertex -0.287747 6.41098 -1.20148
      vertex -5.74089e-07 6.69873 -1.5
      vertex -7.63882e-07 6.69873 -0.902965
    endloop
  endfacet
  facet normal 0.707101 -0.707112 -1.92639e-05
    outer loop
      vertex -5.74089e-07 6.69873 -1.5
      vertex -0.287747 6.41098 -1.20148
      vertex -0.216254 6.48248 -1.5
    endloop
  endfacet
  facet normal 0.707108 -0.707106 7.46634e-06
    outer loop
      vertex -7.63882e-07 6.69873 -0.902965
      vertex -0.35924 6.33949 -0.902965
      vertex -0.287747 6.41098 -1.20148
    endloop
  endfacet
  facet normal 0.707107 -0.707107 -3.55309e-06
    outer loop
      vertex -0.35924 6.33949 -0.902965
      vertex -0.638493 6.06024 -1.5
      vertex -0.512893 6.18584 -1.5
    endloop
  endfacet
  facet normal 0.707105 -0.707109 -1.93227e-06
    outer loop
      vertex -0.35924 6.33949 -0.902965
      vertex -1.69915 4.99958 1.5
      vertex -0.638493 6.06024 -1.5
    endloop
  endfacet
  facet normal 0.707108 -0.707106 8.38408e-07
    outer loop
      vertex -1.69915 4.99958 1.5
      vertex -0.35924 6.33949 -0.902965
      vertex -7.63882e-07 6.69873 -0.902965
    endloop
  endfacet
  facet normal 0.707108 -0.707106 0
    outer loop
      vertex -0.638493 6.06024 -1.5
      vertex -1.69915 4.99958 1.5
      vertex -1.69915 4.99958 0
    endloop
  endfacet
  facet normal 0.500003 0.499997 0.707107
    outer loop
      vertex -0.718479 6.69873 -0.394924
      vertex -0.0714936 6.77022 -0.902965
      vertex -0.35924 7.05797 -0.902965
    endloop
  endfacet
  facet normal 0.500002 0.499999 0.707106
    outer loop
      vertex -0.0714936 6.77022 -0.902965
      vertex -0.718479 6.69873 -0.394924
      vertex -2.05839 5.35882 1.5
    endloop
  endfacet
  facet normal 0.49999 0.50001 0.707107
    outer loop
      vertex -1.71493 5.01535 1.5
      vertex -7.63882e-07 6.69873 -0.902965
      vertex -0.0714936 6.77022 -0.902965
    endloop
  endfacet
  facet normal 0.5 0.5 0.707106
    outer loop
      vertex -7.63882e-07 6.69873 -0.902965
      vertex -1.70692 5.00735 1.5
      vertex -1.69915 4.99958 1.5
    endloop
  endfacet
  facet normal 0.499689 0.500313 0.707105
    outer loop
      vertex -7.63882e-07 6.69873 -0.902965
      vertex -1.71493 5.01535 1.5
      vertex -1.70692 5.00735 1.5
    endloop
  endfacet
  facet normal 0.500007 0.499993 0.707107
    outer loop
      vertex -1.71493 5.01535 1.5
      vertex -0.0714936 6.77022 -0.902965
      vertex -2.05839 5.35882 1.5
    endloop
  endfacet
  facet normal -0.399887 0.857536 0.323608
    outer loop
      vertex -1.41947 6.69873 -1.26114
      vertex -2.43921 5.73963 0.0202942
      vertex -1.06042 6.69873 -0.817457
    endloop
  endfacet
  facet normal -0.399846 0.857541 0.323644
    outer loop
      vertex -2.43921 5.73963 0.0202942
      vertex -1.41947 6.69873 -1.26114
      vertex -1.48012 6.69873 -1.33607
    endloop
  endfacet
  facet normal -0.399919 0.857526 0.323595
    outer loop
      vertex -0.564548 7.18753 -1.5
      vertex -0.435027 7.13376 -1.19744
      vertex -0.512893 7.21162 -1.5
    endloop
  endfacet
  facet normal -0.399927 0.857521 0.323598
    outer loop
      vertex -0.435027 7.13376 -1.19744
      vertex -0.564548 7.18753 -1.5
      vertex -0.622565 7.0033 -1.0835
    endloop
  endfacet
  facet normal -0.399886 0.857537 0.323607
    outer loop
      vertex -0.718479 6.69873 -0.394924
      vertex -2.43921 5.73963 0.0202942
      vertex -2.05839 5.35882 1.5
    endloop
  endfacet
  facet normal -0.399884 0.857536 0.323612
    outer loop
      vertex -2.43921 5.73963 0.0202942
      vertex -0.718479 6.69873 -0.394924
      vertex -1.06042 6.69873 -0.817457
    endloop
  endfacet
  facet normal -0.399889 0.857536 0.323606
    outer loop
      vertex -0.35924 7.05797 -0.902965
      vertex -0.648962 6.91948 -0.893993
      vertex -0.718479 6.69873 -0.394924
    endloop
  endfacet
  facet normal -0.399892 0.85754 0.323593
    outer loop
      vertex -0.35924 7.05797 -0.902965
      vertex -0.622565 7.0033 -1.0835
      vertex -0.648962 6.91948 -0.893993
    endloop
  endfacet
  facet normal -0.399909 0.857519 0.323625
    outer loop
      vertex -0.622565 7.0033 -1.0835
      vertex -0.35924 7.05797 -0.902965
      vertex -0.435027 7.13376 -1.19744
    endloop
  endfacet
  facet normal 0.500001 0.499999 0.707107
    outer loop
      vertex -2.04586 6.69873 -0.936031
      vertex -2.43921 5.73963 0.0202942
      vertex -1.48012 6.69873 -1.33607
    endloop
  endfacet
  facet normal 0.50001 0.499993 0.707105
    outer loop
      vertex -2.43921 5.73963 0.0202942
      vertex -2.04586 6.69873 -0.936031
      vertex -2.72208 6.02251 0.0202942
    endloop
  endfacet
  facet normal -0.399863 0.857544 0.323617
    outer loop
      vertex -3.11337 6.41379 -1.5
      vertex -2.04586 6.69873 -0.936031
      vertex -2.50229 6.69873 -1.5
    endloop
  endfacet
  facet normal -0.399866 0.85754 0.323623
    outer loop
      vertex -2.04586 6.69873 -0.936031
      vertex -3.11337 6.41379 -1.5
      vertex -2.72208 6.02251 0.0202942
    endloop
  endfacet
  facet normal 0 0 -1
    outer loop
      vertex 0 10.5 -1.5
      vertex 1.52029 11.4534 -1.5
      vertex 1.52029 11.0534 -1.5
    endloop
  endfacet
  facet normal -0 0 -1
    outer loop
      vertex 1.52029 11.4534 -1.5
      vertex 0 10.5 -1.5
      vertex 1.5 12.5 -1.5
    endloop
  endfacet
  facet normal -0 0 -1
    outer loop
      vertex 3 11.992 -1.5
      vertex 1.52029 11.4534 -1.5
      vertex 1.5 12.5 -1.5
    endloop
  endfacet
  facet normal 0 0 -1
    outer loop
      vertex 1.5 12.5 -1.5
      vertex 3 13.008 -1.5
      vertex 3 12.5 -1.5
    endloop
  endfacet
  facet normal -0 0 -1
    outer loop
      vertex 3 13.008 -1.5
      vertex 1.5 12.5 -1.5
      vertex 1.52029 13.5466 -1.5
    endloop
  endfacet
  facet normal 0 0 -1
    outer loop
      vertex 0 14.5 -1.5
      vertex 1.52029 13.5466 -1.5
      vertex 1.5 12.5 -1.5
    endloop
  endfacet
  facet normal 0 0 -1
    outer loop
      vertex 0 14.5 -1.5
      vertex 1.5 12.5 -1.5
      vertex 0 10.5 -1.5
    endloop
  endfacet
  facet normal 0 0 -1
    outer loop
      vertex 1.52029 13.5466 -1.5
      vertex 0 14.5 -1.5
      vertex 1.52029 13.9466 -1.5
    endloop
  endfacet
  facet normal -1 0 0
    outer loop
      vertex 0 14.5 -1.5
      vertex 0 13.5466 0.0202942
      vertex 0 13.9466 0.0202942
    endloop
  endfacet
  facet normal -1 0 0
    outer loop
      vertex 0 12.6849 1.5
      vertex 0 13.5466 0.0202942
      vertex 0 12.6849 -0.511834
    endloop
  endfacet
  facet normal -1 0 0
    outer loop
      vertex 0 14.5 -1.5
      vertex 0 12.6849 -0.511834
      vertex 0 13.5466 0.0202942
    endloop
  endfacet
  facet normal -1 0 0
    outer loop
      vertex 0 14.5 -1.5
      vertex 0 12.4753 -0.511834
      vertex 0 12.6849 -0.511834
    endloop
  endfacet
  facet normal -1 0 0
    outer loop
      vertex 0 12.2657 -0.511834
      vertex 0 12.4753 0.0728291
      vertex 0 12.4753 -0.511834
    endloop
  endfacet
  facet normal -1 -0 0
    outer loop
      vertex 0 12.4753 0.0728291
      vertex 0 12.2657 -0.511834
      vertex 0 12.3577 0.420012
    endloop
  endfacet
  facet normal -1 0 0
    outer loop
      vertex 0 10.5 -1.5
      vertex 0 12.4753 -0.511834
      vertex 0 14.5 -1.5
    endloop
  endfacet
  facet normal -1 0 0
    outer loop
      vertex 0 11.4534 0.0202942
      vertex 0 12.2657 0.691633
      vertex 0 12.2657 -0.511834
    endloop
  endfacet
  facet normal -1 -0 0
    outer loop
      vertex 0 12.2657 0.691633
      vertex 0 11.4534 0.0202942
      vertex 0 11.992 1.5
    endloop
  endfacet
  facet normal -1 0 0
    outer loop
      vertex 0 10.5 -1.5
      vertex 0 11.4534 0.0202942
      vertex 0 12.2657 -0.511834
    endloop
  endfacet
  facet normal -1 -0 0
    outer loop
      vertex 0 12.4753 -0.511834
      vertex 0 10.5 -1.5
      vertex 0 12.2657 -0.511834
    endloop
  endfacet
  facet normal -1 -0 0
    outer loop
      vertex 0 11.4534 0.0202942
      vertex 0 10.5 -1.5
      vertex 0 11.0534 0.0202942
    endloop
  endfacet
  facet normal -1 0 0
    outer loop
      vertex 0 13.5466 0.0202942
      vertex 0 12.6849 1.5
      vertex 0 13.008 1.5
    endloop
  endfacet
  facet normal 0.323643 -0.889107 0.323642
    outer loop
      vertex 1.52029 11.0534 -1.5
      vertex 0 11.0534 0.0202942
      vertex 0 10.5 -1.5
    endloop
  endfacet
  facet normal 0.707108 -0 0.707106
    outer loop
      vertex 0 11.0534 0.0202942
      vertex 1.52029 11.4534 -1.5
      vertex 0 11.4534 0.0202942
    endloop
  endfacet
  facet normal 0.707108 0 0.707106
    outer loop
      vertex 1.52029 11.4534 -1.5
      vertex 0 11.0534 0.0202942
      vertex 1.52029 11.0534 -1.5
    endloop
  endfacet
  facet normal 0.323631 -0.889115 0.32363
    outer loop
      vertex 1.52029 11.4534 -1.5
      vertex 0 11.992 1.5
      vertex 0 11.4534 0.0202942
    endloop
  endfacet
  facet normal 0.32363 -0.889116 0.32363
    outer loop
      vertex 0 11.992 1.5
      vertex 1.52029 11.4534 -1.5
      vertex 3 11.992 -1.5
    endloop
  endfacet
  facet normal 0.305381 0.901934 0.30538
    outer loop
      vertex 0 11.992 1.5
      vertex 0.771695 12.2657 -0.0800626
      vertex 0 12.2657 0.691633
    endloop
  endfacet
  facet normal 0.305278 0.901983 0.305339
    outer loop
      vertex 0 11.992 1.5
      vertex 1.46031 12.1788 -0.511834
      vertex 0.771695 12.2657 -0.0800626
    endloop
  endfacet
  facet normal 0.305394 0.901913 0.30543
    outer loop
      vertex 1.5 12.5 -1.5
      vertex 0.584663 12.4753 -0.511834
      vertex 1.46031 12.1788 -0.511834
    endloop
  endfacet
  facet normal 0.305464 0.901878 0.305464
    outer loop
      vertex 3 11.992 -1.5
      vertex 1.46031 12.1788 -0.511834
      vertex 0 11.992 1.5
    endloop
  endfacet
  facet normal 0.305443 0.901898 0.305427
    outer loop
      vertex 1.5 12.5 -1.5
      vertex 1.46031 12.1788 -0.511834
      vertex 3 11.992 -1.5
    endloop
  endfacet
  facet normal 0.305796 0.901653 0.305796
    outer loop
      vertex 0.584663 12.4753 -0.511834
      vertex 1.5 12.5 -1.5
      vertex 0.511834 12.5 -0.511834
    endloop
  endfacet
  facet normal 0.305428 0.901881 0.305491
    outer loop
      vertex 0.773762 12.2986 -0.179113
      vertex 0 12.4753 0.0728291
      vertex 0 12.3577 0.420012
    endloop
  endfacet
  facet normal 0.305578 0.901894 0.305301
    outer loop
      vertex 0.584663 12.4753 -0.511834
      vertex 0.773762 12.2986 -0.179113
      vertex 0.95343 12.2672 -0.266185
    endloop
  endfacet
  facet normal 0.305379 0.901868 0.305579
    outer loop
      vertex 0.584663 12.4753 -0.511834
      vertex 0.95343 12.2672 -0.266185
      vertex 1.46031 12.1788 -0.511834
    endloop
  endfacet
  facet normal 0.305409 0.901915 0.305409
    outer loop
      vertex 0.773762 12.2986 -0.179113
      vertex 0.584663 12.4753 -0.511834
      vertex 0 12.4753 0.0728291
    endloop
  endfacet
  facet normal 0 -1 0
    outer loop
      vertex 1.5 12.5 -1.5
      vertex 2.01183 12.5 -0.511834
      vertex 0.511834 12.5 -0.511834
    endloop
  endfacet
  facet normal 0 -1 -0
    outer loop
      vertex 2.01183 12.5 -0.511834
      vertex 1.5 12.5 -1.5
      vertex 3 12.5 -1.5
    endloop
  endfacet
  facet normal 0.707107 0 0.707107
    outer loop
      vertex 0.798067 12.6849 0.701933
      vertex 0 13.008 1.5
      vertex 0 12.6849 1.5
    endloop
  endfacet
  facet normal 0.707107 0 0.707107
    outer loop
      vertex 0 13.008 1.5
      vertex 0.798067 12.6849 0.701933
      vertex 3 13.008 -1.5
    endloop
  endfacet
  facet normal 0.707107 -8.53475e-06 0.707106
    outer loop
      vertex 2.01183 12.5316 -0.511834
      vertex 3 13.008 -1.5
      vertex 0.798067 12.6849 0.701933
    endloop
  endfacet
  facet normal 0.707105 0 0.707108
    outer loop
      vertex 3 12.5 -1.5
      vertex 2.01183 12.5316 -0.511834
      vertex 2.01183 12.5 -0.511834
    endloop
  endfacet
  facet normal 0.707105 0 0.707108
    outer loop
      vertex 2.01183 12.5316 -0.511834
      vertex 3 12.5 -1.5
      vertex 3 13.008 -1.5
    endloop
  endfacet
  facet normal 0.32363 0.889116 0.32363
    outer loop
      vertex 3 13.008 -1.5
      vertex 0 13.5466 0.0202942
      vertex 0 13.008 1.5
    endloop
  endfacet
  facet normal 0.32363 0.889117 0.323629
    outer loop
      vertex 0 13.5466 0.0202942
      vertex 3 13.008 -1.5
      vertex 1.52029 13.5466 -1.5
    endloop
  endfacet
  facet normal 0.707108 -0 0.707106
    outer loop
      vertex 0 13.5466 0.0202942
      vertex 1.52029 13.9466 -1.5
      vertex 0 13.9466 0.0202942
    endloop
  endfacet
  facet normal 0.707108 0 0.707106
    outer loop
      vertex 1.52029 13.9466 -1.5
      vertex 0 13.5466 0.0202942
      vertex 1.52029 13.5466 -1.5
    endloop
  endfacet
  facet normal 0.323643 0.889107 0.323642
    outer loop
      vertex 1.52029 13.9466 -1.5
      vertex 0 14.5 -1.5
      vertex 0 13.9466 0.0202942
    endloop
  endfacet
  facet normal -0.707107 0.707107 4.59524e-06
    outer loop
      vertex -2.43921 7.65782 0.0202942
      vertex -1.69915 8.39788 0
      vertex -3.11337 6.98367 -1.5
    endloop
  endfacet
  facet normal -0.707107 0.707107 2.32556e-06
    outer loop
      vertex -0.676224 9.42081 0.0202942
      vertex -0.284939 9.8121 -1.5
      vertex -0.959094 9.13794 0.0202942
    endloop
  endfacet
  facet normal -0.707109 0.707105 9.2137e-07
    outer loop
      vertex -1.33991 8.75712 1.5
      vertex -0.959094 9.13794 0.0202942
      vertex -1.69915 8.39788 0
    endloop
  endfacet
  facet normal -0.707107 0.707107 0
    outer loop
      vertex -1.69915 8.39788 1.5
      vertex -1.33991 8.75712 1.5
      vertex -1.69915 8.39788 0
    endloop
  endfacet
  facet normal -0.707109 0.707105 6.23202e-07
    outer loop
      vertex -0.959094 9.13794 0.0202942
      vertex -0.284939 9.8121 -1.5
      vertex -1.69915 8.39788 0
    endloop
  endfacet
  facet normal -0.707107 0.707107 5.339e-16
    outer loop
      vertex -2.05839 8.03864 1.5
      vertex -1.69915 8.39788 0
      vertex -2.43921 7.65782 0.0202942
    endloop
  endfacet
  facet normal -0.707107 0.707107 4.65112e-06
    outer loop
      vertex -2.72208 7.37495 0.0202942
      vertex -2.43921 7.65782 0.0202942
      vertex -3.11337 6.98367 -1.5
    endloop
  endfacet
  facet normal -0.707107 0.707107 4.47834e-06
    outer loop
      vertex -1.69915 8.39788 0
      vertex -0.284939 9.8121 -1.5
      vertex -3.11337 6.98367 -1.5
    endloop
  endfacet
  facet normal -0.399866 -0.85754 0.323623
    outer loop
      vertex -3.11337 6.98367 -1.5
      vertex -2.04586 6.69873 -0.936031
      vertex -2.72208 7.37495 0.0202942
    endloop
  endfacet
  facet normal -0.399863 -0.857544 0.323617
    outer loop
      vertex -2.04586 6.69873 -0.936031
      vertex -3.11337 6.98367 -1.5
      vertex -2.50229 6.69873 -1.5
    endloop
  endfacet
  facet normal 0.499999 -0.500003 0.707105
    outer loop
      vertex -2.43921 7.65782 0.0202942
      vertex -2.04586 6.69873 -0.936031
      vertex -1.48012 6.69873 -1.33607
    endloop
  endfacet
  facet normal 0.500001 -0.500001 0.707105
    outer loop
      vertex -2.04586 6.69873 -0.936031
      vertex -2.43921 7.65782 0.0202942
      vertex -2.72208 7.37495 0.0202942
    endloop
  endfacet
  facet normal -0.399882 -0.857538 0.32361
    outer loop
      vertex -2.05839 8.03864 1.5
      vertex -1.06042 6.69873 -0.817457
      vertex -0.718479 6.69873 -0.394924
    endloop
  endfacet
  facet normal -0.399886 -0.857536 0.323608
    outer loop
      vertex -1.06042 6.69873 -0.817457
      vertex -2.05839 8.03864 1.5
      vertex -1.41947 6.69873 -1.26114
    endloop
  endfacet
  facet normal -0.399886 -0.857537 0.323606
    outer loop
      vertex -0.512893 6.18584 -1.5
      vertex -0.181778 6.16203 -1.15393
      vertex -0.35924 6.33949 -0.902965
    endloop
  endfacet
  facet normal -0.399872 -0.857549 0.323592
    outer loop
      vertex -0.181778 6.16203 -1.15393
      vertex -0.512893 6.18584 -1.5
      vertex -0.446712 6.15498 -1.5
    endloop
  endfacet
  facet normal -0.399877 -0.857539 0.323611
    outer loop
      vertex -2.43921 7.65782 0.0202942
      vertex -1.41947 6.69873 -1.26114
      vertex -2.05839 8.03864 1.5
    endloop
  endfacet
  facet normal -0.399843 -0.857544 0.323642
    outer loop
      vertex -1.41947 6.69873 -1.26114
      vertex -2.43921 7.65782 0.0202942
      vertex -1.48012 6.69873 -1.33607
    endloop
  endfacet
  facet normal 0.85372 0.421728 0.305463
    outer loop
      vertex -0.622565 7.0033 -1.0835
      vertex -0.638493 7.33722 -1.5
      vertex -1.69915 8.39788 0
    endloop
  endfacet
  facet normal 0.853721 0.421727 0.305462
    outer loop
      vertex -0.638493 7.33722 -1.5
      vertex -0.622565 7.0033 -1.0835
      vertex -0.564548 7.18753 -1.5
    endloop
  endfacet
  facet normal 0.85372 0.421735 0.305453
    outer loop
      vertex -0.622565 7.0033 -1.0835
      vertex -1.69915 8.39788 0
      vertex -0.648962 6.91948 -0.893993
    endloop
  endfacet
  facet normal 0.853722 0.421721 0.305468
    outer loop
      vertex -0.287747 6.41098 -1.20148
      vertex -0.131413 6.31073 -1.5
      vertex -0.216254 6.48248 -1.5
    endloop
  endfacet
  facet normal 0.85372 0.421727 0.305465
    outer loop
      vertex -0.131413 6.31073 -1.5
      vertex -0.287747 6.41098 -1.20148
      vertex -0.158895 6.22959 -1.31117
    endloop
  endfacet
  facet normal 0.853719 0.421731 0.305462
    outer loop
      vertex -0.718479 6.69873 -0.394924
      vertex -1.69915 8.39788 0
      vertex -2.05839 8.03864 1.5
    endloop
  endfacet
  facet normal 0.85372 0.421731 0.305459
    outer loop
      vertex -1.69915 8.39788 0
      vertex -0.718479 6.69873 -0.394924
      vertex -0.648962 6.91948 -0.893993
    endloop
  endfacet
  facet normal 0.853715 0.421739 0.305461
    outer loop
      vertex -0.181778 6.16203 -1.15393
      vertex -0.287747 6.41098 -1.20148
      vertex -0.35924 6.33949 -0.902965
    endloop
  endfacet
  facet normal 0.853721 0.421739 0.305446
    outer loop
      vertex -0.287747 6.41098 -1.20148
      vertex -0.181778 6.16203 -1.15393
      vertex -0.158895 6.22959 -1.31117
    endloop
  endfacet
  facet normal -0.707107 -0.707107 1.40225e-05
    outer loop
      vertex -0.435027 7.13376 -1.19744
      vertex -0.638493 7.33722 -1.5
      vertex -0.512893 7.21162 -1.5
    endloop
  endfacet
  facet normal -0.707081 -0.707132 -2.03642e-05
    outer loop
      vertex -0.35924 7.05797 -0.902965
      vertex -0.638493 7.33722 -1.5
      vertex -0.435027 7.13376 -1.19744
    endloop
  endfacet
  facet normal -0.707105 -0.707109 1.93227e-06
    outer loop
      vertex -0.638493 7.33722 -1.5
      vertex -0.35924 7.05797 -0.902965
      vertex -1.69915 8.39788 1.5
    endloop
  endfacet
  facet normal -0.707111 -0.707102 -4.93291e-06
    outer loop
      vertex -0.0714936 6.77022 -0.902965
      vertex -1.69915 8.39788 1.5
      vertex -0.35924 7.05797 -0.902965
    endloop
  endfacet
  facet normal -0.707093 -0.707121 2.00601e-05
    outer loop
      vertex -1.69915 8.39788 1.5
      vertex -0.0714936 6.77022 -0.902965
      vertex -7.63882e-07 6.69873 -0.902965
    endloop
  endfacet
  facet normal -0.707101 -0.707113 -1.25508e-05
    outer loop
      vertex 0.26835 6.43038 -1.28247
      vertex -5.74089e-07 6.69873 -1.5
      vertex 0.216253 6.48248 -1.5
    endloop
  endfacet
  facet normal -0.707106 -0.707108 -2.24784e-07
    outer loop
      vertex -5.74089e-07 6.69873 -1.5
      vertex 0.26835 6.43038 -1.28247
      vertex -7.63882e-07 6.69873 -0.902965
    endloop
  endfacet
  facet normal -0.707108 -0.707106 0
    outer loop
      vertex -0.638493 7.33722 -1.5
      vertex -1.69915 8.39788 1.5
      vertex -1.69915 8.39788 0
    endloop
  endfacet
  facet normal 0.49999 -0.499981 0.707127
    outer loop
      vertex 0.781406 6.6358 -1.5
      vertex 0.718478 6.69873 -1.41101
      vertex 0.671438 6.52583 -1.5
    endloop
  endfacet
  facet normal 0.500006 -0.499989 0.70711
    outer loop
      vertex -7.63882e-07 6.69873 -0.902965
      vertex 0.558862 6.60357 -1.36543
      vertex 0.718478 6.69873 -1.41101
    endloop
  endfacet
  facet normal 0.500001 -0.499999 0.707107
    outer loop
      vertex 0.558862 6.60357 -1.36543
      vertex -7.63882e-07 6.69873 -0.902965
      vertex 0.26835 6.43038 -1.28247
    endloop
  endfacet
  facet normal 0.500003 -0.499998 0.707106
    outer loop
      vertex -1.33991 8.75712 1.5
      vertex -7.63882e-07 6.69873 -0.902965
      vertex 0.718478 6.69873 -1.41101
    endloop
  endfacet
  facet normal 0.5 -0.5 0.707106
    outer loop
      vertex -7.63882e-07 6.69873 -0.902965
      vertex -1.33991 8.75712 1.5
      vertex -1.69915 8.39788 1.5
    endloop
  endfacet
  facet normal 0.857537 0.399884 0.323609
    outer loop
      vertex 0.725324 6.71643 -1.45101
      vertex 0.115915 8.06293 -1.5
      vertex -0.959094 9.13794 0.0202942
    endloop
  endfacet
  facet normal 0.857533 0.39988 0.323625
    outer loop
      vertex 0.115915 8.06293 -1.5
      vertex 0.728201 6.72386 -1.46783
      vertex 0.733706 6.73809 -1.5
    endloop
  endfacet
  facet normal 0.857622 0.399913 0.323349
    outer loop
      vertex 0.115915 8.06293 -1.5
      vertex 0.725324 6.71643 -1.45101
      vertex 0.728201 6.72386 -1.46783
    endloop
  endfacet
  facet normal 0.857554 0.399874 0.323578
    outer loop
      vertex 0.781406 6.6358 -1.5
      vertex 0.752062 6.69873 -1.5
      vertex 0.737633 6.69873 -1.46176
    endloop
  endfacet
  facet normal 0.857547 0.399813 0.323671
    outer loop
      vertex 0.781406 6.6358 -1.5
      vertex 0.737633 6.69873 -1.46176
      vertex 0.718478 6.69873 -1.41101
    endloop
  endfacet
  facet normal 0.857538 0.399882 0.32361
    outer loop
      vertex 0.718478 6.69873 -1.41101
      vertex -0.959094 9.13794 0.0202942
      vertex -1.33991 8.75712 1.5
    endloop
  endfacet
  facet normal 0.857531 0.39983 0.323691
    outer loop
      vertex -0.959094 9.13794 0.0202942
      vertex 0.718478 6.69873 -1.41101
      vertex 0.725324 6.71643 -1.45101
    endloop
  endfacet
  facet normal 0.499999 -0.500001 0.707107
    outer loop
      vertex -0.676224 9.42081 0.0202942
      vertex 0.115915 8.06293 -1.5
      vertex 0.398786 8.3458 -1.5
    endloop
  endfacet
  facet normal 0.5 -0.5 0.707107
    outer loop
      vertex 0.115915 8.06293 -1.5
      vertex -0.676224 9.42081 0.0202942
      vertex -0.959094 9.13794 0.0202942
    endloop
  endfacet
  facet normal 0.85754 0.399865 0.323625
    outer loop
      vertex 0.398786 8.3458 -1.5
      vertex -0.284939 9.8121 -1.5
      vertex -0.676224 9.42081 0.0202942
    endloop
  endfacet
  facet normal 0 0 -1
    outer loop
      vertex 3.90063 -0.0573683 -1.5
      vertex 4.74055 1.52845 -1.5
      vertex 4.94057 1.182 -1.5
    endloop
  endfacet
  facet normal -0 0 -1
    outer loop
      vertex 4.74055 1.52845 -1.5
      vertex 3.90063 -0.0573683 -1.5
      vertex 4.19967 2.42468 -1.5
    endloop
  endfacet
  facet normal 0 0 -1
    outer loop
      vertex 4.19967 2.42468 -1.5
      vertex 5.75273 2.7347 -1.5
      vertex 4.74055 1.52845 -1.5
    endloop
  endfacet
  facet normal -0 0 -1
    outer loop
      vertex 5.75273 2.7347 -1.5
      vertex 4.19967 2.42468 -1.5
      vertex 5.49871 3.17468 -1.5
    endloop
  endfacet
  facet normal 0 0 -1
    outer loop
      vertex 4.19967 2.42468 -1.5
      vertex 3.69395 3.34121 -1.5
      vertex 5.24469 3.61466 -1.5
    endloop
  endfacet
  facet normal 0 0 -1
    outer loop
      vertex 1.6016 0.924682 -1.5
      vertex 4.19967 2.42468 -1.5
      vertex 3.90063 -0.0573683 -1.5
    endloop
  endfacet
  facet normal 0 -0 -1
    outer loop
      vertex 1.90063 3.40673 -1.5
      vertex 4.19967 2.42468 -1.5
      vertex 1.6016 0.924682 -1.5
    endloop
  endfacet
  facet normal 0 0 -1
    outer loop
      vertex 1.6016 0.924682 -1.5
      vertex 3.90063 -0.0573683 -1.5
      vertex 2.71782 -0.265917 -1.5
    endloop
  endfacet
  facet normal 0 0 -1
    outer loop
      vertex 4.19967 2.42468 -1.5
      vertex 1.90063 3.40673 -1.5
      vertex 3.69395 3.34121 -1.5
    endloop
  endfacet
  facet normal 0 0 -1
    outer loop
      vertex 1.55445 0.89746 -1.5
      vertex 2.71782 -0.265917 -1.5
      vertex 2.50927 -1.44873 -1.5
    endloop
  endfacet
  facet normal 0 0 -1
    outer loop
      vertex 3.69395 3.34121 -1.5
      vertex 1.90063 3.40673 -1.5
      vertex 3.49393 3.68766 -1.5
    endloop
  endfacet
  facet normal 0 0 -1
    outer loop
      vertex 0 -1.79492 -1.5
      vertex 2.50927 -1.44873 -1.5
      vertex 1.5892 -2.22074 -1.5
    endloop
  endfacet
  facet normal 0 0 -1
    outer loop
      vertex 2.71782 -0.265917 -1.5
      vertex 1.55445 0.89746 -1.5
      vertex 1.6016 0.924682 -1.5
    endloop
  endfacet
  facet normal 0 0 -1
    outer loop
      vertex -3.90063 -0.0573683 -1.5
      vertex -4.74055 1.52845 -1.5
      vertex -4.19967 2.42468 -1.5
    endloop
  endfacet
  facet normal 0 -0 -1
    outer loop
      vertex -4.74055 1.52845 -1.5
      vertex -3.90063 -0.0573683 -1.5
      vertex -4.94057 1.182 -1.5
    endloop
  endfacet
  facet normal 0 0 -1
    outer loop
      vertex 0 -1.79492 -1.5
      vertex -1.57769 0.89746 -1.5
      vertex -1.55445 0.89746 -1.5
    endloop
  endfacet
  facet normal 0 0 -1
    outer loop
      vertex -2.50927 -1.44873 -1.5
      vertex 0 -1.84936 -1.5
      vertex -1.5892 -2.22074 -1.5
    endloop
  endfacet
  facet normal 0 0 -1
    outer loop
      vertex 0 -1.84936 -1.5
      vertex -2 -3.34936 -1.5
      vertex -1.5892 -2.22074 -1.5
    endloop
  endfacet
  facet normal 0 0 -1
    outer loop
      vertex -0.508041 -6.34936 -1.5
      vertex 0 -4.84936 -1.5
      vertex 0 -6.34936 -1.5
    endloop
  endfacet
  facet normal 0 0 -1
    outer loop
      vertex -2 -3.34936 -1.5
      vertex 0 -4.84936 -1.5
      vertex -1.0466 -4.86966 -1.5
    endloop
  endfacet
  facet normal 0 0 -1
    outer loop
      vertex -2 -3.34936 -1.5
      vertex -1.0466 -4.86966 -1.5
      vertex -1.44664 -4.86966 -1.5
    endloop
  endfacet
  facet normal 0 0 -1
    outer loop
      vertex 0 -4.84936 -1.5
      vertex -0.508041 -6.34936 -1.5
      vertex -1.0466 -4.86966 -1.5
    endloop
  endfacet
  facet normal 0 0 -1
    outer loop
      vertex 0 -4.84936 -1.5
      vertex -2 -3.34936 -1.5
      vertex 0 -1.84936 -1.5
    endloop
  endfacet
  facet normal 0 0 -1
    outer loop
      vertex 0 -1.79492 -1.5
      vertex -1.55445 0.89746 -1.5
      vertex 0 2.89746 -1.5
    endloop
  endfacet
  facet normal 0 0 -1
    outer loop
      vertex -1.57769 0.89746 -1.5
      vertex 0 -1.79492 -1.5
      vertex 0 -1.84936 -1.5
    endloop
  endfacet
  facet normal 0 0 -1
    outer loop
      vertex 0 2.89746 -1.5
      vertex -1.55445 0.89746 -1.5
      vertex -1.12862 2.48666 -1.5
    endloop
  endfacet
  facet normal 0 0 -1
    outer loop
      vertex -1.6016 0.924682 -1.5
      vertex -1.12862 2.48666 -1.5
      vertex -1.55445 0.89746 -1.5
    endloop
  endfacet
  facet normal -0 0 -1
    outer loop
      vertex -1.12862 2.48666 -1.5
      vertex -1.6016 0.924682 -1.5
      vertex -1.90063 3.40673 -1.5
    endloop
  endfacet
  facet normal 0 0 -1
    outer loop
      vertex 0 -1.84936 -1.5
      vertex 2 -3.34936 -1.5
      vertex 0 -4.84936 -1.5
    endloop
  endfacet
  facet normal 0 0 -1
    outer loop
      vertex 2 -3.34936 -1.5
      vertex 0 -1.84936 -1.5
      vertex 0.0116224 -1.81505 -1.5
    endloop
  endfacet
  facet normal 0 0 -1
    outer loop
      vertex 0 -1.84936 -1.5
      vertex -2.50927 -1.44873 -1.5
      vertex -1.57769 0.89746 -1.5
    endloop
  endfacet
  facet normal 0 0 -1
    outer loop
      vertex -2.71782 -0.265917 -1.5
      vertex -1.57769 0.89746 -1.5
      vertex -2.50927 -1.44873 -1.5
    endloop
  endfacet
  facet normal -0 0 -1
    outer loop
      vertex -1.57769 0.89746 -1.5
      vertex -2.71782 -0.265917 -1.5
      vertex -1.6016 0.924682 -1.5
    endloop
  endfacet
  facet normal 0 0 -1
    outer loop
      vertex -3.90063 -0.0573683 -1.5
      vertex -1.6016 0.924682 -1.5
      vertex -2.71782 -0.265917 -1.5
    endloop
  endfacet
  facet normal 0 0 -1
    outer loop
      vertex -1.6016 0.924682 -1.5
      vertex -4.19967 2.42468 -1.5
      vertex -1.90063 3.40673 -1.5
    endloop
  endfacet
  facet normal -0 0 -1
    outer loop
      vertex -1.90063 3.40673 -1.5
      vertex -3.69395 3.34121 -1.5
      vertex -3.49393 3.68766 -1.5
    endloop
  endfacet
  facet normal -0 0 -1
    outer loop
      vertex -1.6016 0.924682 -1.5
      vertex -3.90063 -0.0573683 -1.5
      vertex -4.19967 2.42468 -1.5
    endloop
  endfacet
  facet normal 0 0 -1
    outer loop
      vertex -1.90063 3.40673 -1.5
      vertex -4.19967 2.42468 -1.5
      vertex -3.69395 3.34121 -1.5
    endloop
  endfacet
  facet normal 0 0 -1
    outer loop
      vertex -4.19967 2.42468 -1.5
      vertex -5.24469 3.61466 -1.5
      vertex -3.69395 3.34121 -1.5
    endloop
  endfacet
  facet normal 0 -0 -1
    outer loop
      vertex -5.24469 3.61466 -1.5
      vertex -4.19967 2.42468 -1.5
      vertex -5.49871 3.17468 -1.5
    endloop
  endfacet
  facet normal -0 0 -1
    outer loop
      vertex -4.19967 2.42468 -1.5
      vertex -4.74055 1.52845 -1.5
      vertex -5.75273 2.7347 -1.5
    endloop
  endfacet
  facet normal 0 0 -1
    outer loop
      vertex 0 -4.84936 -1.5
      vertex 2 -3.34936 -1.5
      vertex 1.0466 -4.86966 -1.5
    endloop
  endfacet
  facet normal 0 0 -1
    outer loop
      vertex 1.0466 -4.86966 -1.5
      vertex 2 -3.34936 -1.5
      vertex 1.44664 -4.86966 -1.5
    endloop
  endfacet
  facet normal 0 0 -1
    outer loop
      vertex 1.12862 2.48666 -1.5
      vertex 1.6016 0.924682 -1.5
      vertex 1.56607 0.917589 -1.5
    endloop
  endfacet
  facet normal 0 0 -1
    outer loop
      vertex 1.12862 2.48666 -1.5
      vertex 1.56607 0.917589 -1.5
      vertex 1.55445 0.89746 -1.5
    endloop
  endfacet
  facet normal 0 0 -1
    outer loop
      vertex 1.6016 0.924682 -1.5
      vertex 1.12862 2.48666 -1.5
      vertex 1.90063 3.40673 -1.5
    endloop
  endfacet
  facet normal 0 0 -1
    outer loop
      vertex 0 -1.79492 -1.5
      vertex 1.5892 -2.22074 -1.5
      vertex 0.0116224 -1.81505 -1.5
    endloop
  endfacet
  facet normal 0 0 -1
    outer loop
      vertex 2 -3.34936 -1.5
      vertex 0.0116224 -1.81505 -1.5
      vertex 1.5892 -2.22074 -1.5
    endloop
  endfacet
  facet normal 0 0 -1
    outer loop
      vertex 0 -4.84936 -1.5
      vertex 1.0466 -4.86966 -1.5
      vertex 0.508041 -6.34936 -1.5
    endloop
  endfacet
  facet normal -0 0 -1
    outer loop
      vertex 2.50927 -1.44873 -1.5
      vertex 0 -1.79492 -1.5
      vertex 1.55445 0.89746 -1.5
    endloop
  endfacet
  facet normal 0 0 -1
    outer loop
      vertex 0 2.89746 -1.5
      vertex 1.55445 0.89746 -1.5
      vertex 0 -1.79492 -1.5
    endloop
  endfacet
  facet normal 0 0 -1
    outer loop
      vertex 1.55445 0.89746 -1.5
      vertex 0 2.89746 -1.5
      vertex 1.12862 2.48666 -1.5
    endloop
  endfacet
  facet normal 0.931903 -0.163863 0.323583
    outer loop
      vertex 2.03005 -1.17205 0.0202942
      vertex 2.19085 -1.26489 -0.489816
      vertex 2.20143 -1.2482 -0.511834
    endloop
  endfacet
  facet normal 0.931814 -0.164301 0.323617
    outer loop
      vertex 2.20143 -1.2482 -0.511834
      vertex 2.61346 -0.161554 -1.14653
      vertex 2.03005 -1.17205 0.0202942
    endloop
  endfacet
  facet normal 0.931812 -0.164296 0.323625
    outer loop
      vertex 2.50927 -1.44873 -1.5
      vertex 2.61346 -0.161554 -1.14653
      vertex 2.20143 -1.2482 -0.511834
    endloop
  endfacet
  facet normal 0.93189 -0.163948 0.323579
    outer loop
      vertex 2.50927 -1.44873 -1.5
      vertex 2.20143 -1.2482 -0.511834
      vertex 2.19779 -1.26889 -0.511834
    endloop
  endfacet
  facet normal 0.931814 -0.164295 0.323621
    outer loop
      vertex 2.61346 -0.161554 -1.14653
      vertex 2.50927 -1.44873 -1.5
      vertex 2.71782 -0.265917 -1.5
    endloop
  endfacet
  facet normal 0.353479 0.612418 0.707105
    outer loop
      vertex 1.68361 -0.97203 0.0202942
      vertex 2.37165 0.0802547 -1.23503
      vertex 2.32061 0.131294 -1.25372
    endloop
  endfacet
  facet normal 0.353567 0.612364 0.707108
    outer loop
      vertex 2.37165 0.0802547 -1.23503
      vertex 1.68361 -0.97203 0.0202942
      vertex 2.61346 -0.161554 -1.14653
    endloop
  endfacet
  facet normal 0.353558 0.612371 0.707106
    outer loop
      vertex 2.61346 -0.161554 -1.14653
      vertex 1.68361 -0.97203 0.0202942
      vertex 2.03005 -1.17205 0.0202942
    endloop
  endfacet
  facet normal 0.931807 -0.164346 0.323614
    outer loop
      vertex 2.14472 0.307183 -0.657954
      vertex 2.05707 0.391161 -0.362929
      vertex 1.95987 0.35029 -0.10381
    endloop
  endfacet
  facet normal 0.931888 -0.164022 0.323546
    outer loop
      vertex 2.05707 0.391161 -0.362929
      vertex 2.14472 0.307183 -0.657954
      vertex 2.05976 0.392143 -0.370179
    endloop
  endfacet
  facet normal 0.931815 -0.164303 0.323614
    outer loop
      vertex 1.86475 0.304796 0.146981
      vertex 2.14472 0.307183 -0.657954
      vertex 1.95987 0.35029 -0.10381
    endloop
  endfacet
  facet normal 0.931817 -0.164332 0.323592
    outer loop
      vertex 1.2172 -0.70275 1.5
      vertex 1.86475 0.304796 0.146981
      vertex 1.77193 0.254782 0.388867
    endloop
  endfacet
  facet normal 0.931884 -0.164971 0.323075
    outer loop
      vertex 1.2172 -0.70275 1.5
      vertex 1.77193 0.254782 0.388867
      vertex 1.76902 0.253026 0.396364
    endloop
  endfacet
  facet normal 0.931815 -0.164301 0.323614
    outer loop
      vertex 1.86475 0.304796 0.146981
      vertex 1.2172 -0.70275 1.5
      vertex 2.14472 0.307183 -0.657954
    endloop
  endfacet
  facet normal 0.931815 -0.1643 0.323615
    outer loop
      vertex 2.14472 0.307183 -0.657954
      vertex 1.2172 -0.70275 1.5
      vertex 2.26228 0.189626 -1.05614
    endloop
  endfacet
  facet normal 0.931815 -0.164305 0.323613
    outer loop
      vertex 1.68361 -0.97203 0.0202942
      vertex 2.26228 0.189626 -1.05614
      vertex 1.2172 -0.70275 1.5
    endloop
  endfacet
  facet normal 0.931816 -0.164314 0.323604
    outer loop
      vertex 2.26228 0.189626 -1.05614
      vertex 1.68361 -0.97203 0.0202942
      vertex 2.32061 0.131294 -1.25372
    endloop
  endfacet
  facet normal -0.628371 0.715451 0.305417
    outer loop
      vertex 0.837379 -0.350089 -0.107304
      vertex 1.05159 0.0264938 -0.548741
      vertex 0.777223 -0.44873 0
    endloop
  endfacet
  facet normal -0.628296 0.715488 0.305485
    outer loop
      vertex 0.902208 -0.254455 -0.197957
      vertex 1.05159 0.0264938 -0.548741
      vertex 0.837379 -0.350089 -0.107304
    endloop
  endfacet
  facet normal -0.628308 0.715482 0.305475
    outer loop
      vertex 0.97156 -0.162046 -0.271752
      vertex 1.05159 0.0264938 -0.548741
      vertex 0.902208 -0.254455 -0.197957
    endloop
  endfacet
  facet normal -0.62833 0.715469 0.30546
    outer loop
      vertex 1.04527 -0.0730791 -0.328515
      vertex 1.05159 0.0264938 -0.548741
      vertex 0.97156 -0.162046 -0.271752
    endloop
  endfacet
  facet normal -0.628286 0.715501 0.305476
    outer loop
      vertex 1.12318 0.0122414 -0.368116
      vertex 1.05159 0.0264938 -0.548741
      vertex 1.04527 -0.0730791 -0.328515
    endloop
  endfacet
  facet normal -0.628329 0.715457 0.305489
    outer loop
      vertex 1.20509 0.0937195 -0.390466
      vertex 1.05159 0.0264938 -0.548741
      vertex 1.12318 0.0122414 -0.368116
    endloop
  endfacet
  facet normal -0.628321 0.71547 0.305477
    outer loop
      vertex 1.05159 0.0264938 -0.548741
      vertex 1.20509 0.0937195 -0.390466
      vertex 1.28756 0.168217 -0.395321
    endloop
  endfacet
  facet normal -0.628318 0.715478 0.305462
    outer loop
      vertex 1.76902 0.253026 0.396364
      vertex 0.959088 -0.553729 0.620028
      vertex 1.2172 -0.70275 1.5
    endloop
  endfacet
  facet normal -0.628327 0.715481 0.305439
    outer loop
      vertex 0.959088 -0.553729 0.620028
      vertex 1.76902 0.253026 0.396364
      vertex 1.01399 -0.46371 0.522102
    endloop
  endfacet
  facet normal -0.628313 0.715474 0.305482
    outer loop
      vertex 1.68162 0.200363 0.339943
      vertex 1.01399 -0.46371 0.522102
      vertex 1.76902 0.253026 0.396364
    endloop
  endfacet
  facet normal -0.628308 0.715473 0.305496
    outer loop
      vertex 1.01399 -0.46371 0.522102
      vertex 1.68162 0.200363 0.339943
      vertex 1.07315 -0.376432 0.43937
    endloop
  endfacet
  facet normal -0.628327 0.715482 0.305433
    outer loop
      vertex 1.59403 0.141667 0.297252
      vertex 1.07315 -0.376432 0.43937
      vertex 1.68162 0.200363 0.339943
    endloop
  endfacet
  facet normal -0.628315 0.715479 0.305466
    outer loop
      vertex 1.07315 -0.376432 0.43937
      vertex 1.59403 0.141667 0.297252
      vertex 1.13644 -0.292101 0.372027
    endloop
  endfacet
  facet normal -0.628315 0.715479 0.305468
    outer loop
      vertex 1.50936 0.0788288 0.270277
      vertex 1.13644 -0.292101 0.372027
      vertex 1.59403 0.141667 0.297252
    endloop
  endfacet
  facet normal -0.62831 0.715478 0.305479
    outer loop
      vertex 1.13644 -0.292101 0.372027
      vertex 1.50936 0.0788288 0.270277
      vertex 1.20371 -0.210908 0.320222
    endloop
  endfacet
  facet normal -0.628332 0.715488 0.30541
    outer loop
      vertex 1.20371 -0.210908 0.320222
      vertex 1.50936 0.0788288 0.270277
      vertex 1.27481 -0.133042 0.284081
    endloop
  endfacet
  facet normal -0.628325 0.715483 0.305438
    outer loop
      vertex 1.42781 0.0119925 0.259081
      vertex 1.27481 -0.133042 0.284081
      vertex 1.50936 0.0788288 0.270277
    endloop
  endfacet
  facet normal -0.628196 0.715418 0.305853
    outer loop
      vertex 1.27481 -0.133042 0.284081
      vertex 1.42781 0.0119925 0.259081
      vertex 1.34956 -0.0586853 0.263684
    endloop
  endfacet
  facet normal 0.866072 -0.49992 -5.82139e-06
    outer loop
      vertex 1.19764 0.279453 0.166861
      vertex 1.1742 0.238848 -0.0878937
      vertex 1.21293 0.305943 0.0577138
    endloop
  endfacet
  facet normal 0.866051 -0.499956 1.9585e-06
    outer loop
      vertex 1.17381 0.238174 0.315067
      vertex 1.1742 0.238848 -0.0878937
      vertex 1.19764 0.279453 0.166861
    endloop
  endfacet
  facet normal 0.866032 -0.499988 1.8879e-06
    outer loop
      vertex 1.13382 0.168908 0.563762
      vertex 1.1742 0.238848 -0.0878937
      vertex 1.17381 0.238174 0.315067
    endloop
  endfacet
  facet normal 0.866028 -0.499996 6.94907e-06
    outer loop
      vertex 0.777223 -0.44873 1.5
      vertex 1.13382 0.168908 0.563762
      vertex 1.09791 0.106712 0.753596
    endloop
  endfacet
  facet normal 0.866043 -0.499969 3.31723e-05
    outer loop
      vertex 0.777223 -0.44873 1.5
      vertex 1.09791 0.106712 0.753596
      vertex 1.07179 0.0614763 0.891662
    endloop
  endfacet
  facet normal 0.866064 -0.499933 7.37235e-05
    outer loop
      vertex 0.777223 -0.44873 1.5
      vertex 1.07179 0.0614763 0.891662
      vertex 1.06359 0.0472762 0.927262
    endloop
  endfacet
  facet normal 0.866023 -0.500004 -4.41329e-07
    outer loop
      vertex 1.13382 0.168908 0.563762
      vertex 0.777223 -0.44873 1.5
      vertex 1.1742 0.238848 -0.0878937
    endloop
  endfacet
  facet normal 0.86603 -0.499992 -7.11935e-06
    outer loop
      vertex 1.55445 0.89746 -0.0544465
      vertex 1.75798 1.25 -0.600953
      vertex 1.77884 1.28613 -0.503241
    endloop
  endfacet
  facet normal 0.866035 -0.499983 0
    outer loop
      vertex 1.55445 0.89746 -1.5
      vertex 1.75798 1.25 -0.600953
      vertex 1.55445 0.89746 -0.0544465
    endloop
  endfacet
  facet normal 0.866053 -0.499952 -1.62984e-05
    outer loop
      vertex 1.75798 1.25 -0.600953
      vertex 1.55445 0.89746 -1.5
      vertex 1.56607 0.917589 -1.5
    endloop
  endfacet
  facet normal 0.866023 -0.500004 0
    outer loop
      vertex 1.28948 0.438522 0.210522
      vertex 1.55445 0.897459 -0.0544453
      vertex 1.28948 0.438522 0.47549
    endloop
  endfacet
  facet normal 0.866023 -0.500003 0
    outer loop
      vertex 0.777223 -0.44873 0
      vertex 1.1742 0.238848 -0.0878937
      vertex 0.777223 -0.44873 1.5
    endloop
  endfacet
  facet normal 0.866023 -0.500004 -1.08541e-05
    outer loop
      vertex 1.1742 0.238848 -0.0878937
      vertex 0.777223 -0.44873 0
      vertex 1.05159 0.0264938 -0.548741
    endloop
  endfacet
  facet normal 0.353553 0.612372 0.707107
    outer loop
      vertex 0.674493 0.389419 0.825507
      vertex 1.28948 0.438522 0.47549
      vertex 1.55445 0.897459 -0.0544453
    endloop
  endfacet
  facet normal 0.35355 0.612379 0.707103
    outer loop
      vertex 1.28948 0.438522 0.47549
      vertex 0.674493 0.389419 0.825507
      vertex 1.25102 0.409977 0.519441
    endloop
  endfacet
  facet normal 0.353553 0.61237 0.707109
    outer loop
      vertex 1.25102 0.409977 0.519441
      vertex 0.674493 0.389419 0.825507
      vertex 1.15385 0.33034 0.636993
    endloop
  endfacet
  facet normal 0.353552 0.612375 0.707105
    outer loop
      vertex 1.15385 0.33034 0.636993
      vertex 0.674493 0.389419 0.825507
      vertex 1.06062 0.246126 0.75654
    endloop
  endfacet
  facet normal 0.353551 0.612367 0.707113
    outer loop
      vertex 1.06062 0.246126 0.75654
      vertex 0.674493 0.389419 0.825507
      vertex 0.971544 0.157527 0.877805
    endloop
  endfacet
  facet normal 0.353556 0.612373 0.707105
    outer loop
      vertex 0.971544 0.157527 0.877805
      vertex 0.674493 0.389419 0.825507
      vertex 0.886832 0.0647488 1.00051
    endloop
  endfacet
  facet normal 0.220478 0.570601 0.791078
    outer loop
      vertex 0.674492 0.389418 0.825508
      vertex 0.886832 0.0647488 1.00051
      vertex 0.674493 0.389419 0.825507
    endloop
  endfacet
  facet normal 0.353561 0.612375 0.707101
    outer loop
      vertex 0.886832 0.0647488 1.00051
      vertex 0.674492 0.389418 0.825508
      vertex 0.806678 -0.0319929 1.12437
    endloop
  endfacet
  facet normal 0.353561 0.612375 0.707101
    outer loop
      vertex 0.806678 -0.0319929 1.12437
      vertex 0.674492 0.389418 0.825508
      vertex 0.731266 -0.132477 1.2491
    endloop
  endfacet
  facet normal 0.353544 0.612378 0.707107
    outer loop
      vertex 0.337246 -0.194709 1.5
      vertex 0.731266 -0.132477 1.2491
      vertex 0.674492 0.389418 0.825508
    endloop
  endfacet
  facet normal 0.353564 0.612342 0.707128
    outer loop
      vertex 0.731266 -0.132477 1.2491
      vertex 0.337246 -0.194709 1.5
      vertex 0.660771 -0.236469 1.3744
    endloop
  endfacet
  facet normal 0.35356 0.612365 0.70711
    outer loop
      vertex 0.660771 -0.236469 1.3744
      vertex 0.337246 -0.194709 1.5
      vertex 0.59536 -0.343724 1.49999
    endloop
  endfacet
  facet normal 0.353568 0.612363 0.707107
    outer loop
      vertex 0.951914 -0.109459 1.11884
      vertex 1.02382 -0.00596672 0.99326
      vertex 1.00188 -0.0353307 1.02966
    endloop
  endfacet
  facet normal 0.353589 0.61235 0.707108
    outer loop
      vertex 0.777223 -0.44873 1.5
      vertex 1.02382 -0.00596672 0.99326
      vertex 0.951914 -0.109459 1.11884
    endloop
  endfacet
  facet normal 0.353017 0.612662 0.707124
    outer loop
      vertex 0.777223 -0.44873 1.5
      vertex 0.951914 -0.109459 1.11884
      vertex 0.935591 -0.133675 1.14797
    endloop
  endfacet
  facet normal 0.353499 0.612402 0.707108
    outer loop
      vertex 0.777223 -0.44873 1.5
      vertex 0.935591 -0.133675 1.14797
      vertex 0.8857 -0.216011 1.24422
    endloop
  endfacet
  facet normal 0.353251 0.612531 0.70712
    outer loop
      vertex 0.777223 -0.44873 1.5
      vertex 0.8857 -0.216011 1.24422
      vertex 0.87442 -0.234626 1.26598
    endloop
  endfacet
  facet normal 0.35368 0.612311 0.707097
    outer loop
      vertex 0.777223 -0.44873 1.5
      vertex 0.87442 -0.234626 1.26598
      vertex 0.825282 -0.32528 1.36906
    endloop
  endfacet
  facet normal 0.343479 0.617838 0.707318
    outer loop
      vertex 0.812881 -0.349445 1.39619
      vertex 0.825282 -0.32528 1.36906
      vertex 0.818439 -0.337904 1.38341
    endloop
  endfacet
  facet normal 0.354021 0.612147 0.707068
    outer loop
      vertex 0.825282 -0.32528 1.36906
      vertex 0.812881 -0.349445 1.39619
      vertex 0.777223 -0.44873 1.5
    endloop
  endfacet
  facet normal 0.353805 0.612227 0.707106
    outer loop
      vertex 1.02382 -0.00596672 0.99326
      vertex 0.777223 -0.44873 1.5
      vertex 1.06359 0.0472762 0.927262
    endloop
  endfacet
  facet normal 0.353568 0.612357 0.707113
    outer loop
      vertex 0.767706 -0.443235 1.5
      vertex 0.777223 -0.44873 1.5
      vertex 0.812881 -0.349445 1.39619
    endloop
  endfacet
  facet normal 0 0 1
    outer loop
      vertex 0.767706 -0.443235 1.5
      vertex 0.337246 -0.194709 1.5
      vertex 0.777223 -0.44873 1.5
    endloop
  endfacet
  facet normal 0.42643 0.738599 0.52214
    outer loop
      vertex 0.337246 -0.194709 1.5
      vertex 0.767706 -0.443235 1.5
      vertex 0.59536 -0.343724 1.49999
    endloop
  endfacet
  facet normal 0.353545 0.612378 0.707106
    outer loop
      vertex 1.45275 1.27696 -0.332258
      vertex 1.55445 0.89746 -0.0544465
      vertex 1.77884 1.28613 -0.503241
    endloop
  endfacet
  facet normal 0.35356 0.612378 0.707099
    outer loop
      vertex 1.16518 1.23931 -0.155862
      vertex 1.55445 0.89746 -0.0544465
      vertex 1.45275 1.27696 -0.332258
    endloop
  endfacet
  facet normal 0.353552 0.612371 0.707109
    outer loop
      vertex 1.55445 0.89746 -0.0544465
      vertex 1.16518 1.23931 -0.155862
      vertex 0.96781 0.89746 0.238871
    endloop
  endfacet
  facet normal -0.6082 0.724821 0.323616
    outer loop
      vertex 0.565679 0.89746 -0.516908
      vertex 0.580594 0.915124 -0.52844
      vertex 0.548741 0.89746 -0.548741
    endloop
  endfacet
  facet normal -0.608204 0.72482 0.32361
    outer loop
      vertex 0.674492 0.389418 0.825508
      vertex 0 -1.34034e-07 0.430061
      vertex 0.337246 -0.194709 1.5
    endloop
  endfacet
  facet normal -0.596914 0.753182 0.276425
    outer loop
      vertex 0 -1.34034e-07 0.430061
      vertex 0.674492 0.389418 0.825508
      vertex 1.5774e-13 2.32976e-07 0.43006
    endloop
  endfacet
  facet normal -0.608203 0.724822 0.323609
    outer loop
      vertex 1.16518 1.23931 -0.155862
      vertex 0.565679 0.89746 -0.516908
      vertex 0.96781 0.89746 0.238871
    endloop
  endfacet
  facet normal -0.608203 0.724821 0.323611
    outer loop
      vertex 0.565679 0.89746 -0.516908
      vertex 1.16518 1.23931 -0.155862
      vertex 0.580594 0.915124 -0.52844
    endloop
  endfacet
  facet normal 0.607936 -0.725051 0.323597
    outer loop
      vertex 2.03005 -1.17205 0.0202942
      vertex 2.18218 -1.27854 -0.504112
      vertex 2.19085 -1.26489 -0.489816
    endloop
  endfacet
  facet normal 0.608484 -0.724564 0.323657
    outer loop
      vertex 2.03005 -1.17205 0.0202942
      vertex 2.1795 -1.28424 -0.511834
      vertex 2.18218 -1.27854 -0.504112
    endloop
  endfacet
  facet normal 0.608181 -0.724832 0.323628
    outer loop
      vertex 1.44664 -2.18254 -1.14653
      vertex 2.1795 -1.28424 -0.511834
      vertex 2.03005 -1.17205 0.0202942
    endloop
  endfacet
  facet normal 0.608187 -0.724831 0.323619
    outer loop
      vertex 2.50927 -1.44873 -1.5
      vertex 2.1795 -1.28424 -0.511834
      vertex 1.44664 -2.18254 -1.14653
    endloop
  endfacet
  facet normal 0.608187 -0.724828 0.323625
    outer loop
      vertex 2.50927 -1.44873 -1.5
      vertex 1.44664 -2.18254 -1.14653
      vertex 1.5892 -2.22074 -1.5
    endloop
  endfacet
  facet normal 0.608261 -0.724762 0.323632
    outer loop
      vertex 2.1795 -1.28424 -0.511834
      vertex 2.50927 -1.44873 -1.5
      vertex 2.19779 -1.26889 -0.511834
    endloop
  endfacet
  facet normal -0.353558 -0.612373 0.707104
    outer loop
      vertex 1.68361 -0.97203 0.0202942
      vertex 1.44664 -2.18254 -1.14653
      vertex 2.03005 -1.17205 0.0202942
    endloop
  endfacet
  facet normal -0.353552 -0.612375 0.707105
    outer loop
      vertex 1.44664 -2.18254 -1.14653
      vertex 1.68361 -0.97203 0.0202942
      vertex 1.0466 -2.07535 -1.25372
    endloop
  endfacet
  facet normal 0.608203 -0.72482 0.323613
    outer loop
      vertex 0.508042 -1.93105 0.0816835
      vertex 1.68361 -0.97203 0.0202942
      vertex 1.2172 -0.70275 1.5
    endloop
  endfacet
  facet normal 0.608203 -0.72482 0.323613
    outer loop
      vertex 1.68361 -0.97203 0.0202942
      vertex 0.508042 -1.93105 0.0816835
      vertex 0.806333 -2.01098 -0.657954
    endloop
  endfacet
  facet normal 0.608211 -0.724819 0.3236
    outer loop
      vertex 1.0466 -2.07535 -1.25372
      vertex 1.68361 -0.97203 0.0202942
      vertex 0.806333 -2.01098 -0.657954
    endloop
  endfacet
  facet normal -0.93378 0.186393 0.30547
    outer loop
      vertex 0.502224 -0.960371 -0.528439
      vertex 0.777223 -0.44873 0
      vertex 0.502852 -0.923953 -0.548741
    endloop
  endfacet
  facet normal -0.933781 0.186403 0.305461
    outer loop
      vertex 0.495733 -1.33633 -0.318859
      vertex 0.777223 -0.44873 0
      vertex 0.502224 -0.960371 -0.528439
    endloop
  endfacet
  facet normal -0.933781 0.186403 0.305461
    outer loop
      vertex 0.777223 -0.44873 0
      vertex 0.495733 -1.33633 -0.318859
      vertex 0.959085 -0.553735 0.620021
    endloop
  endfacet
  facet normal -0.933781 0.186403 0.305462
    outer loop
      vertex 0.959085 -0.553735 0.620021
      vertex 0.495733 -1.33633 -0.318859
      vertex 1.2172 -0.70275 1.5
    endloop
  endfacet
  facet normal -0.946186 0.124672 0.298647
    outer loop
      vertex 0.959088 -0.553729 0.620028
      vertex 0.959085 -0.553735 0.620021
      vertex 1.2172 -0.70275 1.5
    endloop
  endfacet
  facet normal -0.933781 0.186402 0.305462
    outer loop
      vertex 0.490684 -1.62873 -0.155862
      vertex 1.2172 -0.70275 1.5
      vertex 0.495733 -1.33633 -0.318859
    endloop
  endfacet
  facet normal -0.933782 0.1864 0.30546
    outer loop
      vertex 0.508041 -1.93105 0.0816818
      vertex 0.490684 -1.62873 -0.155862
      vertex 0.379506 -1.89661 -0.332262
    endloop
  endfacet
  facet normal -0.933781 0.186402 0.305462
    outer loop
      vertex 0.490684 -1.62873 -0.155862
      vertex 0.508041 -1.93105 0.0816818
      vertex 1.2172 -0.70275 1.5
    endloop
  endfacet
  facet normal -0.85863 -0.0874818 0.505076
    outer loop
      vertex 1.2172 -0.70275 1.5
      vertex 0.508041 -1.93105 0.0816818
      vertex 0.508042 -1.93105 0.0816835
    endloop
  endfacet
  facet normal 0.866026 -0.499999 0
    outer loop
      vertex 0.293318 -1.28688 0.238872
      vertex 0.777223 -0.44873 0
      vertex 0.777223 -0.44873 1.5
    endloop
  endfacet
  facet normal 0.866025 -0.5 -5.55536e-06
    outer loop
      vertex 0.777223 -0.44873 0
      vertex 0.293318 -1.28688 0.238872
      vertex 0.445198 -1.02381 -0.332025
    endloop
  endfacet
  facet normal 0.866024 -0.500003 3.03875e-06
    outer loop
      vertex 0.293318 -1.28688 0.238872
      vertex 0.777223 -0.44873 1.5
      vertex 0 -1.79492 -0.0544463
    endloop
  endfacet
  facet normal 0 -1 0
    outer loop
      vertex 1.14882e-07 -1.79492 -0.777223
      vertex 0 -1.79492 -0.0544463
      vertex 0 -1.79492 -0.777223
    endloop
  endfacet
  facet normal 0.86603 -0.499992 -1.06668e-05
    outer loop
      vertex 0.777223 -0.44873 0
      vertex 0.494384 -0.938621 -0.516908
      vertex 0.502852 -0.923953 -0.548741
    endloop
  endfacet
  facet normal 0.866022 -0.500006 6.47972e-06
    outer loop
      vertex 0.494384 -0.938621 -0.516908
      vertex 0.777223 -0.44873 0
      vertex 0.445198 -1.02381 -0.332025
    endloop
  endfacet
  facet normal 0 -1 0
    outer loop
      vertex 0 -1.79492 -1.5
      vertex 1.14882e-07 -1.79492 -0.777223
      vertex 0 -1.79492 -0.777223
    endloop
  endfacet
  facet normal -0.353554 -0.612372 0.707107
    outer loop
      vertex 0 -0.778836 0.825508
      vertex 0.777223 -0.44873 1.5
      vertex 0.337246 -0.194709 1.5
    endloop
  endfacet
  facet normal -0.353554 -0.612372 0.707107
    outer loop
      vertex 0 -1.79492 -0.0544457
      vertex 0.777223 -0.44873 1.5
      vertex 0 -0.778836 0.825508
    endloop
  endfacet
  facet normal 0.866025 -0.5 0
    outer loop
      vertex 0.777223 -0.44873 1.5
      vertex 0 -1.79492 -0.0544457
      vertex 0 -1.79492 -0.0544463
    endloop
  endfacet
  facet normal -0.353559 -0.612375 0.707102
    outer loop
      vertex -0.293318 -1.28688 0.238872
      vertex -0.474475 -1.66778 -0.181581
      vertex -4.59898e-07 -1.79492 -0.0544458
    endloop
  endfacet
  facet normal -0.353449 -0.612433 0.707107
    outer loop
      vertex -0.474475 -1.66778 -0.181581
      vertex -0.293318 -1.28688 0.238872
      vertex -0.490685 -1.62873 -0.155862
    endloop
  endfacet
  facet normal -0.931815 0.16431 0.32361
    outer loop
      vertex 0.337246 -0.194709 1.5
      vertex 0 -1.34034e-07 0.430061
      vertex -8.99796e-08 -0.482678 0.675136
    endloop
  endfacet
  facet normal -0.931815 0.16431 0.32361
    outer loop
      vertex 0 -0.778836 0.825508
      vertex 0.337246 -0.194709 1.5
      vertex -8.99796e-08 -0.482678 0.675136
    endloop
  endfacet
  facet normal -0.931813 0.164314 0.323614
    outer loop
      vertex -0.498091 -1.19976 -0.39499
      vertex -0.380249 -1.13631 -0.0878926
      vertex -0.502852 -0.923952 -0.54874
    endloop
  endfacet
  facet normal -0.931813 0.164311 0.323615
    outer loop
      vertex -0.490685 -1.62873 -0.155862
      vertex -0.380249 -1.13631 -0.0878926
      vertex -0.498091 -1.19976 -0.39499
    endloop
  endfacet
  facet normal -0.931815 0.164312 0.323609
    outer loop
      vertex -0.380249 -1.13631 -0.0878926
      vertex -0.490685 -1.62873 -0.155862
      vertex -0.293318 -1.28688 0.238872
    endloop
  endfacet
  facet normal -0.608261 -0.724762 0.323632
    outer loop
      vertex -2.50927 -1.44873 -1.5
      vertex -2.1795 -1.28424 -0.511834
      vertex -2.19779 -1.26889 -0.511834
    endloop
  endfacet
  facet normal -0.608187 -0.724831 0.323619
    outer loop
      vertex -2.1795 -1.28424 -0.511834
      vertex -2.50927 -1.44873 -1.5
      vertex -1.44664 -2.18254 -1.14653
    endloop
  endfacet
  facet normal -0.608187 -0.724828 0.323625
    outer loop
      vertex -1.44664 -2.18254 -1.14653
      vertex -2.50927 -1.44873 -1.5
      vertex -1.5892 -2.22074 -1.5
    endloop
  endfacet
  facet normal -0.607936 -0.725051 0.323597
    outer loop
      vertex -2.18218 -1.27854 -0.504112
      vertex -2.03005 -1.17205 0.0202942
      vertex -2.19085 -1.26489 -0.489816
    endloop
  endfacet
  facet normal -0.608484 -0.724564 0.323657
    outer loop
      vertex -2.1795 -1.28424 -0.511834
      vertex -2.03005 -1.17205 0.0202942
      vertex -2.18218 -1.27854 -0.504112
    endloop
  endfacet
  facet normal -0.608181 -0.724832 0.323628
    outer loop
      vertex -2.03005 -1.17205 0.0202942
      vertex -2.1795 -1.28424 -0.511834
      vertex -1.44664 -2.18254 -1.14653
    endloop
  endfacet
  facet normal 0.353552 -0.612375 0.707105
    outer loop
      vertex -1.68361 -0.97203 0.0202942
      vertex -1.44664 -2.18254 -1.14653
      vertex -1.0466 -2.07535 -1.25372
    endloop
  endfacet
  facet normal 0.353558 -0.612373 0.707104
    outer loop
      vertex -1.44664 -2.18254 -1.14653
      vertex -1.68361 -0.97203 0.0202942
      vertex -2.03005 -1.17205 0.0202942
    endloop
  endfacet
  facet normal -0.608208 -0.724818 0.323608
    outer loop
      vertex -0.966918 -2.054 -1.05614
      vertex -0.508042 -1.93105 0.0816835
      vertex -1.2172 -0.70275 1.5
    endloop
  endfacet
  facet normal -0.608198 -0.724824 0.323612
    outer loop
      vertex -1.68361 -0.97203 0.0202942
      vertex -0.966918 -2.054 -1.05614
      vertex -1.2172 -0.70275 1.5
    endloop
  endfacet
  facet normal -0.608205 -0.724822 0.323605
    outer loop
      vertex -0.966918 -2.054 -1.05614
      vertex -1.68361 -0.97203 0.0202942
      vertex -1.0466 -2.07535 -1.25372
    endloop
  endfacet
  facet normal 0.933781 0.186401 0.305464
    outer loop
      vertex -0.498091 -1.19976 -0.39499
      vertex -0.502852 -0.923952 -0.54874
      vertex -0.777223 -0.44873 0
    endloop
  endfacet
  facet normal 0.933781 0.186402 0.305461
    outer loop
      vertex -0.490685 -1.62873 -0.155862
      vertex -0.777223 -0.44873 0
      vertex -1.2172 -0.70275 1.5
    endloop
  endfacet
  facet normal 0.933781 0.186401 0.305464
    outer loop
      vertex -0.777223 -0.44873 0
      vertex -0.490685 -1.62873 -0.155862
      vertex -0.498091 -1.19976 -0.39499
    endloop
  endfacet
  facet normal 0.933781 0.186404 0.30546
    outer loop
      vertex -0.508041 -1.93105 0.0816818
      vertex -0.490685 -1.62873 -0.155862
      vertex -1.2172 -0.70275 1.5
    endloop
  endfacet
  facet normal 0.933771 0.186421 0.305482
    outer loop
      vertex -0.490685 -1.62873 -0.155862
      vertex -0.508041 -1.93105 0.0816818
      vertex -0.474475 -1.66778 -0.181581
    endloop
  endfacet
  facet normal 0.85863 -0.0874818 0.505076
    outer loop
      vertex -0.508041 -1.93105 0.0816818
      vertex -1.2172 -0.70275 1.5
      vertex -0.508042 -1.93105 0.0816835
    endloop
  endfacet
  facet normal -0.866026 -0.499998 -6.68895e-07
    outer loop
      vertex -0.293318 -1.28688 0.238872
      vertex -0.777223 -0.44873 1.5
      vertex -0.380249 -1.13631 -0.0878926
    endloop
  endfacet
  facet normal -0.666625 -0.622017 0.410738
    outer loop
      vertex -3.36669e-07 -1.79492 -0.0544456
      vertex -0.293318 -1.28688 0.238872
      vertex -4.59898e-07 -1.79492 -0.0544458
    endloop
  endfacet
  facet normal -0.866024 -0.500002 2.41986e-06
    outer loop
      vertex -0.293318 -1.28688 0.238872
      vertex -3.36669e-07 -1.79492 -0.0544456
      vertex -0.777223 -0.44873 1.5
    endloop
  endfacet
  facet normal -0.866019 -0.500011 1.3765e-07
    outer loop
      vertex 0.0116224 -1.81505 -1.5
      vertex 1.14882e-07 -1.79492 -0.777223
      vertex 0 -1.79492 -1.5
    endloop
  endfacet
  facet normal -0.866027 -0.499997 -3.75692e-07
    outer loop
      vertex 0.224397 -2.18359 -0.503241
      vertex 1.14882e-07 -1.79492 -0.777223
      vertex 0.0116224 -1.81505 -1.5
    endloop
  endfacet
  facet normal -0.866027 -0.499997 -1.37651e-07
    outer loop
      vertex 1.14882e-07 -1.79492 -0.777223
      vertex 0.224397 -2.18359 -0.503241
      vertex 0 -1.79492 -0.0544463
    endloop
  endfacet
  facet normal -0.866026 -0.499999 -3.18487e-06
    outer loop
      vertex -0.380249 -1.13631 -0.0878926
      vertex -0.777223 -0.44873 0
      vertex -0.502852 -0.923952 -0.54874
    endloop
  endfacet
  facet normal -0.866026 -0.5 0
    outer loop
      vertex -0.777223 -0.44873 0
      vertex -0.380249 -1.13631 -0.0878926
      vertex -0.777223 -0.44873 1.5
    endloop
  endfacet
  facet normal 0.219077 -0.63875 0.737566
    outer loop
      vertex 0 -0.778836 0.825508
      vertex -3.36669e-07 -1.79492 -0.0544456
      vertex 0 -1.79492 -0.0544457
    endloop
  endfacet
  facet normal 0.353554 -0.612372 0.707107
    outer loop
      vertex -0.777223 -0.44873 1.5
      vertex 0 -0.778836 0.825508
      vertex -0.337246 -0.194709 1.5
    endloop
  endfacet
  facet normal 0.353554 -0.612372 0.707107
    outer loop
      vertex 0 -0.778836 0.825508
      vertex -0.777223 -0.44873 1.5
      vertex -3.36669e-07 -1.79492 -0.0544456
    endloop
  endfacet
  facet normal 0.353552 -0.612374 0.707107
    outer loop
      vertex 0 -1.79492 -0.0544463
      vertex 0.490684 -1.62873 -0.155862
      vertex 0.293318 -1.28688 0.238872
    endloop
  endfacet
  facet normal 0.353551 -0.612369 0.707111
    outer loop
      vertex 0.490684 -1.62873 -0.155862
      vertex 0 -1.79492 -0.0544463
      vertex 0.379506 -1.89661 -0.332262
    endloop
  endfacet
  facet normal 0.353548 -0.612374 0.707108
    outer loop
      vertex 0.379506 -1.89661 -0.332262
      vertex 0 -1.79492 -0.0544463
      vertex 0.224397 -2.18359 -0.503241
    endloop
  endfacet
  facet normal 0.931818 0.164326 0.323594
    outer loop
      vertex 0.502224 -0.960371 -0.528439
      vertex 0.502852 -0.923953 -0.548741
      vertex 0.494384 -0.938621 -0.516908
    endloop
  endfacet
  facet normal 0.931815 0.16431 0.32361
    outer loop
      vertex -0.337246 -0.194709 1.5
      vertex -8.99796e-08 -0.482678 0.675136
      vertex 0 -1.34034e-07 0.430061
    endloop
  endfacet
  facet normal 0.931815 0.164311 0.32361
    outer loop
      vertex -8.99796e-08 -0.482678 0.675136
      vertex -0.337246 -0.194709 1.5
      vertex 0 -0.778836 0.825508
    endloop
  endfacet
  facet normal 0.931814 0.164316 0.32361
    outer loop
      vertex 0.445198 -1.02381 -0.332025
      vertex 0.502224 -0.960371 -0.528439
      vertex 0.494384 -0.938621 -0.516908
    endloop
  endfacet
  facet normal 0.931814 0.164309 0.323611
    outer loop
      vertex 0.495733 -1.33633 -0.318859
      vertex 0.445198 -1.02381 -0.332025
      vertex 0.293318 -1.28688 0.238872
    endloop
  endfacet
  facet normal 0.931815 0.164309 0.323609
    outer loop
      vertex 0.445198 -1.02381 -0.332025
      vertex 0.495733 -1.33633 -0.318859
      vertex 0.502224 -0.960371 -0.528439
    endloop
  endfacet
  facet normal 0.931815 0.164306 0.323612
    outer loop
      vertex 0.495733 -1.33633 -0.318859
      vertex 0.293318 -1.28688 0.238872
      vertex 0.490684 -1.62873 -0.155862
    endloop
  endfacet
  facet normal -0.931814 -0.164295 0.323621
    outer loop
      vertex -2.50927 -1.44873 -1.5
      vertex -2.61346 -0.161554 -1.14653
      vertex -2.71782 -0.265917 -1.5
    endloop
  endfacet
  facet normal -0.931814 -0.164301 0.323617
    outer loop
      vertex -2.61346 -0.161554 -1.14653
      vertex -2.20143 -1.2482 -0.511834
      vertex -2.03005 -1.17205 0.0202942
    endloop
  endfacet
  facet normal -0.931812 -0.164296 0.323625
    outer loop
      vertex -2.61346 -0.161554 -1.14653
      vertex -2.50927 -1.44873 -1.5
      vertex -2.20143 -1.2482 -0.511834
    endloop
  endfacet
  facet normal -0.93189 -0.163948 0.323579
    outer loop
      vertex -2.20143 -1.2482 -0.511834
      vertex -2.50927 -1.44873 -1.5
      vertex -2.19779 -1.26889 -0.511834
    endloop
  endfacet
  facet normal -0.931903 -0.163863 0.323583
    outer loop
      vertex -2.03005 -1.17205 0.0202942
      vertex -2.20143 -1.2482 -0.511834
      vertex -2.19085 -1.26489 -0.489816
    endloop
  endfacet
  facet normal -0.353558 0.612372 0.707105
    outer loop
      vertex -2.54985 -0.0979503 -1.16981
      vertex -1.68361 -0.97203 0.0202942
      vertex -2.32061 0.131294 -1.25372
    endloop
  endfacet
  facet normal -0.353558 0.612372 0.707105
    outer loop
      vertex -1.68361 -0.97203 0.0202942
      vertex -2.54985 -0.0979503 -1.16981
      vertex -2.03005 -1.17205 0.0202942
    endloop
  endfacet
  facet normal -0.353536 0.612384 0.707106
    outer loop
      vertex -2.61346 -0.161554 -1.14653
      vertex -2.03005 -1.17205 0.0202942
      vertex -2.54985 -0.0979503 -1.16981
    endloop
  endfacet
  facet normal -0.931817 -0.164308 0.323605
    outer loop
      vertex -1.68361 -0.97203 0.0202942
      vertex -1.92636 0.525547 0.0816835
      vertex -2.14472 0.307182 -0.657954
    endloop
  endfacet
  facet normal -0.931814 -0.164308 0.323613
    outer loop
      vertex -1.92636 0.525547 0.0816835
      vertex -1.68361 -0.97203 0.0202942
      vertex -1.2172 -0.70275 1.5
    endloop
  endfacet
  facet normal -0.931814 -0.164302 0.323615
    outer loop
      vertex -2.26228 0.189625 -1.05614
      vertex -1.68361 -0.97203 0.0202942
      vertex -2.14472 0.307182 -0.657954
    endloop
  endfacet
  facet normal -0.931816 -0.164315 0.323603
    outer loop
      vertex -1.68361 -0.97203 0.0202942
      vertex -2.26228 0.189625 -1.05614
      vertex -2.32061 0.131294 -1.25372
    endloop
  endfacet
  facet normal 0.628321 0.715476 0.305461
    outer loop
      vertex -0.777223 -0.44873 0
      vertex -1.40516 0.238848 -0.31886
      vertex -1.2172 -0.70275 1.5
    endloop
  endfacet
  facet normal 0.628319 0.715476 0.305465
    outer loop
      vertex -1.40516 0.238848 -0.31886
      vertex -0.777223 -0.44873 0
      vertex -1.05159 0.0264938 -0.548741
    endloop
  endfacet
  facet normal 0.925502 0.338758 -0.169379
    outer loop
      vertex -1.2172 -0.70275 1.5
      vertex -1.92636 0.525546 0.0816815
      vertex -1.92636 0.525547 0.0816835
    endloop
  endfacet
  facet normal 0.628311 0.715482 0.305468
    outer loop
      vertex -1.2172 -0.70275 1.5
      vertex -1.65586 0.389419 -0.155862
      vertex -1.92636 0.525546 0.0816815
    endloop
  endfacet
  facet normal 0.62832 0.715477 0.305462
    outer loop
      vertex -1.65586 0.389419 -0.155862
      vertex -1.2172 -0.70275 1.5
      vertex -1.40516 0.238848 -0.31886
    endloop
  endfacet
  facet normal 0.628312 0.715481 0.305469
    outer loop
      vertex -1.92636 0.525546 0.0816815
      vertex -1.65586 0.389419 -0.155862
      vertex -1.83226 0.61964 -0.332261
    endloop
  endfacet
  facet normal -0.866025 -0.500002 1.9269e-06
    outer loop
      vertex -0.777223 -0.44873 0
      vertex -1.26113 0.389419 0.238872
      vertex -1.10925 0.126354 -0.332025
    endloop
  endfacet
  facet normal -0.866022 -0.500005 -3.84343e-06
    outer loop
      vertex -1.26113 0.389419 0.238872
      vertex -0.777223 -0.44873 1.5
      vertex -1.55445 0.897459 -0.0544453
    endloop
  endfacet
  facet normal -0.866025 -0.500001 -0
    outer loop
      vertex -0.777223 -0.44873 1.5
      vertex -1.26113 0.389419 0.238872
      vertex -0.777223 -0.44873 0
    endloop
  endfacet
  facet normal -0.86602 -0.50001 -1.67995e-05
    outer loop
      vertex -1.05159 0.0264938 -0.548741
      vertex -0.777223 -0.44873 0
      vertex -1.10925 0.126354 -0.332025
    endloop
  endfacet
  facet normal -0.132913 0.631219 0.764132
    outer loop
      vertex -0.777223 -0.44873 1.5
      vertex -0.674492 0.389418 0.825508
      vertex -0.674493 0.389419 0.825507
    endloop
  endfacet
  facet normal -0.353554 0.612372 0.707107
    outer loop
      vertex -0.674492 0.389418 0.825508
      vertex -0.777223 -0.44873 1.5
      vertex -0.337246 -0.194709 1.5
    endloop
  endfacet
  facet normal -0.353552 0.612372 0.707107
    outer loop
      vertex -0.777223 -0.44873 1.5
      vertex -0.674493 0.389419 0.825507
      vertex -1.55445 0.897459 -0.0544453
    endloop
  endfacet
  facet normal -0.353549 0.612387 0.707096
    outer loop
      vertex -1.09584 0.928355 0.148098
      vertex -1.55444 0.89746 -0.0544457
      vertex -1.02451 0.89746 0.21052
    endloop
  endfacet
  facet normal -0.35356 0.612344 0.707128
    outer loop
      vertex -1.2086 0.983771 0.0437306
      vertex -1.55444 0.89746 -0.0544457
      vertex -1.09584 0.928355 0.148098
    endloop
  endfacet
  facet normal -0.35356 0.612391 0.707087
    outer loop
      vertex -1.31855 1.04454 -0.0638776
      vertex -1.55444 0.89746 -0.0544457
      vertex -1.2086 0.983771 0.0437306
    endloop
  endfacet
  facet normal -0.353523 0.612336 0.707154
    outer loop
      vertex -1.55444 0.89746 -0.0544457
      vertex -1.31855 1.04454 -0.0638776
      vertex -1.37347 1.07844 -0.120688
    endloop
  endfacet
  facet normal -0.353556 0.612366 0.707111
    outer loop
      vertex -1.13154 1.18106 -0.0885971
      vertex -1.0363 0.972751 0.139421
      vertex -1.00501 0.961899 0.164464
    endloop
  endfacet
  facet normal -0.353568 0.61236 0.70711
    outer loop
      vertex -1.0363 0.972751 0.139421
      vertex -1.13154 1.18106 -0.0885971
      vertex -1.06994 0.98442 0.112495
    endloop
  endfacet
  facet normal -0.353571 0.612359 0.70711
    outer loop
      vertex -1.13154 1.18106 -0.0885971
      vertex -1.15645 1.01888 0.0393956
      vertex -1.06994 0.98442 0.112495
    endloop
  endfacet
  facet normal -0.35348 0.612372 0.707144
    outer loop
      vertex -1.13154 1.18106 -0.0885971
      vertex -1.18446 1.03004 0.0157299
      vertex -1.15645 1.01888 0.0393956
    endloop
  endfacet
  facet normal -0.353585 0.612384 0.707081
    outer loop
      vertex -1.27496 1.07094 -0.0649441
      vertex -1.13154 1.18106 -0.0885971
      vertex -1.21258 1.22584 -0.167905
    endloop
  endfacet
  facet normal -0.35307 0.612295 0.707416
    outer loop
      vertex -1.29724 1.08101 -0.0848029
      vertex -1.21258 1.22584 -0.167905
      vertex -1.22092 1.23099 -0.176525
    endloop
  endfacet
  facet normal -0.353573 0.612372 0.707097
    outer loop
      vertex -1.13154 1.18106 -0.0885971
      vertex -1.27496 1.07094 -0.0649441
      vertex -1.18446 1.03004 0.0157299
    endloop
  endfacet
  facet normal -0.353501 0.61238 0.707126
    outer loop
      vertex -1.21258 1.22584 -0.167905
      vertex -1.29724 1.08101 -0.0848029
      vertex -1.27496 1.07094 -0.0649441
    endloop
  endfacet
  facet normal -0.353591 0.612364 0.707096
    outer loop
      vertex -1.29724 1.08101 -0.0848029
      vertex -1.22092 1.23099 -0.176525
      vertex -1.34608 1.10582 -0.130712
    endloop
  endfacet
  facet normal 0.608205 0.72482 0.32361
    outer loop
      vertex 0 -1.34034e-07 0.430061
      vertex -0.418011 0.241339 0.675136
      vertex -0.337246 -0.194709 1.5
    endloop
  endfacet
  facet normal -0 0.938772 0.344539
    outer loop
      vertex 0 2.32976e-07 0.43006
      vertex 0 -1.34034e-07 0.430061
      vertex 1.5774e-13 2.32976e-07 0.43006
    endloop
  endfacet
  facet normal 0.596915 0.753181 0.276425
    outer loop
      vertex 0 -1.34034e-07 0.430061
      vertex 0 2.32976e-07 0.43006
      vertex -0.418011 0.241339 0.675136
    endloop
  endfacet
  facet normal 0.608204 0.72482 0.323611
    outer loop
      vertex -0.337246 -0.194709 1.5
      vertex -0.418011 0.241339 0.675136
      vertex -0.674492 0.389418 0.825508
    endloop
  endfacet
  facet normal 0.608207 0.724815 0.323617
    outer loop
      vertex -1.11146 1.16996 -0.101481
      vertex -0.956766 0.937193 0.129122
      vertex -0.926366 0.92304 0.103687
    endloop
  endfacet
  facet normal 0.608208 0.724815 0.323616
    outer loop
      vertex -1.11146 1.16996 -0.101481
      vertex -0.926366 0.92304 0.103687
      vertex -0.871422 0.89746 0.0577171
    endloop
  endfacet
  facet normal 0.608263 0.724794 0.323559
    outer loop
      vertex -0.956766 0.937193 0.129122
      vertex -1.11146 1.16996 -0.101481
      vertex -1.13154 1.18106 -0.0885971
    endloop
  endfacet
  facet normal 0.608231 0.724804 0.323595
    outer loop
      vertex -0.956766 0.937193 0.129122
      vertex -1.13154 1.18106 -0.0885971
      vertex -1.00501 0.961899 0.164464
    endloop
  endfacet
  facet normal 0.608229 0.724813 0.32358
    outer loop
      vertex -0.871422 0.89746 0.0577171
      vertex -1.00777 1.11899 -0.182214
      vertex -1.11146 1.16996 -0.101481
    endloop
  endfacet
  facet normal 0.608175 0.724835 0.323631
    outer loop
      vertex -0.871422 0.89746 0.0577171
      vertex -0.901752 1.07308 -0.278621
      vertex -1.00777 1.11899 -0.182214
    endloop
  endfacet
  facet normal 0.608212 0.724811 0.323616
    outer loop
      vertex -0.871422 0.89746 0.0577171
      vertex -0.793649 1.03231 -0.390479
      vertex -0.901752 1.07308 -0.278621
    endloop
  endfacet
  facet normal 0.608922 0.724237 0.323566
    outer loop
      vertex -0.871422 0.89746 0.0577171
      vertex -0.789458 1.03095 -0.395322
      vertex -0.793649 1.03231 -0.390479
    endloop
  endfacet
  facet normal 0.608201 0.724823 0.323608
    outer loop
      vertex -0.789458 1.03095 -0.395322
      vertex -0.871422 0.89746 0.0577171
      vertex -0.548741 0.89746 -0.548741
    endloop
  endfacet
  facet normal -0.323662 0.88911 0.323616
    outer loop
      vertex 0 2.89746 -1.5
      vertex -0.0201632 2.53045 -0.511834
      vertex 0 2.53779 -0.511834
    endloop
  endfacet
  facet normal -0.323626 0.889121 0.323621
    outer loop
      vertex -0.0201632 2.53045 -0.511834
      vertex 0 2.89746 -1.5
      vertex -1.16682 2.3441 -1.14653
    endloop
  endfacet
  facet normal -0.323626 0.889121 0.323622
    outer loop
      vertex -1.16682 2.3441 -1.14653
      vertex 0 2.89746 -1.5
      vertex -1.12862 2.48666 -1.5
    endloop
  endfacet
  facet normal -0.323626 0.889118 0.32363
    outer loop
      vertex -0.0201632 2.53045 -0.511834
      vertex 0 2.3441 0.0202942
      vertex 0 2.53045 -0.491671
    endloop
  endfacet
  facet normal -0.32363 0.889116 0.323629
    outer loop
      vertex 0 2.3441 0.0202942
      vertex -0.0201632 2.53045 -0.511834
      vertex -1.16682 2.3441 -1.14653
    endloop
  endfacet
  facet normal -0.707108 6.24614e-07 0.707106
    outer loop
      vertex 0 1.94406 0.0202942
      vertex -1.16682 2.3441 -1.14653
      vertex -1.27401 1.94406 -1.25372
    endloop
  endfacet
  facet normal -0.707108 0 0.707106
    outer loop
      vertex -1.16682 2.3441 -1.14653
      vertex 0 1.94406 0.0202942
      vertex 0 2.3441 0.0202942
    endloop
  endfacet
  facet normal -0.323611 0.88913 0.323611
    outer loop
      vertex 0 1.94406 0.0202942
      vertex -1.10364 1.4055 0.396363
      vertex 0 1.4055 1.5
    endloop
  endfacet
  facet normal -0.323495 0.889076 0.323874
    outer loop
      vertex -1.10364 1.4055 0.396363
      vertex 0 1.94406 0.0202942
      vertex -1.10661 1.40715 0.388867
    endloop
  endfacet
  facet normal -0.323607 0.88913 0.323616
    outer loop
      vertex -1.10661 1.40715 0.388867
      vertex 0 1.94406 0.0202942
      vertex -1.19634 1.46253 0.146984
    endloop
  endfacet
  facet normal -0.323614 0.889138 0.323585
    outer loop
      vertex 0 1.94406 0.0202942
      vertex -1.2833 1.52215 -0.103806
      vertex -1.19634 1.46253 0.146984
    endloop
  endfacet
  facet normal -0.323613 0.889129 0.323612
    outer loop
      vertex -1.33839 1.70379 -0.657954
      vertex -1.2833 1.52215 -0.103806
      vertex 0 1.94406 0.0202942
    endloop
  endfacet
  facet normal -0.32363 0.889122 0.323612
    outer loop
      vertex -1.2833 1.52215 -0.103806
      vertex -1.33839 1.70379 -0.657954
      vertex -1.36729 1.58589 -0.362926
    endloop
  endfacet
  facet normal -0.323276 0.889224 0.323687
    outer loop
      vertex -1.36729 1.58589 -0.362926
      vertex -1.33839 1.70379 -0.657954
      vertex -1.36949 1.58773 -0.370178
    endloop
  endfacet
  facet normal -0.323613 0.889129 0.323612
    outer loop
      vertex -1.27401 1.94406 -1.25372
      vertex -1.33839 1.70379 -0.657954
      vertex 0 1.94406 0.0202942
    endloop
  endfacet
  facet normal 0.965926 -0.258818 0
    outer loop
      vertex -1.33839 1.70379 -0.657954
      vertex -1.27401 1.94406 -1.25372
      vertex -1.27401 1.94406 -1.25371
    endloop
  endfacet
  facet normal -0.305423 -0.901892 0.305463
    outer loop
      vertex 0 1.4055 1.5
      vertex -0.105409 1.10999 0.522101
      vertex 0 1.10746 0.620026
    endloop
  endfacet
  facet normal -0.305475 -0.901874 0.305464
    outer loop
      vertex 0 1.4055 1.5
      vertex -0.210575 1.11759 0.43937
      vertex -0.105409 1.10999 0.522101
    endloop
  endfacet
  facet normal -0.305462 -0.901879 0.305462
    outer loop
      vertex -1.10364 1.4055 0.396363
      vertex -0.210575 1.11759 0.43937
      vertex 0 1.4055 1.5
    endloop
  endfacet
  facet normal -0.305465 -0.901901 0.305394
    outer loop
      vertex -1.10364 1.4055 0.396363
      vertex -0.315253 1.13024 0.372026
      vertex -0.210575 1.11759 0.43937
    endloop
  endfacet
  facet normal -0.305454 -0.901875 0.305481
    outer loop
      vertex -0.419204 1.1479 0.320223
      vertex -1.10364 1.4055 0.396363
      vertex -1.01433 1.35614 0.339939
    endloop
  endfacet
  facet normal -0.305453 -0.901874 0.305485
    outer loop
      vertex -1.10364 1.4055 0.396363
      vertex -0.419204 1.1479 0.320223
      vertex -0.315253 1.13024 0.372026
    endloop
  endfacet
  facet normal -0.305438 -0.901866 0.305524
    outer loop
      vertex -0.522184 1.17054 0.28408
      vertex -1.01433 1.35614 0.339939
      vertex -0.919702 1.30963 0.297249
    endloop
  endfacet
  facet normal -0.305466 -0.901901 0.305394
    outer loop
      vertex -1.01433 1.35614 0.339939
      vertex -0.522184 1.17054 0.28408
      vertex -0.419204 1.1479 0.320223
    endloop
  endfacet
  facet normal -0.305467 -0.90193 0.305307
    outer loop
      vertex -0.822947 1.26773 0.270275
      vertex -0.522184 1.17054 0.28408
      vertex -0.919702 1.30963 0.297249
    endloop
  endfacet
  facet normal -0.305453 -0.901849 0.305561
    outer loop
      vertex -0.822947 1.26773 0.270275
      vertex -0.623959 1.1981 0.263683
      vertex -0.522184 1.17054 0.28408
    endloop
  endfacet
  facet normal -0.305432 -0.901803 0.305716
    outer loop
      vertex -0.623959 1.1981 0.263683
      vertex -0.822947 1.26773 0.270275
      vertex -0.72429 1.23052 0.259078
    endloop
  endfacet
  facet normal -0.305466 -0.901877 0.305466
    outer loop
      vertex -0.115503 0.900237 -0.107304
      vertex -0.548741 0.89746 -0.548741
      vertex -3.9651e-05 0.89746 -3.9651e-05
    endloop
  endfacet
  facet normal -0.305468 -0.901875 0.305468
    outer loop
      vertex -0.23074 0.908563 -0.197959
      vertex -0.548741 0.89746 -0.548741
      vertex -0.115503 0.900237 -0.107304
    endloop
  endfacet
  facet normal -0.305462 -0.901879 0.305463
    outer loop
      vertex -0.345443 0.922419 -0.271752
      vertex -0.548741 0.89746 -0.548741
      vertex -0.23074 0.908563 -0.197959
    endloop
  endfacet
  facet normal -0.305462 -0.901879 0.305463
    outer loop
      vertex -0.459347 0.941772 -0.328516
      vertex -0.548741 0.89746 -0.548741
      vertex -0.345443 0.922419 -0.271752
    endloop
  endfacet
  facet normal -0.305465 -0.901878 0.305464
    outer loop
      vertex -0.572189 0.966578 -0.368119
      vertex -0.548741 0.89746 -0.548741
      vertex -0.459347 0.941772 -0.328516
    endloop
  endfacet
  facet normal -0.305454 -0.90188 0.305466
    outer loop
      vertex -0.683709 0.996778 -0.39047
      vertex -0.548741 0.89746 -0.548741
      vertex -0.572189 0.966578 -0.368119
    endloop
  endfacet
  facet normal -0.305452 -0.90188 0.305468
    outer loop
      vertex -0.548741 0.89746 -0.548741
      vertex -0.683709 0.996778 -0.39047
      vertex -0.789458 1.03095 -0.395322
    endloop
  endfacet
  facet normal 0 1 0
    outer loop
      vertex -1.55445 0.89746 -0.054447
      vertex -1.96152 0.89746 -0.600952
      vertex -2.00324 0.89746 -0.503241
    endloop
  endfacet
  facet normal 0 1 -0
    outer loop
      vertex -1.55445 0.89746 -1.5
      vertex -1.96152 0.89746 -0.600952
      vertex -1.55445 0.89746 -0.054447
    endloop
  endfacet
  facet normal 0 1 0
    outer loop
      vertex -1.96152 0.89746 -0.600952
      vertex -1.55445 0.89746 -1.5
      vertex -1.57769 0.89746 -1.5
    endloop
  endfacet
  facet normal 0 1 0
    outer loop
      vertex 2.59856e-11 0.89746 1.5
      vertex 1.55445 0.89746 -0.0544465
      vertex 0.96781 0.89746 0.238871
    endloop
  endfacet
  facet normal 0 -1 0
    outer loop
      vertex 1.55445 0.89746 -0.054447
      vertex 1.55445 0.89746 -0.0544465
      vertex 2.59856e-11 0.89746 1.5
    endloop
  endfacet
  facet normal 0 -0 0
    outer loop
      vertex 1.55445 0.89746 -0.054447
      vertex 1.55445 0.89746 -1.5
      vertex 1.55445 0.89746 -0.0544465
    endloop
  endfacet
  facet normal 0 1 0
    outer loop
      vertex 0.96781 0.89746 0.238871
      vertex 2.59856e-11 0.89746 -2.59856e-11
      vertex 2.59856e-11 0.89746 1.5
    endloop
  endfacet
  facet normal 0 1 -0
    outer loop
      vertex 0.565679 0.89746 -0.516908
      vertex 2.59856e-11 0.89746 -2.59856e-11
      vertex 0.96781 0.89746 0.238871
    endloop
  endfacet
  facet normal 0 1 0
    outer loop
      vertex 2.59856e-11 0.89746 -2.59856e-11
      vertex 0.565679 0.89746 -0.516908
      vertex 0.548741 0.89746 -0.548741
    endloop
  endfacet
  facet normal 0 1 -0
    outer loop
      vertex -1.02451 0.89746 0.21052
      vertex -1.55445 0.89746 -0.0544451
      vertex -1.02451 0.89746 0.475487
    endloop
  endfacet
  facet normal -0 1 0
    outer loop
      vertex -1.55445 0.89746 -0.0544451
      vertex -1.02451 0.89746 0.21052
      vertex -1.55444 0.89746 -0.0544457
    endloop
  endfacet
  facet normal 0 1 -0
    outer loop
      vertex -3.9651e-05 0.89746 -3.9651e-05
      vertex -0.572746 0.89746 0.927254
      vertex -3.9651e-05 0.89746 1.49996
    endloop
  endfacet
  facet normal 0 1 0
    outer loop
      vertex -0.572746 0.89746 0.927254
      vertex -3.9651e-05 0.89746 -3.9651e-05
      vertex -0.589135 0.89746 0.891672
    endloop
  endfacet
  facet normal 0 1 0
    outer loop
      vertex -0.589135 0.89746 0.891672
      vertex -3.9651e-05 0.89746 -3.9651e-05
      vertex -0.641368 0.89746 0.753604
    endloop
  endfacet
  facet normal 0 1 0
    outer loop
      vertex -0.641368 0.89746 0.753604
      vertex -3.9651e-05 0.89746 -3.9651e-05
      vertex -0.713186 0.89746 0.56377
    endloop
  endfacet
  facet normal 0 1 0
    outer loop
      vertex -0.713186 0.89746 0.56377
      vertex -3.9651e-05 0.89746 -3.9651e-05
      vertex -0.793168 0.89746 0.315078
    endloop
  endfacet
  facet normal 0 1 0
    outer loop
      vertex -0.793168 0.89746 0.315078
      vertex -3.9651e-05 0.89746 -3.9651e-05
      vertex -0.840833 0.89746 0.166866
    endloop
  endfacet
  facet normal 0 1 0
    outer loop
      vertex -0.840833 0.89746 0.166866
      vertex -3.9651e-05 0.89746 -3.9651e-05
      vertex -0.871422 0.89746 0.0577171
    endloop
  endfacet
  facet normal 0 1 0
    outer loop
      vertex -0.871422 0.89746 0.0577171
      vertex -3.9651e-05 0.89746 -3.9651e-05
      vertex -0.548741 0.89746 -0.548741
    endloop
  endfacet
  facet normal -0.70711 -3.87866e-06 0.707104
    outer loop
      vertex -1.83226 0.61964 -0.332261
      vertex -1.55445 0.89746 -0.054447
      vertex -2.00324 0.89746 -0.503241
    endloop
  endfacet
  facet normal -0.807508 0.508417 0.299069
    outer loop
      vertex -1.55445 0.897459 -0.0544453
      vertex -1.55445 0.89746 -0.054447
      vertex -1.83226 0.61964 -0.332261
    endloop
  endfacet
  facet normal -0.70711 -8.03275e-06 0.707104
    outer loop
      vertex -1.65586 0.389419 -0.155862
      vertex -1.55445 0.897459 -0.0544453
      vertex -1.83226 0.61964 -0.332261
    endloop
  endfacet
  facet normal -0.70711 -7.89494e-06 0.707103
    outer loop
      vertex -1.55445 0.897459 -0.0544453
      vertex -1.65586 0.389419 -0.155862
      vertex -1.26113 0.389419 0.238872
    endloop
  endfacet
  facet normal -0.700135 -0.140029 0.700145
    outer loop
      vertex -1.55445 0.89746 -0.0544451
      vertex -1.55445 0.897459 -0.0544453
      vertex -1.02451 0.89746 0.475487
    endloop
  endfacet
  facet normal -0.707102 1.1254e-05 0.707112
    outer loop
      vertex -0.674493 0.389419 0.825507
      vertex -1.02451 0.89746 0.475487
      vertex -1.55445 0.897459 -0.0544453
    endloop
  endfacet
  facet normal -0.70714 -4.14432e-05 0.707074
    outer loop
      vertex -1.02451 0.89746 0.475487
      vertex -0.674493 0.389419 0.825507
      vertex -0.980559 0.878423 0.519441
    endloop
  endfacet
  facet normal -0.707107 0 0.707107
    outer loop
      vertex -0.980559 0.878423 0.519441
      vertex -0.674493 0.389419 0.825507
      vertex -0.863008 0.83409 0.636992
    endloop
  endfacet
  facet normal -0.707107 0 0.707107
    outer loop
      vertex -0.863008 0.83409 0.636992
      vertex -0.674493 0.389419 0.825507
      vertex -0.74346 0.795459 0.75654
    endloop
  endfacet
  facet normal -0.707107 0 0.707107
    outer loop
      vertex -0.74346 0.795459 0.75654
      vertex -0.674493 0.389419 0.825507
      vertex -0.622194 0.762618 0.877806
    endloop
  endfacet
  facet normal -0.70711 7.83437e-07 0.707104
    outer loop
      vertex -0.622194 0.762618 0.877806
      vertex -0.674493 0.389419 0.825507
      vertex -0.499491 0.735644 1.00051
    endloop
  endfacet
  facet normal -0.707086 2.42572e-05 0.707127
    outer loop
      vertex -0.250904 0.699533 1.2491
      vertex 0 0.389419 1.5
      vertex -0.125597 0.690479 1.3744
    endloop
  endfacet
  facet normal -0.707107 -9.1206e-06 0.707107
    outer loop
      vertex 0 0.389419 1.5
      vertex -0.250904 0.699533 1.2491
      vertex -0.674493 0.389419 0.825507
    endloop
  endfacet
  facet normal -0.707115 1.21118e-05 0.707099
    outer loop
      vertex -0.375631 0.7146 1.12437
      vertex -0.674493 0.389419 0.825507
      vertex -0.250904 0.699533 1.2491
    endloop
  endfacet
  facet normal -0.707107 -1.88081e-06 0.707107
    outer loop
      vertex -0.499491 0.735644 1.00051
      vertex -0.674493 0.389419 0.825507
      vertex -0.375631 0.7146 1.12437
    endloop
  endfacet
  facet normal -0.707107 0.000118392 0.707106
    outer loop
      vertex -0.50674 0.889633 0.99326
      vertex -0.381162 0.879111 1.11884
      vertex -3.9651e-05 0.89746 1.49996
    endloop
  endfacet
  facet normal -0.707099 -0.000225862 0.707114
    outer loop
      vertex -0.255778 0.875044 1.24422
      vertex -3.9651e-05 0.89746 1.49996
      vertex -0.381162 0.879111 1.11884
    endloop
  endfacet
  facet normal -0.707103 4.17501e-05 0.707111
    outer loop
      vertex -3.9651e-05 0.89746 1.49996
      vertex -0.103812 0.878698 1.39619
      vertex -2.99414e-07 0.88647 1.5
    endloop
  endfacet
  facet normal -0.707146 0.000518795 0.707068
    outer loop
      vertex -3.9651e-05 0.89746 1.49996
      vertex -0.13094 0.877356 1.36906
      vertex -0.103812 0.878698 1.39619
    endloop
  endfacet
  facet normal -0.706817 -0.0110397 0.707311
    outer loop
      vertex -0.103812 0.878698 1.39619
      vertex -0.13094 0.877356 1.36906
      vertex -0.116586 0.877742 1.38341
    endloop
  endfacet
  facet normal -0.707127 -0.00200476 0.707084
    outer loop
      vertex -0.255778 0.875044 1.24422
      vertex -0.381162 0.879111 1.11884
      vertex -0.352028 0.877083 1.14797
    endloop
  endfacet
  facet normal -0.707107 -4.19427e-05 0.707106
    outer loop
      vertex -0.234018 0.874583 1.26598
      vertex -3.9651e-05 0.89746 1.49996
      vertex -0.255778 0.875044 1.24422
    endloop
  endfacet
  facet normal -0.707115 0.000123183 0.707098
    outer loop
      vertex -3.9651e-05 0.89746 1.49996
      vertex -0.234018 0.874583 1.26598
      vertex -0.13094 0.877356 1.36906
    endloop
  endfacet
  facet normal -0.707107 3.63385e-06 0.707107
    outer loop
      vertex -0.50674 0.889633 0.99326
      vertex -3.9651e-05 0.89746 1.49996
      vertex -0.572746 0.89746 0.927254
    endloop
  endfacet
  facet normal -0.707103 0.000234719 0.707111
    outer loop
      vertex -0.381162 0.879111 1.11884
      vertex -0.50674 0.889633 0.99326
      vertex -0.470341 0.885317 1.02966
    endloop
  endfacet
  facet normal -0.710198 1.93506e-05 0.704002
    outer loop
      vertex -3.9651e-05 0.89746 1.49996
      vertex -2.99414e-07 0.88647 1.5
      vertex 0 0.897459 1.5
    endloop
  endfacet
  facet normal 1 -2.72467e-05 -2.42738e-05
    outer loop
      vertex -5.72205e-06 0.687459 1.49999
      vertex 0 0.897459 1.5
      vertex -2.99414e-07 0.88647 1.5
    endloop
  endfacet
  facet normal -0.867953 0 0.496647
    outer loop
      vertex -5.72205e-06 0.687459 1.49999
      vertex 0 0.389419 1.5
      vertex 0 0.897459 1.5
    endloop
  endfacet
  facet normal -0.707103 1.01497e-05 0.707111
    outer loop
      vertex -0.125597 0.690479 1.3744
      vertex 0 0.389419 1.5
      vertex -5.72205e-06 0.687459 1.49999
    endloop
  endfacet
  facet normal -0.707107 0 0.707107
    outer loop
      vertex 0 0.389419 1.5
      vertex -0.674493 0.389419 0.825507
      vertex -0.674492 0.389418 0.825508
    endloop
  endfacet
  facet normal -0.323609 -0.889131 0.323611
    outer loop
      vertex -0.418011 0.241339 0.675136
      vertex 0 0.389419 1.5
      vertex -0.674492 0.389418 0.825508
    endloop
  endfacet
  facet normal -0.32361 -0.88913 0.323611
    outer loop
      vertex 0 0.389419 1.5
      vertex -0.418011 0.241339 0.675136
      vertex 0 2.32976e-07 0.43006
    endloop
  endfacet
  facet normal -0.323612 -0.88913 0.323609
    outer loop
      vertex -1.40516 0.238848 -0.31886
      vertex -1.26113 0.389419 0.238872
      vertex -1.65586 0.389419 -0.155862
    endloop
  endfacet
  facet normal -0.323616 -0.889128 0.32361
    outer loop
      vertex -1.40516 0.238848 -0.31886
      vertex -1.10925 0.126354 -0.332025
      vertex -1.26113 0.389419 0.238872
    endloop
  endfacet
  facet normal -0.323618 -0.889132 0.323599
    outer loop
      vertex -1.10925 0.126354 -0.332025
      vertex -1.40516 0.238848 -0.31886
      vertex -1.05159 0.0264938 -0.548741
    endloop
  endfacet
  facet normal 0.323626 0.889118 0.32363
    outer loop
      vertex 0 2.3441 0.0202942
      vertex 0.0201632 2.53045 -0.511834
      vertex 0 2.53045 -0.491671
    endloop
  endfacet
  facet normal 0.32363 0.889116 0.323629
    outer loop
      vertex 1.16682 2.3441 -1.14653
      vertex 0.0201632 2.53045 -0.511834
      vertex 0 2.3441 0.0202942
    endloop
  endfacet
  facet normal 0.323626 0.889121 0.323621
    outer loop
      vertex 0 2.89746 -1.5
      vertex 0.0201632 2.53045 -0.511834
      vertex 1.16682 2.3441 -1.14653
    endloop
  endfacet
  facet normal 0.323626 0.889121 0.323622
    outer loop
      vertex 0 2.89746 -1.5
      vertex 1.16682 2.3441 -1.14653
      vertex 1.12862 2.48666 -1.5
    endloop
  endfacet
  facet normal 0.323662 0.88911 0.323616
    outer loop
      vertex 0.0201632 2.53045 -0.511834
      vertex 0 2.89746 -1.5
      vertex 0 2.53779 -0.511834
    endloop
  endfacet
  facet normal 0.707108 -0 0.707106
    outer loop
      vertex 0 1.94406 0.0202942
      vertex 1.16682 2.3441 -1.14653
      vertex 0 2.3441 0.0202942
    endloop
  endfacet
  facet normal 0.707108 6.24614e-07 0.707106
    outer loop
      vertex 1.16682 2.3441 -1.14653
      vertex 0 1.94406 0.0202942
      vertex 1.27401 1.94406 -1.25372
    endloop
  endfacet
  facet normal 0.323611 0.88913 0.323611
    outer loop
      vertex 1.41832 1.4055 0.0816833
      vertex 0 1.94406 0.0202942
      vertex 0 1.4055 1.5
    endloop
  endfacet
  facet normal 0.323611 0.88913 0.323611
    outer loop
      vertex 1.29536 1.86438 -1.05614
      vertex 0 1.94406 0.0202942
      vertex 1.41832 1.4055 0.0816833
    endloop
  endfacet
  facet normal -0.965926 -0.258817 0
    outer loop
      vertex 1.27401 1.94406 -1.25372
      vertex 1.29536 1.86438 -1.05614
      vertex 1.27401 1.94406 -1.25371
    endloop
  endfacet
  facet normal 0.323604 0.889136 0.323603
    outer loop
      vertex 1.29536 1.86438 -1.05614
      vertex 1.27401 1.94406 -1.25372
      vertex 0 1.94406 0.0202942
    endloop
  endfacet
  facet normal 0.305461 -0.901879 0.305462
    outer loop
      vertex 2.59856e-11 0.89746 -2.59856e-11
      vertex 0.580594 0.915124 -0.52844
      vertex 1.16518 1.23931 -0.155862
    endloop
  endfacet
  facet normal 0.305458 -0.901882 0.305458
    outer loop
      vertex 0.580594 0.915124 -0.52844
      vertex 2.59856e-11 0.89746 -2.59856e-11
      vertex 0.548741 0.89746 -0.548741
    endloop
  endfacet
  facet normal 0.318821 -0.897723 0.304051
    outer loop
      vertex 5.72205e-06 1.10746 0.62002
      vertex 0 1.4055 1.5
      vertex 0 1.10746 0.620026
    endloop
  endfacet
  facet normal 0.305459 -0.901881 0.30546
    outer loop
      vertex 5.72205e-06 1.10746 0.62002
      vertex 1.41832 1.4055 0.0816833
      vertex 0 1.4055 1.5
    endloop
  endfacet
  facet normal 0.133935 -0.973374 -0.186021
    outer loop
      vertex 5.72205e-06 1.10746 0.62002
      vertex 1.41831 1.4055 0.0816761
      vertex 1.41832 1.4055 0.0816833
    endloop
  endfacet
  facet normal 0.305461 -0.901879 0.305463
    outer loop
      vertex 1.16518 1.23931 -0.155862
      vertex 5.72205e-06 1.10746 0.62002
      vertex 2.59856e-11 0.89746 -2.59856e-11
    endloop
  endfacet
  facet normal 0.305465 -0.901876 0.305469
    outer loop
      vertex 5.72205e-06 1.10746 0.62002
      vertex 1.16518 1.23931 -0.155862
      vertex 1.41831 1.4055 0.0816761
    endloop
  endfacet
  facet normal 0.305458 -0.901876 0.305476
    outer loop
      vertex 1.41831 1.4055 0.0816761
      vertex 1.16518 1.23931 -0.155862
      vertex 1.45275 1.27696 -0.332258
    endloop
  endfacet
  facet normal 0.7071 -1.83744e-05 0.707114
    outer loop
      vertex 0.674493 0.389419 0.825507
      vertex 2.59856e-11 0.89746 1.5
      vertex 0 0.897459 1.5
    endloop
  endfacet
  facet normal 0.452215 0.768767 0.452216
    outer loop
      vertex 2.59856e-11 0.89746 1.5
      vertex 1.55445 0.897459 -0.0544453
      vertex 1.55445 0.89746 -0.054447
    endloop
  endfacet
  facet normal 0.707106 -2.8385e-06 0.707108
    outer loop
      vertex 2.59856e-11 0.89746 1.5
      vertex 0.674493 0.389419 0.825507
      vertex 1.55445 0.897459 -0.0544453
    endloop
  endfacet
  facet normal 0.707107 0 0.707107
    outer loop
      vertex 0.674493 0.389419 0.825507
      vertex 0 0.897459 1.5
      vertex 0 0.389419 1.5
    endloop
  endfacet
  facet normal 0.707061 0.000192074 0.707153
    outer loop
      vertex 1.61719 0.663284 -0.117192
      vertex 1.56388 0.619629 -0.0638771
      vertex 1.62069 0.650239 -0.120688
    endloop
  endfacet
  facet normal 0.70714 -2.31085e-06 0.707073
    outer loop
      vertex 1.55445 0.897459 -0.0544453
      vertex 1.56388 0.619629 -0.0638771
      vertex 1.61719 0.663284 -0.117192
    endloop
  endfacet
  facet normal 0.707101 -4.97025e-06 0.707113
    outer loop
      vertex 1.55445 0.897459 -0.0544453
      vertex 1.45627 0.554789 0.0437307
      vertex 1.56388 0.619629 -0.0638771
    endloop
  endfacet
  facet normal 0.707103 -6.13135e-06 0.70711
    outer loop
      vertex 1.55445 0.897459 -0.0544453
      vertex 1.3519 0.484851 0.148099
      vertex 1.45627 0.554789 0.0437307
    endloop
  endfacet
  facet normal 0.707139 -4.16117e-05 0.707074
    outer loop
      vertex 1.3519 0.484851 0.148099
      vertex 1.55445 0.897459 -0.0544453
      vertex 1.28948 0.438522 0.210522
    endloop
  endfacet
  facet normal 0.707096 2.32432e-05 0.707117
    outer loop
      vertex 1.5848 0.582934 -0.0848024
      vertex 1.67653 0.441851 -0.176525
      vertex 1.63071 0.612828 -0.130712
    endloop
  endfacet
  facet normal 0.706826 -0.000327806 0.707387
    outer loop
      vertex 1.67653 0.441851 -0.176525
      vertex 1.5848 0.582934 -0.0848024
      vertex 1.6679 0.437205 -0.167904
    endloop
  endfacet
  facet normal 0.707092 -2.42357e-05 0.707121
    outer loop
      vertex 1.56494 0.568675 -0.0649437
      vertex 1.6679 0.437205 -0.167904
      vertex 1.5848 0.582934 -0.0848024
    endloop
  endfacet
  facet normal 0.707125 2.73687e-05 0.707088
    outer loop
      vertex 1.6679 0.437205 -0.167904
      vertex 1.56494 0.568675 -0.0649437
      vertex 1.5886 0.389419 -0.088598
    endloop
  endfacet
  facet normal 0.707115 2.45537e-05 0.707099
    outer loop
      vertex 1.48427 0.51075 0.0157301
      vertex 1.5886 0.389419 -0.088598
      vertex 1.56494 0.568675 -0.0649437
    endloop
  endfacet
  facet normal 0.707066 -5.92148e-05 0.707148
    outer loop
      vertex 1.4606 0.492074 0.0393958
      vertex 1.5886 0.389419 -0.088598
      vertex 1.48427 0.51075 0.0157301
    endloop
  endfacet
  facet normal 0.707096 1.66625e-05 0.707117
    outer loop
      vertex 1.3875 0.434387 0.112495
      vertex 1.5886 0.389419 -0.088598
      vertex 1.4606 0.492074 0.0393958
    endloop
  endfacet
  facet normal 0.707116 0.000191424 0.707098
    outer loop
      vertex 1.36058 0.411088 0.139422
      vertex 1.5886 0.389419 -0.088598
      vertex 1.3875 0.434387 0.112495
    endloop
  endfacet
  facet normal 0.707108 2.94032e-05 0.707105
    outer loop
      vertex 1.5886 0.389419 -0.088598
      vertex 1.36058 0.411088 0.139422
      vertex 1.33554 0.389419 0.164463
    endloop
  endfacet
  facet normal 0 -0.939695 0.342014
    outer loop
      vertex 1.5774e-13 2.32976e-07 0.43006
      vertex 0 0.389419 1.5
      vertex 0 2.32976e-07 0.43006
    endloop
  endfacet
  facet normal 0.323609 -0.88913 0.323611
    outer loop
      vertex 0 0.389419 1.5
      vertex 1.5774e-13 2.32976e-07 0.43006
      vertex 0.674492 0.389418 0.825508
    endloop
  endfacet
  facet normal 0.707107 0 0.707107
    outer loop
      vertex 0 0.389419 1.5
      vertex 0.674492 0.389418 0.825508
      vertex 0.674493 0.389419 0.825507
    endloop
  endfacet
  facet normal 0.323607 -0.889135 0.323602
    outer loop
      vertex 1.47296 0.313259 -0.182215
      vertex 1.29002 0.359987 0.129119
      vertex 1.26256 0.340736 0.103685
    endloop
  endfacet
  facet normal 0.323594 -0.889143 0.323593
    outer loop
      vertex 1.47296 0.313259 -0.182215
      vertex 1.26256 0.340736 0.103685
      vertex 1.21293 0.305943 0.0577138
    endloop
  endfacet
  facet normal 0.323621 -0.889122 0.323622
    outer loop
      vertex 1.47296 0.313259 -0.182215
      vertex 1.21293 0.305943 0.0577138
      vertex 1.1742 0.238848 -0.0878937
    endloop
  endfacet
  facet normal 0.323615 -0.88913 0.323605
    outer loop
      vertex 1.29002 0.359987 0.129119
      vertex 1.47296 0.313259 -0.182215
      vertex 1.56894 0.377576 -0.101482
    endloop
  endfacet
  facet normal 0.323572 -0.889159 0.323571
    outer loop
      vertex 1.33554 0.389419 0.164463
      vertex 1.56894 0.377576 -0.101482
      vertex 1.5886 0.389419 -0.088598
    endloop
  endfacet
  facet normal 0.323619 -0.889127 0.32361
    outer loop
      vertex 1.29002 0.359987 0.129119
      vertex 1.56894 0.377576 -0.101482
      vertex 1.33554 0.389419 0.164463
    endloop
  endfacet
  facet normal 0.32362 -0.889123 0.32362
    outer loop
      vertex 1.1742 0.238848 -0.0878937
      vertex 1.38019 0.244403 -0.278622
      vertex 1.47296 0.313259 -0.182215
    endloop
  endfacet
  facet normal 0.323612 -0.889129 0.323611
    outer loop
      vertex 1.1742 0.238848 -0.0878937
      vertex 1.29083 0.171166 -0.390482
      vertex 1.38019 0.244403 -0.278622
    endloop
  endfacet
  facet normal 0.323259 -0.889294 0.323512
    outer loop
      vertex 1.1742 0.238848 -0.0878937
      vertex 1.28756 0.168217 -0.395321
      vertex 1.29083 0.171166 -0.390482
    endloop
  endfacet
  facet normal 0.323613 -0.889131 0.323605
    outer loop
      vertex 1.28756 0.168217 -0.395321
      vertex 1.1742 0.238848 -0.0878937
      vertex 1.05159 0.0264938 -0.548741
    endloop
  endfacet
  facet normal -0.724828 0.608187 0.323625
    outer loop
      vertex 1.16682 2.3441 -1.14653
      vertex 1.90063 3.40673 -1.5
      vertex 1.12862 2.48666 -1.5
    endloop
  endfacet
  facet normal -0.724829 0.608187 0.323622
    outer loop
      vertex 1.90063 3.40673 -1.5
      vertex 1.16682 2.3441 -1.14653
      vertex 2.17731 2.92751 0.0202942
    endloop
  endfacet
  facet normal -0.612377 -0.353551 0.707104
    outer loop
      vertex 1.16682 2.3441 -1.14653
      vertex 2.37733 2.58106 0.0202942
      vertex 2.17731 2.92751 0.0202942
    endloop
  endfacet
  facet normal -0.612382 -0.353537 0.707106
    outer loop
      vertex 2.37733 2.58106 0.0202942
      vertex 1.16682 2.3441 -1.14653
      vertex 1.27401 1.94406 -1.25371
    endloop
  endfacet
  facet normal -0.965926 -0.258818 -0
    outer loop
      vertex 1.27401 1.94406 -1.25371
      vertex 1.16682 2.3441 -1.14653
      vertex 1.27401 1.94406 -1.25372
    endloop
  endfacet
  facet normal -0.724825 0.608198 0.323613
    outer loop
      vertex 1.41832 1.4055 0.0816833
      vertex 2.64661 2.11466 1.5
      vertex 1.29536 1.86438 -1.05614
    endloop
  endfacet
  facet normal 0.498595 0.521399 -0.692493
    outer loop
      vertex 2.64661 2.11466 1.5
      vertex 1.41832 1.4055 0.0816833
      vertex 1.41831 1.4055 0.0816761
    endloop
  endfacet
  facet normal -0.724821 0.608201 0.323614
    outer loop
      vertex 1.29536 1.86438 -1.05614
      vertex 2.37733 2.58106 0.0202942
      vertex 1.27401 1.94406 -1.25371
    endloop
  endfacet
  facet normal -0.724819 0.608206 0.323609
    outer loop
      vertex 2.37733 2.58106 0.0202942
      vertex 1.29536 1.86438 -1.05614
      vertex 2.64661 2.11466 1.5
    endloop
  endfacet
  facet normal 0.186414 -0.933779 0.305461
    outer loop
      vertex 1.6016 0.924682 -1.5
      vertex 1.75798 1.25 -0.600953
      vertex 1.56607 0.917589 -1.5
    endloop
  endfacet
  facet normal 0.186399 -0.933781 0.305464
    outer loop
      vertex 1.75798 1.25 -0.600953
      vertex 1.6016 0.924682 -1.5
      vertex 2.90063 1.67468 0
    endloop
  endfacet
  facet normal 0.1864 -0.933781 0.305463
    outer loop
      vertex 1.41831 1.4055 0.0816761
      vertex 2.90063 1.67468 0
      vertex 2.64661 2.11466 1.5
    endloop
  endfacet
  facet normal 0.186434 -0.93377 0.305477
    outer loop
      vertex 1.77884 1.28613 -0.503241
      vertex 1.41831 1.4055 0.0816761
      vertex 1.45275 1.27696 -0.332258
    endloop
  endfacet
  facet normal 0.1864 -0.933782 0.305459
    outer loop
      vertex 1.41831 1.4055 0.0816761
      vertex 1.77884 1.28613 -0.503241
      vertex 2.90063 1.67468 0
    endloop
  endfacet
  facet normal 0.186388 -0.933777 0.305483
    outer loop
      vertex 2.90063 1.67468 0
      vertex 1.77884 1.28613 -0.503241
      vertex 1.75798 1.25 -0.600953
    endloop
  endfacet
  facet normal -0.734731 0.584701 0.343942
    outer loop
      vertex 2.90063 1.67468 1.5
      vertex 1.55445 0.89746 -0.054447
      vertex 1.55445 0.897459 -0.0544453
    endloop
  endfacet
  facet normal -0.500001 0.866025 -9.0511e-08
    outer loop
      vertex 1.6016 0.924682 -1.5
      vertex 1.55445 0.89746 -0.054447
      vertex 2.90063 1.67468 1.5
    endloop
  endfacet
  facet normal -0.499999 0.866026 0
    outer loop
      vertex 1.55445 0.89746 -0.054447
      vertex 1.6016 0.924682 -1.5
      vertex 1.55445 0.89746 -1.5
    endloop
  endfacet
  facet normal -0.499999 0.866026 0
    outer loop
      vertex 5.49871 3.17468 -1.5
      vertex 2.90063 1.67468 0
      vertex 2.90063 1.67468 1.5
    endloop
  endfacet
  facet normal -0.499999 0.866026 -9.86864e-17
    outer loop
      vertex 2.90063 1.67468 0
      vertex 5.49871 3.17468 -1.5
      vertex 4.19967 2.42468 -1.5
    endloop
  endfacet
  facet normal -0.500001 0.866025 0
    outer loop
      vertex 2.90063 1.67468 1.5
      vertex 2.90063 1.67468 0
      vertex 1.6016 0.924682 -1.5
    endloop
  endfacet
  facet normal -0.612377 -0.353541 0.707109
    outer loop
      vertex 3.15466 1.2347 1.5
      vertex 2.63515 0.953211 0.90935
      vertex 2.6709 0.95541 0.94141
    endloop
  endfacet
  facet normal -0.612385 -0.353528 0.707109
    outer loop
      vertex 3.15466 1.2347 1.5
      vertex 2.51027 0.939478 0.794333
      vertex 2.63515 0.953211 0.90935
    endloop
  endfacet
  facet normal -0.612342 -0.35361 0.707105
    outer loop
      vertex 3.15466 1.2347 1.5
      vertex 2.38619 0.919758 0.67702
      vertex 2.51027 0.939478 0.794333
    endloop
  endfacet
  facet normal -0.612438 -0.353414 0.70712
    outer loop
      vertex 3.15466 1.2347 1.5
      vertex 2.26321 0.894096 0.557681
      vertex 2.38619 0.919758 0.67702
    endloop
  endfacet
  facet normal -0.61243 -0.353431 0.707118
    outer loop
      vertex 2.26321 0.894096 0.557681
      vertex 3.15466 1.2347 1.5
      vertex 2.18048 0.872638 0.475304
    endloop
  endfacet
  facet normal -0.612259 -0.353769 0.707097
    outer loop
      vertex 1.67448 0.679222 -0.059612
      vertex 1.61719 0.663284 -0.117192
      vertex 1.62069 0.650239 -0.120688
    endloop
  endfacet
  facet normal -0.612217 -0.353869 0.707084
    outer loop
      vertex 1.61719 0.663284 -0.117192
      vertex 1.67448 0.679222 -0.059612
      vertex 1.72469 0.703238 -0.00411937
    endloop
  endfacet
  facet normal -0.612419 -0.353465 0.707111
    outer loop
      vertex 2.11473 0.634306 0.299202
      vertex 2.40676 0.807804 0.638852
      vertex 2.3474 0.800958 0.584019
    endloop
  endfacet
  facet normal -0.61232 -0.353618 0.70712
    outer loop
      vertex 2.11473 0.634306 0.299202
      vertex 2.3474 0.800958 0.584019
      vertex 2.28663 0.793949 0.527891
    endloop
  endfacet
  facet normal -0.612399 -0.353512 0.707105
    outer loop
      vertex 2.11473 0.634306 0.299202
      vertex 2.28663 0.793949 0.527891
      vertex 2.23338 0.78529 0.477444
    endloop
  endfacet
  facet normal -0.612407 -0.353502 0.707102
    outer loop
      vertex 2.11473 0.634306 0.299202
      vertex 2.23338 0.78529 0.477444
      vertex 2.16673 0.774453 0.414302
    endloop
  endfacet
  facet normal -0.612391 -0.353515 0.70711
    outer loop
      vertex 2.11473 0.634306 0.299202
      vertex 2.16673 0.774453 0.414302
      vertex 2.11974 0.764549 0.368655
    endloop
  endfacet
  facet normal -0.612351 -0.353581 0.707112
    outer loop
      vertex 2.40676 0.807804 0.638852
      vertex 2.11473 0.634306 0.299202
      vertex 2.41639 0.808467 0.647523
    endloop
  endfacet
  facet normal -0.612334 -0.353537 0.707148
    outer loop
      vertex 2.0473 0.749282 0.298295
      vertex 2.11473 0.634306 0.299202
      vertex 2.11974 0.764549 0.368655
    endloop
  endfacet
  facet normal -0.612379 -0.353564 0.707096
    outer loop
      vertex 2.11473 0.634306 0.299202
      vertex 2.0473 0.749282 0.298295
      vertex 2.08888 0.626257 0.27279
    endloop
  endfacet
  facet normal -0.612372 -0.353563 0.707102
    outer loop
      vertex 2.00667 0.738714 0.257824
      vertex 2.08888 0.626257 0.27279
      vertex 2.0473 0.749282 0.298295
    endloop
  endfacet
  facet normal -0.612376 -0.353566 0.707097
    outer loop
      vertex 2.00667 0.738714 0.257824
      vertex 1.98035 0.586644 0.158991
      vertex 2.08888 0.626257 0.27279
    endloop
  endfacet
  facet normal -0.612373 -0.353568 0.707099
    outer loop
      vertex 1.92863 0.718414 0.180088
      vertex 1.98035 0.586644 0.158991
      vertex 2.00667 0.738714 0.257824
    endloop
  endfacet
  facet normal -0.612383 -0.35357 0.707089
    outer loop
      vertex 1.89441 0.707774 0.145131
      vertex 1.98035 0.586644 0.158991
      vertex 1.92863 0.718414 0.180088
    endloop
  endfacet
  facet normal -0.61238 -0.353567 0.707093
    outer loop
      vertex 1.89441 0.707774 0.145131
      vertex 1.87385 0.541861 0.0443636
      vertex 1.98035 0.586644 0.158991
    endloop
  endfacet
  facet normal -0.612389 -0.353563 0.707087
    outer loop
      vertex 1.81099 0.681836 0.0599135
      vertex 1.87385 0.541861 0.0443636
      vertex 1.89441 0.707774 0.145131
    endloop
  endfacet
  facet normal -0.612283 -0.353527 0.707197
    outer loop
      vertex 1.78316 0.671725 0.0307641
      vertex 1.87385 0.541861 0.0443636
      vertex 1.81099 0.681836 0.0599135
    endloop
  endfacet
  facet normal -0.612352 -0.353584 0.707109
    outer loop
      vertex 1.78316 0.671725 0.0307641
      vertex 1.76962 0.492009 -0.0708271
      vertex 1.87385 0.541861 0.0443636
    endloop
  endfacet
  facet normal -0.612388 -0.353569 0.707086
    outer loop
      vertex 1.69464 0.639552 -0.0619884
      vertex 1.76962 0.492009 -0.0708271
      vertex 1.78316 0.671725 0.0307641
    endloop
  endfacet
  facet normal -0.612387 -0.353568 0.707087
    outer loop
      vertex 1.67316 0.630572 -0.0850819
      vertex 1.76962 0.492009 -0.0708271
      vertex 1.69464 0.639552 -0.0619884
    endloop
  endfacet
  facet normal -0.612343 -0.353532 0.707143
    outer loop
      vertex 1.63071 0.612828 -0.130712
      vertex 1.76962 0.492009 -0.0708271
      vertex 1.67316 0.630572 -0.0850819
    endloop
  endfacet
  facet normal -0.612363 -0.353574 0.707104
    outer loop
      vertex 1.76962 0.492009 -0.0708271
      vertex 1.63071 0.612828 -0.130712
      vertex 1.67653 0.441851 -0.176525
    endloop
  endfacet
  facet normal -0.612369 -0.353562 0.707106
    outer loop
      vertex 2.90063 1.67468 1.5
      vertex 2.18048 0.872638 0.475304
      vertex 3.15466 1.2347 1.5
    endloop
  endfacet
  facet normal -0.612349 -0.353586 0.707111
    outer loop
      vertex 2.90063 1.67468 1.5
      vertex 2.1416 0.862554 0.436592
      vertex 2.18048 0.872638 0.475304
    endloop
  endfacet
  facet normal -0.612374 -0.353554 0.707105
    outer loop
      vertex 1.55445 0.897459 -0.0544453
      vertex 2.1416 0.862554 0.436592
      vertex 2.90063 1.67468 1.5
    endloop
  endfacet
  facet normal -0.61237 -0.353575 0.707098
    outer loop
      vertex 2.1416 0.862554 0.436592
      vertex 1.55445 0.897459 -0.0544453
      vertex 2.02165 0.825202 0.314034
    endloop
  endfacet
  facet normal -0.612375 -0.353543 0.70711
    outer loop
      vertex 2.02165 0.825202 0.314034
      vertex 1.55445 0.897459 -0.0544453
      vertex 1.90363 0.782127 0.190289
    endloop
  endfacet
  facet normal -0.612374 -0.353556 0.707104
    outer loop
      vertex 1.90363 0.782127 0.190289
      vertex 1.55445 0.897459 -0.0544453
      vertex 1.78782 0.73343 0.0656451
    endloop
  endfacet
  facet normal -0.612365 -0.353527 0.707126
    outer loop
      vertex 1.78782 0.73343 0.0656451
      vertex 1.55445 0.897459 -0.0544453
      vertex 1.72469 0.703238 -0.00411937
    endloop
  endfacet
  facet normal -0.612373 -0.353536 0.707115
    outer loop
      vertex 1.72469 0.703238 -0.00411937
      vertex 1.55445 0.897459 -0.0544453
      vertex 1.61719 0.663284 -0.117192
    endloop
  endfacet
  facet normal 0.164305 -0.931811 0.323622
    outer loop
      vertex 3.31898 0.707702 -0.1009
      vertex 3.42393 0.768299 0.0202942
      vertex 3.27693 0.715309 -0.0576479
    endloop
  endfacet
  facet normal 0.164308 -0.931815 0.323611
    outer loop
      vertex 2.26228 0.189626 -1.05614
      vertex 2.88168 0.542627 -0.35419
      vertex 2.79466 0.541465 -0.313353
    endloop
  endfacet
  facet normal 0.164307 -0.931815 0.323612
    outer loop
      vertex 2.88168 0.542627 -0.35419
      vertex 2.26228 0.189626 -1.05614
      vertex 2.98706 0.538966 -0.418236
    endloop
  endfacet
  facet normal 0.164308 -0.931815 0.323611
    outer loop
      vertex 2.26228 0.189626 -1.05614
      vertex 2.79466 0.541465 -0.313353
      vertex 2.14472 0.307183 -0.657954
    endloop
  endfacet
  facet normal 0.164318 -0.931817 0.323601
    outer loop
      vertex 2.98706 0.538966 -0.418236
      vertex 2.26228 0.189626 -1.05614
      vertex 3.02173 0.536088 -0.444128
    endloop
  endfacet
  facet normal 0.16431 -0.931815 0.32361
    outer loop
      vertex 2.26228 0.189626 -1.05614
      vertex 2.32061 0.131294 -1.25372
      vertex 3.02173 0.536088 -0.444128
    endloop
  endfacet
  facet normal 0.164303 -0.931817 0.323608
    outer loop
      vertex 2.76055 0.960925 0.911773
      vertex 3.15466 1.2347 1.5
      vertex 2.6709 0.95541 0.94141
    endloop
  endfacet
  facet normal 0.164312 -0.931817 0.323602
    outer loop
      vertex 2.88617 0.962603 0.85282
      vertex 3.15466 1.2347 1.5
      vertex 2.76055 0.960925 0.911773
    endloop
  endfacet
  facet normal 0.164304 -0.931818 0.323605
    outer loop
      vertex 3.01173 0.958241 0.776509
      vertex 3.15466 1.2347 1.5
      vertex 2.88617 0.962603 0.85282
    endloop
  endfacet
  facet normal 0.164303 -0.931818 0.323605
    outer loop
      vertex 3.13693 0.947848 0.683015
      vertex 3.15466 1.2347 1.5
      vertex 3.01173 0.958241 0.776509
    endloop
  endfacet
  facet normal 0.164305 -0.931817 0.323605
    outer loop
      vertex 3.26149 0.93145 0.572554
      vertex 3.15466 1.2347 1.5
      vertex 3.13693 0.947848 0.683015
    endloop
  endfacet
  facet normal 0.164292 -0.93182 0.323605
    outer loop
      vertex 3.15466 1.2347 1.5
      vertex 3.26149 0.93145 0.572554
      vertex 3.3377 0.917662 0.49416
    endloop
  endfacet
  facet normal 0.164289 -0.931818 0.323612
    outer loop
      vertex 2.53824 0.731348 0.363598
      vertex 2.52549 0.826231 0.64328
      vertex 2.4633 0.816106 0.645698
    endloop
  endfacet
  facet normal 0.164329 -0.931812 0.323608
    outer loop
      vertex 2.42413 0.713213 0.369314
      vertex 2.4633 0.816106 0.645698
      vertex 2.41639 0.808467 0.647523
    endloop
  endfacet
  facet normal 0.164317 -0.931813 0.323611
    outer loop
      vertex 2.52549 0.826231 0.64328
      vertex 2.53824 0.731348 0.363598
      vertex 2.58281 0.833382 0.634766
    endloop
  endfacet
  facet normal 0.164309 -0.931814 0.323613
    outer loop
      vertex 2.58281 0.833382 0.634766
      vertex 2.53824 0.731348 0.363598
      vertex 2.64476 0.84111 0.625564
    endloop
  endfacet
  facet normal 0.164319 -0.931814 0.323609
    outer loop
      vertex 2.65308 0.743978 0.341653
      vertex 2.64476 0.84111 0.625564
      vertex 2.53824 0.731348 0.363598
    endloop
  endfacet
  facet normal 0.164304 -0.931816 0.323609
    outer loop
      vertex 2.64476 0.84111 0.625564
      vertex 2.65308 0.743978 0.341653
      vertex 2.70374 0.846241 0.610393
    endloop
  endfacet
  facet normal 0.164318 -0.931815 0.323606
    outer loop
      vertex 2.70374 0.846241 0.610393
      vertex 2.65308 0.743978 0.341653
      vertex 2.76464 0.85154 0.594728
    endloop
  endfacet
  facet normal 0.164304 -0.931816 0.323609
    outer loop
      vertex 2.7684 0.751072 0.303529
      vertex 2.82603 0.854577 0.572306
      vertex 2.65308 0.743978 0.341653
    endloop
  endfacet
  facet normal 0.164319 -0.931815 0.323606
    outer loop
      vertex 2.82603 0.854577 0.572306
      vertex 2.7684 0.751072 0.303529
      vertex 2.88505 0.857498 0.550748
    endloop
  endfacet
  facet normal 0.164304 -0.931815 0.323613
    outer loop
      vertex 2.88505 0.857498 0.550748
      vertex 2.7684 0.751072 0.303529
      vertex 2.9496 0.858276 0.520215
    endloop
  endfacet
  facet normal 0.164305 -0.931815 0.323612
    outer loop
      vertex 2.88393 0.752615 0.249315
      vertex 2.9496 0.858276 0.520215
      vertex 2.7684 0.751072 0.303529
    endloop
  endfacet
  facet normal 0.164307 -0.931815 0.323612
    outer loop
      vertex 2.9496 0.858276 0.520215
      vertex 2.88393 0.752615 0.249315
      vertex 3.00589 0.858955 0.49359
    endloop
  endfacet
  facet normal 0.1643 -0.931815 0.323614
    outer loop
      vertex 2.4633 0.816106 0.645698
      vertex 2.42413 0.713213 0.369314
      vertex 2.53824 0.731348 0.363598
    endloop
  endfacet
  facet normal 0.164314 -0.931815 0.323609
    outer loop
      vertex 2.41639 0.808467 0.647523
      vertex 2.31103 0.689614 0.358789
      vertex 2.42413 0.713213 0.369314
    endloop
  endfacet
  facet normal 0.16432 -0.931814 0.323607
    outer loop
      vertex 2.41639 0.808467 0.647523
      vertex 2.1992 0.660606 0.332046
      vertex 2.31103 0.689614 0.358789
    endloop
  endfacet
  facet normal 0.164289 -0.931813 0.323627
    outer loop
      vertex 2.1992 0.660606 0.332046
      vertex 2.41639 0.808467 0.647523
      vertex 2.11473 0.634306 0.299202
    endloop
  endfacet
  facet normal 0.164295 -0.931815 0.323616
    outer loop
      vertex 2.76464 0.85154 0.594728
      vertex 2.65308 0.743978 0.341653
      vertex 2.82603 0.854577 0.572306
    endloop
  endfacet
  facet normal 0.164319 -0.931815 0.323606
    outer loop
      vertex 3.00589 0.858955 0.49359
      vertex 2.88393 0.752615 0.249315
      vertex 3.07437 0.857218 0.453816
    endloop
  endfacet
  facet normal 0.164309 -0.931813 0.323614
    outer loop
      vertex 2.9994 0.748603 0.179135
      vertex 3.07437 0.857218 0.453816
      vertex 2.88393 0.752615 0.249315
    endloop
  endfacet
  facet normal 0.164303 -0.931814 0.323616
    outer loop
      vertex 3.07437 0.857218 0.453816
      vertex 2.9994 0.748603 0.179135
      vertex 3.12707 0.855881 0.42321
    endloop
  endfacet
  facet normal 0.164304 -0.931814 0.323615
    outer loop
      vertex 3.12707 0.855881 0.42321
      vertex 2.9994 0.748603 0.179135
      vertex 3.20026 0.851275 0.372788
    endloop
  endfacet
  facet normal 0.164309 -0.931815 0.323611
    outer loop
      vertex 3.11454 0.739046 0.0931555
      vertex 3.20026 0.851275 0.372788
      vertex 2.9994 0.748603 0.179135
    endloop
  endfacet
  facet normal 0.16433 -0.931813 0.323604
    outer loop
      vertex 3.20026 0.851275 0.372788
      vertex 3.11454 0.739046 0.0931555
      vertex 3.24849 0.848239 0.339554
    endloop
  endfacet
  facet normal 0.164314 -0.931813 0.323612
    outer loop
      vertex 3.24849 0.848239 0.339554
      vertex 3.11454 0.739046 0.0931555
      vertex 3.32715 0.840315 0.276798
    endloop
  endfacet
  facet normal 0.164301 -0.931811 0.323626
    outer loop
      vertex 3.32715 0.840315 0.276798
      vertex 3.11454 0.739046 0.0931555
      vertex 3.37007 0.835991 0.242558
    endloop
  endfacet
  facet normal 0.164317 -0.931816 0.323603
    outer loop
      vertex 3.22908 0.723966 -0.00842776
      vertex 3.37007 0.835991 0.242558
      vertex 3.11454 0.739046 0.0931555
    endloop
  endfacet
  facet normal 0.164317 -0.931816 0.323603
    outer loop
      vertex 3.37007 0.835991 0.242558
      vertex 3.22908 0.723966 -0.00842776
      vertex 3.38614 0.833759 0.227971
    endloop
  endfacet
  facet normal 0.164309 -0.931816 0.323608
    outer loop
      vertex 3.38614 0.833759 0.227971
      vertex 3.22908 0.723966 -0.00842776
      vertex 3.42393 0.768299 0.0202942
    endloop
  endfacet
  facet normal 0.164306 -0.931811 0.323622
    outer loop
      vertex 3.42393 0.768299 0.0202942
      vertex 3.22908 0.723966 -0.00842776
      vertex 3.27693 0.715309 -0.0576479
    endloop
  endfacet
  facet normal 0.164309 -0.931815 0.32361
    outer loop
      vertex 2.14472 0.307183 -0.657954
      vertex 2.46207 0.506668 -0.24468
      vertex 2.35885 0.485132 -0.254283
    endloop
  endfacet
  facet normal 0.164312 -0.931815 0.323608
    outer loop
      vertex 2.46207 0.506668 -0.24468
      vertex 2.14472 0.307183 -0.657954
      vertex 2.5662 0.523218 -0.249897
    endloop
  endfacet
  facet normal 0.164311 -0.931815 0.323609
    outer loop
      vertex 2.14472 0.307183 -0.657954
      vertex 2.35885 0.485132 -0.254283
      vertex 2.25679 0.458659 -0.27869
    endloop
  endfacet
  facet normal 0.164308 -0.931814 0.323612
    outer loop
      vertex 2.5662 0.523218 -0.249897
      vertex 2.14472 0.307183 -0.657954
      vertex 2.67101 0.534744 -0.269924
    endloop
  endfacet
  facet normal 0.164314 -0.931816 0.323605
    outer loop
      vertex 2.67101 0.534744 -0.269924
      vertex 2.14472 0.307183 -0.657954
      vertex 2.77625 0.541219 -0.304716
    endloop
  endfacet
  facet normal 0.164312 -0.931815 0.323609
    outer loop
      vertex 2.14472 0.307183 -0.657954
      vertex 2.25679 0.458659 -0.27869
      vertex 2.15612 0.427312 -0.317837
    endloop
  endfacet
  facet normal 0.164308 -0.931816 0.323609
    outer loop
      vertex 2.14472 0.307183 -0.657954
      vertex 2.15612 0.427312 -0.317837
      vertex 2.05976 0.392143 -0.370179
    endloop
  endfacet
  facet normal 0.164288 -0.931807 0.323644
    outer loop
      vertex 2.77625 0.541219 -0.304716
      vertex 2.14472 0.307183 -0.657954
      vertex 2.79466 0.541465 -0.313353
    endloop
  endfacet
  facet normal -0.612495 -0.346319 0.710573
    outer loop
      vertex 3.59681 0.41445 -0.00691951
      vertex 3.6058 0.411373 -0.000670036
      vertex 3.60462 0.411833 -0.00146297
    endloop
  endfacet
  facet normal -0.612491 -0.353351 0.707105
    outer loop
      vertex 3.59681 0.41445 -0.00691951
      vertex 2.61346 -0.161554 -1.14653
      vertex 3.6058 0.411373 -0.000670036
    endloop
  endfacet
  facet normal -0.612363 -0.353571 0.707106
    outer loop
      vertex 2.61346 -0.161554 -1.14653
      vertex 3.59681 0.41445 -0.00691951
      vertex 2.37165 0.0802547 -1.23503
    endloop
  endfacet
  facet normal -0.612397 -0.353611 0.707057
    outer loop
      vertex 3.42393 0.768299 0.0202942
      vertex 3.45535 0.677386 0.0020406
      vertex 3.48053 0.670277 0.0202942
    endloop
  endfacet
  facet normal -0.612371 -0.353607 0.707081
    outer loop
      vertex 3.42393 0.768299 0.0202942
      vertex 3.34278 0.703397 -0.0824433
      vertex 3.45535 0.677386 0.0020406
    endloop
  endfacet
  facet normal -0.612317 -0.353687 0.707088
    outer loop
      vertex 3.34278 0.703397 -0.0824433
      vertex 3.42393 0.768299 0.0202942
      vertex 3.31898 0.707702 -0.1009
    endloop
  endfacet
  facet normal -0.612347 -0.353608 0.707102
    outer loop
      vertex 2.37165 0.0802547 -1.23503
      vertex 3.50464 0.445325 -0.0713016
      vertex 3.40316 0.473972 -0.144857
    endloop
  endfacet
  facet normal -0.612381 -0.353535 0.707108
    outer loop
      vertex 2.37165 0.0802547 -1.23503
      vertex 3.40316 0.473972 -0.144857
      vertex 3.30043 0.497709 -0.221957
    endloop
  endfacet
  facet normal -0.612404 -0.353491 0.707111
    outer loop
      vertex 2.37165 0.0802547 -1.23503
      vertex 3.30043 0.497709 -0.221957
      vertex 3.19668 0.516481 -0.302427
    endloop
  endfacet
  facet normal -0.612364 -0.353564 0.707109
    outer loop
      vertex 2.37165 0.0802547 -1.23503
      vertex 3.19668 0.516481 -0.302427
      vertex 3.09214 0.530244 -0.386078
    endloop
  endfacet
  facet normal -0.612332 -0.353617 0.70711
    outer loop
      vertex 2.37165 0.0802547 -1.23503
      vertex 3.09214 0.530244 -0.386078
      vertex 3.02173 0.536088 -0.444128
    endloop
  endfacet
  facet normal -0.612363 -0.353571 0.707106
    outer loop
      vertex 3.50464 0.445325 -0.0713016
      vertex 2.37165 0.0802547 -1.23503
      vertex 3.59681 0.41445 -0.00691951
    endloop
  endfacet
  facet normal -0.612413 -0.353489 0.707104
    outer loop
      vertex 2.37165 0.0802547 -1.23503
      vertex 3.02173 0.536088 -0.444128
      vertex 2.32061 0.131294 -1.25372
    endloop
  endfacet
  facet normal 0.164289 -0.931813 0.323626
    outer loop
      vertex 3.6058 0.411373 -0.000670036
      vertex 2.61346 -0.161554 -1.14653
      vertex 3.63703 0.399213 -0.0515362
    endloop
  endfacet
  facet normal 0.164294 -0.931812 0.323627
    outer loop
      vertex 3.90063 -0.0573683 -1.5
      vertex 2.61346 -0.161554 -1.14653
      vertex 2.71782 -0.265917 -1.5
    endloop
  endfacet
  facet normal 0.164293 -0.931813 0.323623
    outer loop
      vertex 2.61346 -0.161554 -1.14653
      vertex 3.90063 -0.0573683 -1.5
      vertex 3.63703 0.399213 -0.0515362
    endloop
  endfacet
  facet normal -0.164297 0.931813 0.323622
    outer loop
      vertex 2.17731 2.92751 0.0202942
      vertex 3.49393 3.68766 -1.5
      vertex 1.90063 3.40673 -1.5
    endloop
  endfacet
  facet normal 0.612373 0.353549 0.707108
    outer loop
      vertex 3.49393 3.68766 -1.5
      vertex 2.37733 2.58106 0.0202942
      vertex 3.69395 3.34121 -1.5
    endloop
  endfacet
  facet normal 0.612373 0.353549 0.707108
    outer loop
      vertex 2.37733 2.58106 0.0202942
      vertex 3.49393 3.68766 -1.5
      vertex 2.17731 2.92751 0.0202942
    endloop
  endfacet
  facet normal -0.164313 0.931815 0.323608
    outer loop
      vertex 2.64661 2.11466 1.5
      vertex 5.24469 3.61466 -1.5
      vertex 2.37733 2.58106 0.0202942
    endloop
  endfacet
  facet normal -0.164312 0.931814 0.32361
    outer loop
      vertex 5.24469 3.61466 -1.5
      vertex 3.69395 3.34121 -1.5
      vertex 2.37733 2.58106 0.0202942
    endloop
  endfacet
  facet normal 0.715477 -0.62832 0.305462
    outer loop
      vertex 2.90063 1.67468 0
      vertex 5.24469 3.61466 -1.5
      vertex 2.64661 2.11466 1.5
    endloop
  endfacet
  facet normal 0.715477 -0.62832 0.305462
    outer loop
      vertex 5.24469 3.61466 -1.5
      vertex 2.90063 1.67468 0
      vertex 4.19967 2.42468 -1.5
    endloop
  endfacet
  facet normal 0.612375 0.353551 0.707106
    outer loop
      vertex 5.49871 3.17468 -1.5
      vertex 3.15466 1.2347 1.5
      vertex 5.75273 2.7347 -1.5
    endloop
  endfacet
  facet normal 0.612368 0.353561 0.707107
    outer loop
      vertex 3.15466 1.2347 1.5
      vertex 5.49871 3.17468 -1.5
      vertex 2.90063 1.67468 1.5
    endloop
  endfacet
  facet normal 0.724801 -0.608227 0.323609
    outer loop
      vertex 3.38512 0.909083 0.371827
      vertex 3.15466 1.2347 1.5
      vertex 3.3377 0.917662 0.49416
    endloop
  endfacet
  facet normal 0.724818 -0.608208 0.323607
    outer loop
      vertex 3.15466 1.2347 1.5
      vertex 3.38512 0.909083 0.371827
      vertex 4.74055 1.52845 -1.5
    endloop
  endfacet
  facet normal 0.724823 -0.608199 0.323613
    outer loop
      vertex 3.50753 0.8808 0.0445005
      vertex 4.74055 1.52845 -1.5
      vertex 3.38512 0.909083 0.371827
    endloop
  endfacet
  facet normal 0.724811 -0.608223 0.323594
    outer loop
      vertex 4.74055 1.52845 -1.5
      vertex 3.50753 0.8808 0.0445005
      vertex 3.58225 0.859704 -0.162515
    endloop
  endfacet
  facet normal 0.724772 -0.608263 0.323609
    outer loop
      vertex 3.42393 0.768299 0.0202942
      vertex 3.46362 0.833517 0.0539876
      vertex 3.38614 0.833759 0.227971
    endloop
  endfacet
  facet normal 0.724812 -0.608251 0.323539
    outer loop
      vertex 3.46362 0.833517 0.0539876
      vertex 3.42393 0.768299 0.0202942
      vertex 3.49537 0.833418 -0.0173269
    endloop
  endfacet
  facet normal 0.724814 -0.608207 0.323618
    outer loop
      vertex 3.49537 0.833418 -0.0173269
      vertex 3.42393 0.768299 0.0202942
      vertex 3.53381 0.831737 -0.106581
    endloop
  endfacet
  facet normal 0.72482 -0.608206 0.323608
    outer loop
      vertex 4.74055 1.52845 -1.5
      vertex 5.75273 2.7347 -1.5
      vertex 3.15466 1.2347 1.5
    endloop
  endfacet
  facet normal 0.612374 0.353549 0.707108
    outer loop
      vertex 4.74055 1.52845 -1.5
      vertex 4.05603 0.671315 -0.478626
      vertex 4.94057 1.182 -1.5
    endloop
  endfacet
  facet normal 0.612383 0.353538 0.707105
    outer loop
      vertex 4.74055 1.52845 -1.5
      vertex 3.97938 0.710011 -0.431591
      vertex 4.05603 0.671315 -0.478626
    endloop
  endfacet
  facet normal 0.612358 0.35357 0.707111
    outer loop
      vertex 4.74055 1.52845 -1.5
      vertex 3.86463 0.761172 -0.357799
      vertex 3.97938 0.710011 -0.431591
    endloop
  endfacet
  facet normal 0.612376 0.353545 0.707108
    outer loop
      vertex 4.74055 1.52845 -1.5
      vertex 3.74756 0.806759 -0.279206
      vertex 3.86463 0.761172 -0.357799
    endloop
  endfacet
  facet normal 0.612395 0.353515 0.707106
    outer loop
      vertex 4.74055 1.52845 -1.5
      vertex 3.62844 0.846665 -0.195992
      vertex 3.74756 0.806759 -0.279206
    endloop
  endfacet
  facet normal 0.612319 0.353643 0.707108
    outer loop
      vertex 3.62844 0.846665 -0.195992
      vertex 4.74055 1.52845 -1.5
      vertex 3.58225 0.859704 -0.162515
    endloop
  endfacet
  facet normal 0.612588 0.35329 0.707051
    outer loop
      vertex 3.8358 0.544166 -0.224327
      vertex 3.97567 0.702205 -0.424477
      vertex 3.97104 0.703929 -0.421327
    endloop
  endfacet
  facet normal 0.612387 0.353529 0.707107
    outer loop
      vertex 3.8358 0.544166 -0.224327
      vertex 3.97104 0.703929 -0.421327
      vertex 3.85827 0.74591 -0.344652
    endloop
  endfacet
  facet normal 0.612273 0.353613 0.707163
    outer loop
      vertex 3.78375 0.567373 -0.190855
      vertex 3.85827 0.74591 -0.344652
      vertex 3.84922 0.748753 -0.338238
    endloop
  endfacet
  facet normal 0.612347 0.353583 0.707114
    outer loop
      vertex 3.97567 0.702205 -0.424477
      vertex 3.8358 0.544166 -0.224327
      vertex 4.05218 0.669089 -0.474174
    endloop
  endfacet
  facet normal 0.612362 0.353541 0.707122
    outer loop
      vertex 3.85827 0.74591 -0.344652
      vertex 3.78375 0.567373 -0.190855
      vertex 3.8358 0.544166 -0.224327
    endloop
  endfacet
  facet normal 0.612361 0.353546 0.70712
    outer loop
      vertex 3.73909 0.78335 -0.260164
      vertex 3.78375 0.567373 -0.190855
      vertex 3.84922 0.748753 -0.338238
    endloop
  endfacet
  facet normal 0.612319 0.353595 0.707132
    outer loop
      vertex 3.67609 0.609296 -0.118577
      vertex 3.73909 0.78335 -0.260164
      vertex 3.72523 0.786927 -0.249951
    endloop
  endfacet
  facet normal 0.612385 0.353545 0.7071
    outer loop
      vertex 3.73909 0.78335 -0.260164
      vertex 3.67609 0.609296 -0.118577
      vertex 3.78375 0.567373 -0.190855
    endloop
  endfacet
  facet normal 0.61239 0.353547 0.707094
    outer loop
      vertex 3.61851 0.814476 -0.171299
      vertex 3.67609 0.609296 -0.118577
      vertex 3.72523 0.786927 -0.249951
    endloop
  endfacet
  facet normal 0.612413 0.353526 0.707085
    outer loop
      vertex 3.56654 0.645995 -0.0420507
      vertex 3.61851 0.814476 -0.171299
      vertex 3.59949 0.818353 -0.156764
    endloop
  endfacet
  facet normal 0.612383 0.353547 0.7071
    outer loop
      vertex 3.61851 0.814476 -0.171299
      vertex 3.56654 0.645995 -0.0420507
      vertex 3.67609 0.609296 -0.118577
    endloop
  endfacet
  facet normal 0.612335 0.353571 0.707131
    outer loop
      vertex 3.53381 0.831737 -0.106581
      vertex 3.56654 0.645995 -0.0420507
      vertex 3.59949 0.818353 -0.156764
    endloop
  endfacet
  facet normal 0.612367 0.353568 0.707104
    outer loop
      vertex 3.53381 0.831737 -0.106581
      vertex 3.48053 0.670277 0.0202942
      vertex 3.56654 0.645995 -0.0420507
    endloop
  endfacet
  facet normal 0.612347 0.353582 0.707114
    outer loop
      vertex 3.48053 0.670277 0.0202942
      vertex 3.53381 0.831737 -0.106581
      vertex 3.42393 0.768299 0.0202942
    endloop
  endfacet
  facet normal 0.724855 -0.608159 0.323616
    outer loop
      vertex 3.90063 -0.0573683 -1.5
      vertex 3.70287 0.373573 -0.247193
      vertex 3.63703 0.399213 -0.0515362
    endloop
  endfacet
  facet normal 0.724811 -0.608207 0.323625
    outer loop
      vertex 3.70287 0.373573 -0.247193
      vertex 3.90063 -0.0573683 -1.5
      vertex 3.78886 0.335234 -0.511834
    endloop
  endfacet
  facet normal 0.724827 -0.608174 0.323651
    outer loop
      vertex 3.88928 0.520324 -0.388899
      vertex 4.05218 0.669089 -0.474174
      vertex 3.8358 0.544166 -0.224327
    endloop
  endfacet
  facet normal 0.724878 -0.608071 0.323731
    outer loop
      vertex 4.06645 0.666057 -0.511834
      vertex 4.94057 1.182 -1.5
      vertex 4.05603 0.671315 -0.478626
    endloop
  endfacet
  facet normal 0.724826 -0.608207 0.323592
    outer loop
      vertex 3.92783 0.500859 -0.511834
      vertex 4.05218 0.669089 -0.474174
      vertex 3.88928 0.520324 -0.388899
    endloop
  endfacet
  facet normal 0.724818 -0.608205 0.323612
    outer loop
      vertex 4.05218 0.669089 -0.474174
      vertex 3.92783 0.500859 -0.511834
      vertex 4.06645 0.666057 -0.511834
    endloop
  endfacet
  facet normal 0.724819 -0.608206 0.323609
    outer loop
      vertex 4.06645 0.666057 -0.511834
      vertex 3.92783 0.500859 -0.511834
      vertex 4.94057 1.182 -1.5
    endloop
  endfacet
  facet normal 0.724834 -0.608183 0.323618
    outer loop
      vertex 3.90063 -0.0573683 -1.5
      vertex 3.92783 0.500859 -0.511834
      vertex 3.78886 0.335234 -0.511834
    endloop
  endfacet
  facet normal 0.724824 -0.608192 0.323624
    outer loop
      vertex 3.92783 0.500859 -0.511834
      vertex 3.90063 -0.0573683 -1.5
      vertex 4.94057 1.182 -1.5
    endloop
  endfacet
  facet normal 0.88912 0.323625 0.323624
    outer loop
      vertex 2 -3.34936 -1.5
      vertex 1.44664 -2.18254 -1.14653
      vertex 1.44664 -3.34936 0.0202942
    endloop
  endfacet
  facet normal 0.889121 0.323626 0.323622
    outer loop
      vertex 1.44664 -2.18254 -1.14653
      vertex 2 -3.34936 -1.5
      vertex 1.5892 -2.22074 -1.5
    endloop
  endfacet
  facet normal 6.24614e-07 0.707108 0.707106
    outer loop
      vertex 1.0466 -3.34936 0.0202942
      vertex 1.44664 -2.18254 -1.14653
      vertex 1.0466 -2.07535 -1.25372
    endloop
  endfacet
  facet normal 0 0.707108 0.707106
    outer loop
      vertex 1.44664 -2.18254 -1.14653
      vertex 1.0466 -3.34936 0.0202942
      vertex 1.44664 -3.34936 0.0202942
    endloop
  endfacet
  facet normal -0.768766 0.452218 0.452215
    outer loop
      vertex 0.508041 -3.34936 1.5
      vertex 0.508042 -1.93105 0.0816835
      vertex 0.508041 -1.93105 0.0816818
    endloop
  endfacet
  facet normal 0.88913 0.323612 0.323611
    outer loop
      vertex 1.0466 -3.34936 0.0202942
      vertex 0.508042 -1.93105 0.0816835
      vertex 0.508041 -3.34936 1.5
    endloop
  endfacet
  facet normal 0.88913 0.323612 0.323609
    outer loop
      vertex 0.508042 -1.93105 0.0816835
      vertex 1.0466 -3.34936 0.0202942
      vertex 0.806333 -2.01098 -0.657954
    endloop
  endfacet
  facet normal 0.889128 0.323613 0.323612
    outer loop
      vertex 0.806333 -2.01098 -0.657954
      vertex 1.0466 -3.34936 0.0202942
      vertex 1.0466 -2.07535 -1.25372
    endloop
  endfacet
  facet normal -0.901862 0.305503 0.305473
    outer loop
      vertex 0 -1.84936 -1.5
      vertex 0.224397 -2.18359 -0.503241
      vertex 0.0116224 -1.81505 -1.5
    endloop
  endfacet
  facet normal -0.901878 0.305464 0.305464
    outer loop
      vertex 0.224397 -2.18359 -0.503241
      vertex 0 -1.84936 -1.5
      vertex 0 -3.34936 0
    endloop
  endfacet
  facet normal -0.901879 0.305465 0.30546
    outer loop
      vertex 0.224397 -2.18359 -0.503241
      vertex 0.508041 -1.93105 0.0816818
      vertex 0.379506 -1.89661 -0.332262
    endloop
  endfacet
  facet normal -0.901879 0.305463 0.305461
    outer loop
      vertex 0 -3.34936 0
      vertex 0.508041 -1.93105 0.0816818
      vertex 0.224397 -2.18359 -0.503241
    endloop
  endfacet
  facet normal -0.901879 0.305463 0.305461
    outer loop
      vertex 0.508041 -1.93105 0.0816818
      vertex 0 -3.34936 0
      vertex 0.508041 -3.34936 1.5
    endloop
  endfacet
  facet normal 0.205545 0.69201 0.692007
    outer loop
      vertex -3.36669e-07 -1.79492 -0.0544456
      vertex 0 -3.34936 1.5
      vertex 0 -1.79492 -0.0544457
    endloop
  endfacet
  facet normal -0.222024 0.965397 0.136799
    outer loop
      vertex -0.508041 -1.93105 0.0816818
      vertex -3.36669e-07 -1.79492 -0.0544456
      vertex -4.59898e-07 -1.79492 -0.0544458
    endloop
  endfacet
  facet normal 1.90645e-06 0.707097 0.707117
    outer loop
      vertex -0.508041 -1.93105 0.0816818
      vertex -4.59898e-07 -1.79492 -0.0544458
      vertex -0.474475 -1.66778 -0.181581
    endloop
  endfacet
  facet normal -4.30133e-06 0.707108 0.707106
    outer loop
      vertex -3.36669e-07 -1.79492 -0.0544456
      vertex -0.508041 -1.93105 0.0816818
      vertex 0 -3.34936 1.5
    endloop
  endfacet
  facet normal 0 0.707109 0.707105
    outer loop
      vertex 0 -3.34936 1.5
      vertex -0.508041 -1.93105 0.0816818
      vertex -0.508041 -3.34936 1.5
    endloop
  endfacet
  facet normal -0.889131 0.32361 0.323609
    outer loop
      vertex -1.0466 -3.34936 0.0202942
      vertex -0.966918 -2.054 -1.05614
      vertex -1.0466 -2.07535 -1.25372
    endloop
  endfacet
  facet normal -0.88913 0.323612 0.323611
    outer loop
      vertex -1.0466 -3.34936 0.0202942
      vertex -0.508042 -1.93105 0.0816835
      vertex -0.966918 -2.054 -1.05614
    endloop
  endfacet
  facet normal 0.768766 0.452218 0.452215
    outer loop
      vertex -0.508042 -1.93105 0.0816835
      vertex -0.508041 -3.34936 1.5
      vertex -0.508041 -1.93105 0.0816818
    endloop
  endfacet
  facet normal -0.88913 0.323612 0.323611
    outer loop
      vertex -0.508041 -3.34936 1.5
      vertex -0.508042 -1.93105 0.0816835
      vertex -1.0466 -3.34936 0.0202942
    endloop
  endfacet
  facet normal -6.24614e-07 0.707108 0.707106
    outer loop
      vertex -1.44664 -2.18254 -1.14653
      vertex -1.0466 -3.34936 0.0202942
      vertex -1.0466 -2.07535 -1.25372
    endloop
  endfacet
  facet normal 0 0.707108 0.707106
    outer loop
      vertex -1.44664 -2.18254 -1.14653
      vertex -1.44664 -3.34936 0.0202942
      vertex -1.0466 -3.34936 0.0202942
    endloop
  endfacet
  facet normal -0.889121 0.323626 0.323622
    outer loop
      vertex -2 -3.34936 -1.5
      vertex -1.44664 -2.18254 -1.14653
      vertex -1.5892 -2.22074 -1.5
    endloop
  endfacet
  facet normal -0.88912 0.323625 0.323624
    outer loop
      vertex -1.44664 -2.18254 -1.14653
      vertex -2 -3.34936 -1.5
      vertex -1.44664 -3.34936 0.0202942
    endloop
  endfacet
  facet normal 0.889121 -0.323623 0.323624
    outer loop
      vertex 2 -3.34936 -1.5
      vertex 1.44664 -3.34936 0.0202942
      vertex 1.44664 -4.86966 -1.5
    endloop
  endfacet
  facet normal 0 -0.707105 0.707108
    outer loop
      vertex 1.0466 -4.86966 -1.5
      vertex 1.44664 -3.34936 0.0202942
      vertex 1.0466 -3.34936 0.0202942
    endloop
  endfacet
  facet normal 0 -0.707105 0.707108
    outer loop
      vertex 1.44664 -3.34936 0.0202942
      vertex 1.0466 -4.86966 -1.5
      vertex 1.44664 -4.86966 -1.5
    endloop
  endfacet
  facet normal 0.88913 -0.32361 0.323611
    outer loop
      vertex 0.508041 -3.34936 1.5
      vertex 1.0466 -4.86966 -1.5
      vertex 1.0466 -3.34936 0.0202942
    endloop
  endfacet
  facet normal 0.889129 -0.323612 0.323612
    outer loop
      vertex 1.0466 -4.86966 -1.5
      vertex 0.508041 -3.34936 1.5
      vertex 0.508041 -6.34936 -1.5
    endloop
  endfacet
  facet normal -0.90188 -0.305461 0.305461
    outer loop
      vertex 0 -4.84936 -1.5
      vertex 0.508041 -3.34936 1.5
      vertex 0 -3.34936 0
    endloop
  endfacet
  facet normal -0.90188 -0.305461 0.305461
    outer loop
      vertex 0.508041 -3.34936 1.5
      vertex 0 -4.84936 -1.5
      vertex 0.508041 -6.34936 -1.5
    endloop
  endfacet
  facet normal 1 0 0
    outer loop
      vertex 0 -3.34936 0
      vertex 0 -1.79492 -0.777223
      vertex 0 -1.79492 -0.0544463
    endloop
  endfacet
  facet normal 1 -0 0
    outer loop
      vertex 0 -3.34936 0
      vertex 0 -1.79492 -0.0544457
      vertex 0 -3.34936 1.5
    endloop
  endfacet
  facet normal 1 0 0
    outer loop
      vertex 0 -1.79492 -0.0544457
      vertex 0 -3.34936 0
      vertex 0 -1.79492 -0.0544463
    endloop
  endfacet
  facet normal 1 0 0
    outer loop
      vertex 0 -1.79492 -0.777223
      vertex 0 -3.34936 0
      vertex 0 -1.84936 -1.5
    endloop
  endfacet
  facet normal 1 0 0
    outer loop
      vertex 0 -3.34936 1.5
      vertex 0 -4.84936 -1.5
      vertex 0 -3.34936 0
    endloop
  endfacet
  facet normal 1 0 -0
    outer loop
      vertex 0 -4.84936 -1.5
      vertex 0 -3.34936 1.5
      vertex 0 -6.34936 -1.5
    endloop
  endfacet
  facet normal 1 0 -0
    outer loop
      vertex 0 -1.79492 -1.5
      vertex 0 -1.79492 -0.777223
      vertex 0 -1.84936 -1.5
    endloop
  endfacet
  facet normal 0 -0.707107 0.707107
    outer loop
      vertex -0.508041 -6.34936 -1.5
      vertex 0 -3.34936 1.5
      vertex -0.508041 -3.34936 1.5
    endloop
  endfacet
  facet normal 0 -0.707107 0.707107
    outer loop
      vertex 0 -3.34936 1.5
      vertex -0.508041 -6.34936 -1.5
      vertex 0 -6.34936 -1.5
    endloop
  endfacet
  facet normal -0.88913 -0.32361 0.323611
    outer loop
      vertex -1.0466 -4.86966 -1.5
      vertex -0.508041 -3.34936 1.5
      vertex -1.0466 -3.34936 0.0202942
    endloop
  endfacet
  facet normal -0.889129 -0.323612 0.323612
    outer loop
      vertex -0.508041 -3.34936 1.5
      vertex -1.0466 -4.86966 -1.5
      vertex -0.508041 -6.34936 -1.5
    endloop
  endfacet
  facet normal 0 -0.707105 0.707108
    outer loop
      vertex -1.44664 -4.86966 -1.5
      vertex -1.0466 -3.34936 0.0202942
      vertex -1.44664 -3.34936 0.0202942
    endloop
  endfacet
  facet normal 0 -0.707105 0.707108
    outer loop
      vertex -1.0466 -3.34936 0.0202942
      vertex -1.44664 -4.86966 -1.5
      vertex -1.0466 -4.86966 -1.5
    endloop
  endfacet
  facet normal -0.889121 -0.323623 0.323624
    outer loop
      vertex -1.44664 -4.86966 -1.5
      vertex -1.44664 -3.34936 0.0202942
      vertex -2 -3.34936 -1.5
    endloop
  endfacet
  facet normal -0.164293 -0.931813 0.323624
    outer loop
      vertex -3.90063 -0.0573683 -1.5
      vertex -2.61346 -0.161554 -1.14653
      vertex -3.62395 0.421855 0.0202942
    endloop
  endfacet
  facet normal -0.164294 -0.931812 0.323627
    outer loop
      vertex -2.61346 -0.161554 -1.14653
      vertex -3.90063 -0.0573683 -1.5
      vertex -2.71782 -0.265917 -1.5
    endloop
  endfacet
  facet normal 0.612379 -0.353547 0.707104
    outer loop
      vertex -2.54985 -0.0979503 -1.16981
      vertex -2.32061 0.131294 -1.25372
      vertex -3.42393 0.768299 0.0202942
    endloop
  endfacet
  facet normal 0.612345 -0.353591 0.707112
    outer loop
      vertex -3.42393 0.768299 0.0202942
      vertex -2.61346 -0.161554 -1.14653
      vertex -2.54985 -0.0979503 -1.16981
    endloop
  endfacet
  facet normal 0.612375 -0.353555 0.707104
    outer loop
      vertex -2.61346 -0.161554 -1.14653
      vertex -3.42393 0.768299 0.0202942
      vertex -3.62395 0.421855 0.0202942
    endloop
  endfacet
  facet normal -0.164307 -0.931815 0.32361
    outer loop
      vertex -3.15466 1.2347 1.5
      vertex -2.14472 0.307182 -0.657954
      vertex -1.92636 0.525547 0.0816835
    endloop
  endfacet
  facet normal -0.164306 -0.931815 0.323611
    outer loop
      vertex -2.14472 0.307182 -0.657954
      vertex -3.15466 1.2347 1.5
      vertex -2.26228 0.189625 -1.05614
    endloop
  endfacet
  facet normal -3.8229e-06 0.894427 -0.447214
    outer loop
      vertex -3.15466 1.2347 1.5
      vertex -1.92636 0.525547 0.0816835
      vertex -1.92636 0.525546 0.0816815
    endloop
  endfacet
  facet normal -0.164313 -0.931815 0.323608
    outer loop
      vertex -3.42393 0.768299 0.0202942
      vertex -2.26228 0.189625 -1.05614
      vertex -3.15466 1.2347 1.5
    endloop
  endfacet
  facet normal -0.164315 -0.931815 0.323607
    outer loop
      vertex -2.32061 0.131294 -1.25372
      vertex -2.26228 0.189625 -1.05614
      vertex -3.42393 0.768299 0.0202942
    endloop
  endfacet
  facet normal 0.715476 0.628325 0.305454
    outer loop
      vertex -1.96152 0.89746 -0.600952
      vertex -1.6016 0.924682 -1.5
      vertex -2.90063 1.67468 0
    endloop
  endfacet
  facet normal 0.715429 0.628386 0.305438
    outer loop
      vertex -1.6016 0.924682 -1.5
      vertex -1.96152 0.89746 -0.600952
      vertex -1.57769 0.89746 -1.5
    endloop
  endfacet
  facet normal 0.715478 0.62832 0.30546
    outer loop
      vertex -2.90063 1.67468 0
      vertex -1.83226 0.61964 -0.332261
      vertex -2.00324 0.89746 -0.503241
    endloop
  endfacet
  facet normal 0.715477 0.628316 0.30547
    outer loop
      vertex -2.90063 1.67468 0
      vertex -1.92636 0.525546 0.0816815
      vertex -1.83226 0.61964 -0.332261
    endloop
  endfacet
  facet normal 0.715478 0.628316 0.305466
    outer loop
      vertex -1.92636 0.525546 0.0816815
      vertex -2.90063 1.67468 0
      vertex -3.15466 1.2347 1.5
    endloop
  endfacet
  facet normal 0.71548 0.628302 0.305491
    outer loop
      vertex -2.90063 1.67468 0
      vertex -2.00324 0.89746 -0.503241
      vertex -1.96152 0.89746 -0.600952
    endloop
  endfacet
  facet normal -0.734731 -0.584701 -0.343942
    outer loop
      vertex -2.90063 1.67468 1.5
      vertex -1.55445 0.89746 -0.054447
      vertex -1.55445 0.897459 -0.0544453
    endloop
  endfacet
  facet normal -0.500001 -0.866025 9.0511e-08
    outer loop
      vertex -1.6016 0.924682 -1.5
      vertex -1.55445 0.89746 -0.054447
      vertex -2.90063 1.67468 1.5
    endloop
  endfacet
  facet normal -0.499999 -0.866026 -0
    outer loop
      vertex -1.55445 0.89746 -0.054447
      vertex -1.6016 0.924682 -1.5
      vertex -1.55445 0.89746 -1.5
    endloop
  endfacet
  facet normal 0.612404 -0.353567 0.707073
    outer loop
      vertex -1.42546 1.11053 -0.0596125
      vertex -1.55444 0.89746 -0.0544457
      vertex -1.37347 1.07844 -0.120688
    endloop
  endfacet
  facet normal 0.612364 -0.353542 0.70712
    outer loop
      vertex -1.52908 1.18158 0.0656453
      vertex -1.55444 0.89746 -0.0544457
      vertex -1.42546 1.11053 -0.0596125
    endloop
  endfacet
  facet normal 0.0550757 -0.392903 0.917929
    outer loop
      vertex -1.52908 1.18158 0.0656453
      vertex -1.55445 0.89746 -0.0544451
      vertex -1.55444 0.89746 -0.0544457
    endloop
  endfacet
  facet normal 0.612358 -0.35356 0.707116
    outer loop
      vertex -1.62916 1.25753 0.190289
      vertex -1.55445 0.89746 -0.0544451
      vertex -1.52908 1.18158 0.0656453
    endloop
  endfacet
  facet normal 0.612394 -0.353538 0.707096
    outer loop
      vertex -1.72547 1.3382 0.314034
      vertex -1.55445 0.89746 -0.0544451
      vertex -1.62916 1.25753 0.190289
    endloop
  endfacet
  facet normal 0.849086 -0.103599 0.517997
    outer loop
      vertex -1.55445 0.89746 -0.0544451
      vertex -1.72547 1.3382 0.314034
      vertex -1.55445 0.897459 -0.0544453
    endloop
  endfacet
  facet normal 0.612434 -0.353506 0.707077
    outer loop
      vertex -1.81779 1.4234 0.436593
      vertex -1.55445 0.897459 -0.0544453
      vertex -1.72547 1.3382 0.314034
    endloop
  endfacet
  facet normal 0.612409 -0.35346 0.707122
    outer loop
      vertex -2.90063 1.67468 1.5
      vertex -1.81779 1.4234 0.436593
      vertex -1.90592 1.51295 0.557681
    endloop
  endfacet
  facet normal 0.612371 -0.353569 0.7071
    outer loop
      vertex -2.90063 1.67468 1.5
      vertex -1.90592 1.51295 0.557681
      vertex -1.98963 1.60663 0.677019
    endloop
  endfacet
  facet normal 0.612377 -0.353549 0.707105
    outer loop
      vertex -2.90063 1.67468 1.5
      vertex -1.98963 1.60663 0.677019
      vertex -2.06875 1.70422 0.794334
    endloop
  endfacet
  facet normal 0.612371 -0.353574 0.707098
    outer loop
      vertex -2.90063 1.67468 1.5
      vertex -2.06875 1.70422 0.794334
      vertex -2.14308 1.8055 0.90935
    endloop
  endfacet
  facet normal 0.612376 -0.353534 0.707113
    outer loop
      vertex -2.90063 1.67468 1.5
      vertex -2.14308 1.8055 0.90935
      vertex -2.16286 1.83536 0.941409
    endloop
  endfacet
  facet normal 0.612375 -0.353551 0.707106
    outer loop
      vertex -2.90063 1.67468 1.5
      vertex -2.16286 1.83536 0.941409
      vertex -2.64661 2.11466 1.5
    endloop
  endfacet
  facet normal 0.612368 -0.353566 0.707105
    outer loop
      vertex -1.81779 1.4234 0.436593
      vertex -2.90063 1.67468 1.5
      vertex -1.55445 0.897459 -0.0544453
    endloop
  endfacet
  facet normal 0.612392 -0.353542 0.707096
    outer loop
      vertex -1.3109 1.28653 -0.0708268
      vertex -1.34608 1.10582 -0.130712
      vertex -1.22092 1.23099 -0.176525
    endloop
  endfacet
  facet normal 0.61235 -0.353545 0.70713
    outer loop
      vertex -1.3109 1.28653 -0.0708268
      vertex -1.38267 1.13371 -0.0850821
      vertex -1.34608 1.10582 -0.130712
    endloop
  endfacet
  facet normal 0.612365 -0.353551 0.707114
    outer loop
      vertex -1.3109 1.28653 -0.0708268
      vertex -1.40119 1.14782 -0.0619888
      vertex -1.38267 1.13371 -0.0850821
    endloop
  endfacet
  facet normal 0.612382 -0.353517 0.707117
    outer loop
      vertex -1.47331 1.2084 0.0307643
      vertex -1.3109 1.28653 -0.0708268
      vertex -1.40619 1.35187 0.0443631
    endloop
  endfacet
  facet normal 0.612388 -0.353567 0.707087
    outer loop
      vertex -1.3109 1.28653 -0.0708268
      vertex -1.47331 1.2084 0.0307643
      vertex -1.40119 1.14782 -0.0619888
    endloop
  endfacet
  facet normal 0.612354 -0.353506 0.707146
    outer loop
      vertex -1.40619 1.35187 0.0443631
      vertex -1.49598 1.22744 0.0599136
      vertex -1.47331 1.2084 0.0307643
    endloop
  endfacet
  facet normal 0.612377 -0.353583 0.707088
    outer loop
      vertex -1.56016 1.28672 0.145131
      vertex -1.40619 1.35187 0.0443631
      vertex -1.49822 1.42171 0.15899
    endloop
  endfacet
  facet normal 0.612373 -0.353523 0.707121
    outer loop
      vertex -1.40619 1.35187 0.0443631
      vertex -1.56016 1.28672 0.145131
      vertex -1.49598 1.22744 0.0599136
    endloop
  endfacet
  facet normal 0.612388 -0.353587 0.707077
    outer loop
      vertex -1.49822 1.42171 0.15899
      vertex -1.58648 1.31104 0.180088
      vertex -1.56016 1.28672 0.145131
    endloop
  endfacet
  facet normal 0.612376 -0.353507 0.707126
    outer loop
      vertex -1.64308 1.36847 0.257824
      vertex -1.49822 1.42171 0.15899
      vertex -1.5868 1.4959 0.27279
    endloop
  endfacet
  facet normal 0.612432 -0.353602 0.707031
    outer loop
      vertex -1.67255 1.39838 0.298295
      vertex -1.5868 1.4959 0.27279
      vertex -1.60669 1.51426 0.299201
    endloop
  endfacet
  facet normal 0.612378 -0.353576 0.707091
    outer loop
      vertex -1.49822 1.42171 0.15899
      vertex -1.64308 1.36847 0.257824
      vertex -1.58648 1.31104 0.180088
    endloop
  endfacet
  facet normal 0.612351 -0.353499 0.707152
    outer loop
      vertex -1.5868 1.4959 0.27279
      vertex -1.67255 1.39838 0.298295
      vertex -1.64308 1.36847 0.257824
    endloop
  endfacet
  facet normal 0.612358 -0.35356 0.707115
    outer loop
      vertex -1.60669 1.51426 0.299201
      vertex -1.72199 1.45347 0.368655
      vertex -1.67255 1.39838 0.298295
    endloop
  endfacet
  facet normal 0.612367 -0.353616 0.707081
    outer loop
      vertex -1.60669 1.51426 0.299201
      vertex -1.75406 1.48921 0.414303
      vertex -1.72199 1.45347 0.368655
    endloop
  endfacet
  facet normal 0.612378 -0.353531 0.707113
    outer loop
      vertex -1.60669 1.51426 0.299201
      vertex -1.79677 1.54152 0.477444
      vertex -1.75406 1.48921 0.414303
    endloop
  endfacet
  facet normal 0.612401 -0.353463 0.707127
    outer loop
      vertex -1.60669 1.51426 0.299201
      vertex -1.8309 1.58331 0.527891
      vertex -1.79677 1.54152 0.477444
    endloop
  endfacet
  facet normal 0.612303 -0.353689 0.7071
    outer loop
      vertex -1.60669 1.51426 0.299201
      vertex -1.86735 1.63242 0.584019
      vertex -1.8309 1.58331 0.527891
    endloop
  endfacet
  facet normal 0.612385 -0.353529 0.707108
    outer loop
      vertex -1.60669 1.51426 0.299201
      vertex -1.90296 1.68041 0.638852
      vertex -1.86735 1.63242 0.584019
    endloop
  endfacet
  facet normal 0.6126 -0.353151 0.707111
    outer loop
      vertex -1.90296 1.68041 0.638852
      vertex -1.60669 1.51426 0.299201
      vertex -1.90835 1.68842 0.647522
    endloop
  endfacet
  facet normal 0.724818 0.608217 0.323591
    outer loop
      vertex -2.25794 2.48025 -0.0576485
      vertex -2.27238 2.52047 -0.100901
      vertex -2.37733 2.58106 0.0202942
    endloop
  endfacet
  facet normal 0.724823 0.608208 0.323598
    outer loop
      vertex -1.33839 1.70379 -0.657954
      vertex -1.96029 2.31739 -0.418239
      vertex -1.91077 2.2243 -0.354194
    endloop
  endfacet
  facet normal 0.724824 0.60819 0.32363
    outer loop
      vertex -1.33839 1.70379 -0.657954
      vertex -1.91077 2.2243 -0.354194
      vertex -1.86625 2.14951 -0.313353
    endloop
  endfacet
  facet normal 0.724824 0.608212 0.323587
    outer loop
      vertex -1.96029 2.31739 -0.418239
      vertex -1.33839 1.70379 -0.657954
      vertex -1.97513 2.34885 -0.44413
    endloop
  endfacet
  facet normal 0.724821 0.6082 0.323616
    outer loop
      vertex -1.97513 2.34885 -0.44413
      vertex -1.33839 1.70379 -0.657954
      vertex -1.27401 1.94406 -1.25371
    endloop
  endfacet
  facet normal 0.724839 0.608186 0.323603
    outer loop
      vertex -2.64661 2.11466 1.5
      vertex -2.43741 2.35881 0.572553
      vertex -2.46357 2.4317 0.494158
    endloop
  endfacet
  facet normal 0.724821 0.608206 0.323605
    outer loop
      vertex -2.64661 2.11466 1.5
      vertex -2.38933 2.24274 0.683012
      vertex -2.43741 2.35881 0.572553
    endloop
  endfacet
  facet normal 0.724843 0.608178 0.323607
    outer loop
      vertex -2.64661 2.11466 1.5
      vertex -2.33573 2.12911 0.776507
      vertex -2.38933 2.24274 0.683012
    endloop
  endfacet
  facet normal 0.724781 0.608266 0.323582
    outer loop
      vertex -2.64661 2.11466 1.5
      vertex -2.27672 2.0182 0.85282
      vertex -2.33573 2.12911 0.776507
    endloop
  endfacet
  facet normal 0.724844 0.608163 0.323633
    outer loop
      vertex -2.64661 2.11466 1.5
      vertex -2.21246 1.91024 0.911772
      vertex -2.27672 2.0182 0.85282
    endloop
  endfacet
  facet normal 0.724825 0.6082 0.323607
    outer loop
      vertex -2.21246 1.91024 0.911772
      vertex -2.64661 2.11466 1.5
      vertex -2.16286 1.83536 0.941409
    endloop
  endfacet
  facet normal 0.724811 0.608224 0.323594
    outer loop
      vertex -2.1973 2.32774 0.093155
      vertex -2.41513 2.5156 0.227968
      vertex -2.40903 2.50057 0.242555
    endloop
  endfacet
  facet normal 0.724823 0.608188 0.323634
    outer loop
      vertex -2.41513 2.5156 0.227968
      vertex -2.24152 2.43449 -0.00843004
      vertex -2.37733 2.58106 0.0202942
    endloop
  endfacet
  facet normal 0.724806 0.60825 0.323557
    outer loop
      vertex -2.1973 2.32774 0.093155
      vertex -2.40903 2.50057 0.242555
      vertex -2.39131 2.46124 0.276796
    endloop
  endfacet
  facet normal 0.724822 0.608186 0.323639
    outer loop
      vertex -2.37733 2.58106 0.0202942
      vertex -2.24152 2.43449 -0.00843004
      vertex -2.25794 2.48025 -0.0576485
    endloop
  endfacet
  facet normal 0.724813 0.608229 0.323579
    outer loop
      vertex -2.1973 2.32774 0.093155
      vertex -2.39131 2.46124 0.276796
      vertex -2.35884 2.38916 0.339552
    endloop
  endfacet
  facet normal 0.724841 0.608159 0.323648
    outer loop
      vertex -2.14801 2.22325 0.179135
      vertex -2.35884 2.38916 0.339552
      vertex -2.33735 2.34586 0.372787
    endloop
  endfacet
  facet normal 0.724813 0.608208 0.32362
    outer loop
      vertex -2.41513 2.5156 0.227968
      vertex -2.1973 2.32774 0.093155
      vertex -2.24152 2.43449 -0.00843004
    endloop
  endfacet
  facet normal 0.724827 0.608194 0.323612
    outer loop
      vertex -2.14801 2.22325 0.179135
      vertex -2.33735 2.34586 0.372787
      vertex -2.30475 2.28018 0.423208
    endloop
  endfacet
  facet normal 0.724828 0.608169 0.323659
    outer loop
      vertex -2.09375 2.12125 0.249314
      vertex -2.30475 2.28018 0.423208
      vertex -2.27956 2.23387 0.453814
    endloop
  endfacet
  facet normal 0.724833 0.608194 0.323601
    outer loop
      vertex -2.35884 2.38916 0.339552
      vertex -2.14801 2.22325 0.179135
      vertex -2.1973 2.32774 0.093155
    endloop
  endfacet
  facet normal 0.724787 0.608267 0.323568
    outer loop
      vertex -2.09375 2.12125 0.249314
      vertex -2.27956 2.23387 0.453814
      vertex -2.24682 2.1737 0.493589
    endloop
  endfacet
  facet normal 0.724837 0.608169 0.323638
    outer loop
      vertex -2.03465 2.02197 0.303527
      vertex -2.24682 2.1737 0.493589
      vertex -2.21809 2.12529 0.520214
    endloop
  endfacet
  facet normal 0.724814 0.608218 0.323598
    outer loop
      vertex -2.30475 2.28018 0.423208
      vertex -2.09375 2.12125 0.249314
      vertex -2.14801 2.22325 0.179135
    endloop
  endfacet
  facet normal 0.72481 0.60823 0.323585
    outer loop
      vertex -2.03465 2.02197 0.303527
      vertex -2.21809 2.12529 0.520214
      vertex -2.18514 2.06978 0.550748
    endloop
  endfacet
  facet normal 0.72483 0.608192 0.323611
    outer loop
      vertex -2.24682 2.1737 0.493589
      vertex -2.03465 2.02197 0.303527
      vertex -2.09375 2.12125 0.249314
    endloop
  endfacet
  facet normal 0.724834 0.608156 0.323669
    outer loop
      vertex -1.97084 1.92565 0.34165
      vertex -2.18514 2.06978 0.550748
      vertex -2.1531 2.02012 0.572305
    endloop
  endfacet
  facet normal 0.724814 0.608198 0.323635
    outer loop
      vertex -1.97084 1.92565 0.34165
      vertex -2.1531 2.02012 0.572305
      vertex -2.11978 1.96848 0.594727
    endloop
  endfacet
  facet normal 0.724804 0.608239 0.32358
    outer loop
      vertex -2.18514 2.06978 0.550748
      vertex -1.97084 1.92565 0.34165
      vertex -2.03465 2.02197 0.303527
    endloop
  endfacet
  facet normal 0.724805 0.608231 0.323595
    outer loop
      vertex -1.90248 1.8325 0.363596
      vertex -2.11978 1.96848 0.594727
      vertex -2.08474 1.91839 0.610392
    endloop
  endfacet
  facet normal 0.724819 0.608202 0.323616
    outer loop
      vertex -1.90248 1.8325 0.363596
      vertex -2.08474 1.91839 0.610392
      vertex -2.0508 1.86987 0.625563
    endloop
  endfacet
  facet normal 0.724826 0.608178 0.323646
    outer loop
      vertex -2.11978 1.96848 0.594727
      vertex -1.90248 1.8325 0.363596
      vertex -1.97084 1.92565 0.34165
    endloop
  endfacet
  facet normal 0.724775 0.608274 0.323581
    outer loop
      vertex -2.01313 1.82009 0.634765
      vertex -1.90248 1.8325 0.363596
      vertex -2.0508 1.86987 0.625563
    endloop
  endfacet
  facet normal 0.724867 0.608139 0.323627
    outer loop
      vertex -1.82973 1.74275 0.369314
      vertex -2.01313 1.82009 0.634765
      vertex -1.97828 1.77402 0.643279
    endloop
  endfacet
  facet normal 0.72485 0.60817 0.323607
    outer loop
      vertex -2.01313 1.82009 0.634765
      vertex -1.82973 1.74275 0.369314
      vertex -1.90248 1.8325 0.363596
    endloop
  endfacet
  facet normal 0.724825 0.608205 0.323597
    outer loop
      vertex -1.93842 1.72523 0.645698
      vertex -1.82973 1.74275 0.369314
      vertex -1.97828 1.77402 0.643279
    endloop
  endfacet
  facet normal 0.724854 0.608166 0.323606
    outer loop
      vertex -1.90835 1.68842 0.647522
      vertex -1.82973 1.74275 0.369314
      vertex -1.93842 1.72523 0.645698
    endloop
  endfacet
  facet normal 0.724813 0.608216 0.323604
    outer loop
      vertex -1.90835 1.68842 0.647522
      vertex -1.75274 1.6566 0.35879
      vertex -1.82973 1.74275 0.369314
    endloop
  endfacet
  facet normal 0.724791 0.608251 0.323588
    outer loop
      vertex -1.90835 1.68842 0.647522
      vertex -1.6717 1.57426 0.332047
      vertex -1.75274 1.6566 0.35879
    endloop
  endfacet
  facet normal 0.724828 0.608179 0.323641
    outer loop
      vertex -1.6717 1.57426 0.332047
      vertex -1.90835 1.68842 0.647522
      vertex -1.60669 1.51426 0.299201
    endloop
  endfacet
  facet normal 0.724824 0.608191 0.323627
    outer loop
      vertex -1.33839 1.70379 -0.657954
      vertex -1.85684 2.1337 -0.304716
      vertex -1.79861 2.04579 -0.269924
    endloop
  endfacet
  facet normal 0.724807 0.608247 0.323559
    outer loop
      vertex -1.33839 1.70379 -0.657954
      vertex -1.79861 2.04579 -0.269924
      vertex -1.73622 1.96079 -0.249896
    endloop
  endfacet
  facet normal 0.724828 0.608194 0.323612
    outer loop
      vertex -1.33839 1.70379 -0.657954
      vertex -1.73622 1.96079 -0.249896
      vertex -1.66982 1.87888 -0.244678
    endloop
  endfacet
  facet normal 0.724819 0.608212 0.323597
    outer loop
      vertex -1.33839 1.70379 -0.657954
      vertex -1.66982 1.87888 -0.244678
      vertex -1.59956 1.80026 -0.254283
    endloop
  endfacet
  facet normal 0.724844 0.608168 0.323624
    outer loop
      vertex -1.33839 1.70379 -0.657954
      vertex -1.59956 1.80026 -0.254283
      vertex -1.52561 1.72511 -0.278689
    endloop
  endfacet
  facet normal 0.724822 0.6082 0.323615
    outer loop
      vertex -1.85684 2.1337 -0.304716
      vertex -1.33839 1.70379 -0.657954
      vertex -1.86625 2.14951 -0.313353
    endloop
  endfacet
  facet normal 0.724792 0.608247 0.323593
    outer loop
      vertex -1.44812 1.6536 -0.317838
      vertex -1.33839 1.70379 -0.657954
      vertex -1.52561 1.72511 -0.278689
    endloop
  endfacet
  facet normal 0.724867 0.608151 0.323604
    outer loop
      vertex -1.33839 1.70379 -0.657954
      vertex -1.44812 1.6536 -0.317838
      vertex -1.36949 1.58773 -0.370178
    endloop
  endfacet
  facet normal 0.612386 -0.353594 0.707075
    outer loop
      vertex -2.28055 2.54323 -0.0824433
      vertex -2.37733 2.58106 0.0202942
      vertex -2.27238 2.52047 -0.100901
    endloop
  endfacet
  facet normal 0.612413 -0.353536 0.70708
    outer loop
      vertex -2.31431 2.65372 0.00204114
      vertex -2.37733 2.58106 0.0202942
      vertex -2.28055 2.54323 -0.0824433
    endloop
  endfacet
  facet normal 0.612403 -0.353524 0.707095
    outer loop
      vertex -2.37733 2.58106 0.0202942
      vertex -2.31431 2.65372 0.00204114
      vertex -2.32074 2.67909 0.0202942
    endloop
  endfacet
  facet normal 0.965926 -0.258818 0
    outer loop
      vertex -1.16682 2.3441 -1.14653
      vertex -1.27401 1.94406 -1.25371
      vertex -1.27401 1.94406 -1.25372
    endloop
  endfacet
  facet normal 0.612381 -0.353537 0.707108
    outer loop
      vertex -1.16682 2.3441 -1.14653
      vertex -1.97513 2.34885 -0.44413
      vertex -1.27401 1.94406 -1.25371
    endloop
  endfacet
  facet normal 0.612378 -0.353549 0.707105
    outer loop
      vertex -1.16682 2.3441 -1.14653
      vertex -2.00527 2.41275 -0.386078
      vertex -1.97513 2.34885 -0.44413
    endloop
  endfacet
  facet normal 0.612372 -0.353569 0.7071
    outer loop
      vertex -1.16682 2.3441 -1.14653
      vertex -2.04562 2.51016 -0.302426
      vertex -2.00527 2.41275 -0.386078
    endloop
  endfacet
  facet normal 0.612398 -0.353496 0.707113
    outer loop
      vertex -1.16682 2.3441 -1.14653
      vertex -2.08125 2.6094 -0.221957
      vertex -2.04562 2.51016 -0.302426
    endloop
  endfacet
  facet normal 0.612352 -0.353606 0.707099
    outer loop
      vertex -1.16682 2.3441 -1.14653
      vertex -2.11205 2.71024 -0.144856
      vertex -2.08125 2.6094 -0.221957
    endloop
  endfacet
  facet normal 0.612382 -0.353542 0.707104
    outer loop
      vertex -1.16682 2.3441 -1.14653
      vertex -2.13798 2.81244 -0.071301
      vertex -2.11205 2.71024 -0.144856
    endloop
  endfacet
  facet normal 0.612395 -0.353518 0.707105
    outer loop
      vertex -1.16682 2.3441 -1.14653
      vertex -2.15897 2.91577 -0.00146243
      vertex -2.13798 2.81244 -0.071301
    endloop
  endfacet
  facet normal 0.613172 -0.352168 0.707105
    outer loop
      vertex -2.15897 2.91577 -0.00146243
      vertex -1.16682 2.3441 -1.14653
      vertex -2.15916 2.91703 -0.000670137
    endloop
  endfacet
  facet normal 0.724826 0.608193 0.323619
    outer loop
      vertex -1.16682 2.3441 -1.14653
      vertex -2.16424 2.95015 -0.0515362
      vertex -2.15916 2.91703 -0.000670137
    endloop
  endfacet
  facet normal 0.724828 0.608187 0.323624
    outer loop
      vertex -2.16424 2.95015 -0.0515362
      vertex -1.16682 2.3441 -1.14653
      vertex -1.90063 3.40673 -1.5
    endloop
  endfacet
  facet normal 0.724828 0.608187 0.323625
    outer loop
      vertex -1.90063 3.40673 -1.5
      vertex -1.16682 2.3441 -1.14653
      vertex -1.12862 2.48666 -1.5
    endloop
  endfacet
  facet normal -0.724824 -0.608192 0.323624
    outer loop
      vertex -3.90063 -0.0573683 -1.5
      vertex -3.62395 0.421855 0.0202942
      vertex -4.94057 1.182 -1.5
    endloop
  endfacet
  facet normal -0.612371 0.353553 0.707109
    outer loop
      vertex -4.74055 1.52845 -1.5
      vertex -3.62395 0.421855 0.0202942
      vertex -3.42393 0.768299 0.0202942
    endloop
  endfacet
  facet normal -0.612374 0.353549 0.707108
    outer loop
      vertex -3.62395 0.421855 0.0202942
      vertex -4.74055 1.52845 -1.5
      vertex -4.94057 1.182 -1.5
    endloop
  endfacet
  facet normal -0.724819 -0.608209 0.323606
    outer loop
      vertex -3.42393 0.768299 0.0202942
      vertex -3.15466 1.2347 1.5
      vertex -5.75273 2.7347 -1.5
    endloop
  endfacet
  facet normal -0.724819 -0.608205 0.323611
    outer loop
      vertex -4.74055 1.52845 -1.5
      vertex -3.42393 0.768299 0.0202942
      vertex -5.75273 2.7347 -1.5
    endloop
  endfacet
  facet normal 0.186399 0.933781 0.305464
    outer loop
      vertex -4.19967 2.42468 -1.5
      vertex -3.15466 1.2347 1.5
      vertex -2.90063 1.67468 0
    endloop
  endfacet
  facet normal 0.1864 0.933781 0.305464
    outer loop
      vertex -3.15466 1.2347 1.5
      vertex -4.19967 2.42468 -1.5
      vertex -5.75273 2.7347 -1.5
    endloop
  endfacet
  facet normal -0.499999 -0.866026 0
    outer loop
      vertex -5.49871 3.17468 -1.5
      vertex -2.90063 1.67468 0
      vertex -2.90063 1.67468 1.5
    endloop
  endfacet
  facet normal -0.499999 -0.866026 9.86864e-17
    outer loop
      vertex -2.90063 1.67468 0
      vertex -5.49871 3.17468 -1.5
      vertex -4.19967 2.42468 -1.5
    endloop
  endfacet
  facet normal -0.500001 -0.866025 -0
    outer loop
      vertex -2.90063 1.67468 1.5
      vertex -2.90063 1.67468 0
      vertex -1.6016 0.924682 -1.5
    endloop
  endfacet
  facet normal -0.612374 0.353551 0.707107
    outer loop
      vertex -5.24469 3.61466 -1.5
      vertex -2.90063 1.67468 1.5
      vertex -2.64661 2.11466 1.5
    endloop
  endfacet
  facet normal -0.612374 0.353551 0.707107
    outer loop
      vertex -2.90063 1.67468 1.5
      vertex -5.24469 3.61466 -1.5
      vertex -5.49871 3.17468 -1.5
    endloop
  endfacet
  facet normal 0.164417 0.931792 0.32362
    outer loop
      vertex -2.47985 2.47706 0.371825
      vertex -2.64661 2.11466 1.5
      vertex -2.46357 2.4317 0.494158
    endloop
  endfacet
  facet normal 0.164309 0.931815 0.32361
    outer loop
      vertex -3.69395 3.34121 -1.5
      vertex -2.47985 2.47706 0.371825
      vertex -2.51656 2.59721 0.0444991
    endloop
  endfacet
  facet normal 0.164309 0.931815 0.32361
    outer loop
      vertex -3.69395 3.34121 -1.5
      vertex -2.51656 2.59721 0.0444991
      vertex -2.53565 2.67247 -0.162515
    endloop
  endfacet
  facet normal 0.164307 0.931815 0.323611
    outer loop
      vertex -2.47985 2.47706 0.371825
      vertex -3.69395 3.34121 -1.5
      vertex -2.64661 2.11466 1.5
    endloop
  endfacet
  facet normal 0.16433 0.931807 0.323622
    outer loop
      vertex -2.37733 2.58106 0.0202942
      vertex -2.45366 2.58282 0.0539857
      vertex -2.41513 2.5156 0.227968
    endloop
  endfacet
  facet normal 0.164319 0.931818 0.323596
    outer loop
      vertex -2.37733 2.58106 0.0202942
      vertex -2.46945 2.61037 -0.0173285
      vertex -2.45366 2.58282 0.0539857
    endloop
  endfacet
  facet normal 0.164303 0.93181 0.323628
    outer loop
      vertex -2.46945 2.61037 -0.0173285
      vertex -2.37733 2.58106 0.0202942
      vertex -2.48721 2.6445 -0.106581
    endloop
  endfacet
  facet normal 0.164312 0.931815 0.323609
    outer loop
      vertex -2.64661 2.11466 1.5
      vertex -3.69395 3.34121 -1.5
      vertex -5.24469 3.61466 -1.5
    endloop
  endfacet
  facet normal -0.612373 0.353549 0.707109
    outer loop
      vertex -3.69395 3.34121 -1.5
      vertex -2.60939 3.17697 -0.478626
      vertex -3.49393 3.68766 -1.5
    endloop
  endfacet
  facet normal -0.61236 0.353587 0.707101
    outer loop
      vertex -2.60939 3.17697 -0.478626
      vertex -3.69395 3.34121 -1.5
      vertex -2.60458 3.09124 -0.431591
    endloop
  endfacet
  facet normal -0.612379 0.353537 0.707109
    outer loop
      vertex -2.60458 3.09124 -0.431591
      vertex -3.69395 3.34121 -1.5
      vertex -2.59151 2.96629 -0.3578
    endloop
  endfacet
  facet normal -0.612369 0.353561 0.707106
    outer loop
      vertex -2.59151 2.96629 -0.3578
      vertex -3.69395 3.34121 -1.5
      vertex -2.57246 2.8421 -0.279206
    endloop
  endfacet
  facet normal -0.612389 0.353521 0.707109
    outer loop
      vertex -2.57246 2.8421 -0.279206
      vertex -3.69395 3.34121 -1.5
      vertex -2.54745 2.71898 -0.195992
    endloop
  endfacet
  facet normal -0.612342 0.353606 0.707107
    outer loop
      vertex -2.54745 2.71898 -0.195992
      vertex -3.69395 3.34121 -1.5
      vertex -2.53565 2.67247 -0.162515
    endloop
  endfacet
  facet normal -0.61238 0.353549 0.707102
    outer loop
      vertex -2.48721 2.6445 -0.106581
      vertex -2.32074 2.67909 0.0202942
      vertex -2.34272 2.76571 -0.0420511
    endloop
  endfacet
  facet normal -0.612374 0.353562 0.707101
    outer loop
      vertex -2.51461 2.72648 -0.171298
      vertex -2.34272 2.76571 -0.0420511
      vertex -2.36571 2.87894 -0.118578
    endloop
  endfacet
  facet normal -0.612365 0.353532 0.707124
    outer loop
      vertex -2.54795 2.84647 -0.260163
      vertex -2.36571 2.87894 -0.118578
      vertex -2.38324 2.99314 -0.190854
    endloop
  endfacet
  facet normal -0.612373 0.353603 0.707082
    outer loop
      vertex -2.57511 2.9684 -0.344652
      vertex -2.38324 2.99314 -0.190854
      vertex -2.38916 3.04982 -0.224326
    endloop
  endfacet
  facet normal -0.612367 0.353639 0.707069
    outer loop
      vertex -2.34272 2.76571 -0.0420511
      vertex -2.51461 2.72648 -0.171298
      vertex -2.50846 2.70807 -0.156764
    endloop
  endfacet
  facet normal -0.612384 0.353512 0.707117
    outer loop
      vertex -2.32074 2.67909 0.0202942
      vertex -2.48721 2.6445 -0.106581
      vertex -2.37733 2.58106 0.0202942
    endloop
  endfacet
  facet normal -0.612367 0.353517 0.70713
    outer loop
      vertex -2.48721 2.6445 -0.106581
      vertex -2.34272 2.76571 -0.0420511
      vertex -2.50846 2.70807 -0.156764
    endloop
  endfacet
  facet normal -0.612379 0.35357 0.707093
    outer loop
      vertex -2.36571 2.87894 -0.118578
      vertex -2.54411 2.83268 -0.24995
      vertex -2.51461 2.72648 -0.171298
    endloop
  endfacet
  facet normal -0.6124 0.353253 0.707233
    outer loop
      vertex -2.36571 2.87894 -0.118578
      vertex -2.54795 2.84647 -0.260163
      vertex -2.54411 2.83268 -0.24995
    endloop
  endfacet
  facet normal -0.61238 0.353562 0.707096
    outer loop
      vertex -2.38324 2.99314 -0.190854
      vertex -2.57305 2.95914 -0.338238
      vertex -2.54795 2.84647 -0.260163
    endloop
  endfacet
  facet normal -0.612381 0.353547 0.707102
    outer loop
      vertex -2.38324 2.99314 -0.190854
      vertex -2.57511 2.9684 -0.344652
      vertex -2.57305 2.95914 -0.338238
    endloop
  endfacet
  facet normal -0.612369 0.353549 0.707112
    outer loop
      vertex -2.38916 3.04982 -0.224326
      vertex -2.59514 3.08706 -0.421327
      vertex -2.57511 2.9684 -0.344652
    endloop
  endfacet
  facet normal -0.612126 0.354222 0.706986
    outer loop
      vertex -2.38916 3.04982 -0.224326
      vertex -2.59596 3.09193 -0.424477
      vertex -2.59514 3.08706 -0.421327
    endloop
  endfacet
  facet normal -0.61239 0.353515 0.70711
    outer loop
      vertex -2.59596 3.09193 -0.424477
      vertex -2.38916 3.04982 -0.224326
      vertex -2.60554 3.17474 -0.474174
    endloop
  endfacet
  facet normal 0.164228 0.931827 0.323616
    outer loop
      vertex -1.90063 3.40673 -1.5
      vertex -2.17496 3.01999 -0.247195
      vertex -2.16424 2.95015 -0.0515362
    endloop
  endfacet
  facet normal 0.164289 0.931814 0.323622
    outer loop
      vertex -1.90063 3.40673 -1.5
      vertex -2.39767 3.15117 -0.511834
      vertex -2.18475 3.11363 -0.511834
    endloop
  endfacet
  facet normal 0.16431 0.931807 0.323631
    outer loop
      vertex -2.39767 3.15117 -0.511834
      vertex -1.90063 3.40673 -1.5
      vertex -2.61005 3.18862 -0.511834
    endloop
  endfacet
  facet normal 0.164329 0.931804 0.323631
    outer loop
      vertex -2.17496 3.01999 -0.247195
      vertex -1.90063 3.40673 -1.5
      vertex -2.18475 3.11363 -0.511834
    endloop
  endfacet
  facet normal 0.164286 0.931817 0.323615
    outer loop
      vertex -2.39525 3.10805 -0.388902
      vertex -2.60554 3.17474 -0.474174
      vertex -2.38916 3.04982 -0.224326
    endloop
  endfacet
  facet normal 0.164286 0.931818 0.323613
    outer loop
      vertex -2.39767 3.15117 -0.511834
      vertex -2.60554 3.17474 -0.474174
      vertex -2.39525 3.10805 -0.388902
    endloop
  endfacet
  facet normal 0.164304 0.931771 0.323738
    outer loop
      vertex -2.60554 3.17474 -0.474174
      vertex -2.39767 3.15117 -0.511834
      vertex -2.61005 3.18862 -0.511834
    endloop
  endfacet
  facet normal 0.164286 0.931811 0.323632
    outer loop
      vertex -2.61005 3.18862 -0.511834
      vertex -3.49393 3.68766 -1.5
      vertex -2.60939 3.17697 -0.478626
    endloop
  endfacet
  facet normal 0.164297 0.931813 0.323623
    outer loop
      vertex -3.49393 3.68766 -1.5
      vertex -2.61005 3.18862 -0.511834
      vertex -1.90063 3.40673 -1.5
    endloop
  endfacet
  facet normal -0.258848 0.965918 0
    outer loop
      vertex 4.97649 -1.08264 -0.511834
      vertex 5.17934 -1.02828 0
      vertex 5.17934 -1.02828 -0.511834
    endloop
  endfacet
  facet normal -0.258848 0.965918 0
    outer loop
      vertex 5.17934 -1.02828 0
      vertex 4.97649 -1.08264 -0.511834
      vertex 4.97649 -1.08264 0.620022
    endloop
  endfacet
  facet normal 0.500026 0.86601 0
    outer loop
      vertex 0.767706 -0.443235 1.5
      vertex 0.59536 -0.343724 -0.511834
      vertex 0.59536 -0.343724 1.49999
    endloop
  endfacet
  facet normal 0.500025 0.866011 -0
    outer loop
      vertex 0.959085 -0.553735 -0.511834
      vertex 0.777223 -0.44873 0
      vertex 0.959085 -0.553735 0.620021
    endloop
  endfacet
  facet normal 0.500025 0.866011 0
    outer loop
      vertex 0.777223 -0.44873 0
      vertex 0.959085 -0.553735 -0.511834
      vertex 0.777223 -0.44873 -0.511834
    endloop
  endfacet
  facet normal 1 0 0
    outer loop
      vertex 4.97649 -1.08264 -0.511834
      vertex 4.97649 -1.08263 -0.1575
      vertex 4.97649 -1.08263 0.00407202
    endloop
  endfacet
  facet normal 1 -0 0
    outer loop
      vertex 4.97649 -1.08264 0.620022
      vertex 4.97649 -1.08263 0.00407202
      vertex 4.97649 -1.08263 0.620028
    endloop
  endfacet
  facet normal 1 0 0
    outer loop
      vertex 4.97649 -1.08264 -0.511834
      vertex 4.97649 -1.08263 0.00407202
      vertex 4.97649 -1.08264 0.620022
    endloop
  endfacet
  facet normal 1 0 0
    outer loop
      vertex 4.97649 -1.08263 -0.1575
      vertex 4.97649 -1.08264 -0.511834
      vertex 4.97649 -1.08263 -0.511834
    endloop
  endfacet
  facet normal -0.45073 -0.89266 -0
    outer loop
      vertex 3.88928 0.520324 -0.388899
      vertex 3.88928 0.520324 -0.511834
      vertex 3.92783 0.500859 -0.511834
    endloop
  endfacet
  facet normal 0.44846 0.888369 0.0984064
    outer loop
      vertex 3.97938 0.710011 -0.511834
      vertex 4.05218 0.669089 -0.474174
      vertex 4.06645 0.666057 -0.511834
    endloop
  endfacet
  facet normal 0.44845 0.888372 0.0984281
    outer loop
      vertex 4.05218 0.669089 -0.474174
      vertex 3.97938 0.710011 -0.511834
      vertex 3.97567 0.702205 -0.424477
    endloop
  endfacet
  facet normal -0.450667 -0.892692 0
    outer loop
      vertex 3.97938 0.710011 -0.511834
      vertex 4.05603 0.671315 -0.478626
      vertex 3.97938 0.710011 -0.431591
    endloop
  endfacet
  facet normal -0.450647 -0.892702 -5.76174e-05
    outer loop
      vertex 4.05603 0.671315 -0.478626
      vertex 3.97938 0.710011 -0.511834
      vertex 4.06645 0.666057 -0.511834
    endloop
  endfacet
  facet normal 0.407213 0.913333 0
    outer loop
      vertex 3.78886 0.335234 -0.511834
      vertex 3.70287 0.373573 -0.511834
      vertex 3.70287 0.373573 -0.247193
    endloop
  endfacet
  facet normal -0.407218 -0.913331 0
    outer loop
      vertex 3.78375 0.567373 -0.511834
      vertex 3.8358 0.544166 -0.224327
      vertex 3.78375 0.567373 -0.190855
    endloop
  endfacet
  facet normal -0.407194 -0.913342 -5.1218e-06
    outer loop
      vertex 3.8358 0.544166 -0.224327
      vertex 3.78375 0.567373 -0.511834
      vertex 3.88928 0.520324 -0.388899
    endloop
  endfacet
  facet normal -0.407199 -0.913339 -0
    outer loop
      vertex 3.88928 0.520324 -0.388899
      vertex 3.78375 0.567373 -0.511834
      vertex 3.88928 0.520324 -0.511834
    endloop
  endfacet
  facet normal 0.405374 0.908837 0.0984273
    outer loop
      vertex 3.97938 0.710011 -0.511834
      vertex 3.97104 0.703929 -0.421327
      vertex 3.97567 0.702205 -0.424477
    endloop
  endfacet
  facet normal 0.405231 0.908901 0.0984185
    outer loop
      vertex 3.86463 0.761172 -0.511834
      vertex 3.97104 0.703929 -0.421327
      vertex 3.97938 0.710011 -0.511834
    endloop
  endfacet
  facet normal 0.405253 0.908895 0.0983895
    outer loop
      vertex 3.97104 0.703929 -0.421327
      vertex 3.86463 0.761172 -0.511834
      vertex 3.85827 0.74591 -0.344652
    endloop
  endfacet
  facet normal -0.407208 -0.913335 0
    outer loop
      vertex 3.86463 0.761172 -0.511834
      vertex 3.97938 0.710011 -0.431591
      vertex 3.86463 0.761172 -0.357799
    endloop
  endfacet
  facet normal -0.407208 -0.913335 -0
    outer loop
      vertex 3.97938 0.710011 -0.431591
      vertex 3.86463 0.761172 -0.511834
      vertex 3.97938 0.710011 -0.511834
    endloop
  endfacet
  facet normal 0.363099 0.93175 0.000186822
    outer loop
      vertex 3.63703 0.399213 -0.0515362
      vertex 3.60462 0.411833 -0.00146297
      vertex 3.6058 0.411373 -0.000670036
    endloop
  endfacet
  facet normal 0.362877 0.931837 -2.32913e-06
    outer loop
      vertex 3.60462 0.411833 -0.511834
      vertex 3.63703 0.399213 -0.0515362
      vertex 3.70287 0.373573 -0.247193
    endloop
  endfacet
  facet normal 0.362872 0.931839 0
    outer loop
      vertex 3.60462 0.411833 -0.511834
      vertex 3.70287 0.373573 -0.247193
      vertex 3.70287 0.373573 -0.511834
    endloop
  endfacet
  facet normal 0.362849 0.931848 0
    outer loop
      vertex 3.63703 0.399213 -0.0515362
      vertex 3.60462 0.411833 -0.511834
      vertex 3.60462 0.411833 -0.00146297
    endloop
  endfacet
  facet normal -0.362861 -0.931843 0
    outer loop
      vertex 3.67609 0.609296 -0.511834
      vertex 3.78375 0.567373 -0.190855
      vertex 3.67609 0.609296 -0.118577
    endloop
  endfacet
  facet normal -0.362861 -0.931843 -0
    outer loop
      vertex 3.78375 0.567373 -0.190855
      vertex 3.67609 0.609296 -0.511834
      vertex 3.78375 0.567373 -0.511834
    endloop
  endfacet
  facet normal 0.361051 0.927341 0.0983919
    outer loop
      vertex 3.86463 0.761172 -0.511834
      vertex 3.84922 0.748753 -0.338238
      vertex 3.85827 0.74591 -0.344652
    endloop
  endfacet
  facet normal 0.361099 0.927322 0.0983948
    outer loop
      vertex 3.74756 0.806759 -0.511834
      vertex 3.84922 0.748753 -0.338238
      vertex 3.86463 0.761172 -0.511834
    endloop
  endfacet
  facet normal 0.361081 0.927328 0.0984073
    outer loop
      vertex 3.84922 0.748753 -0.338238
      vertex 3.74756 0.806759 -0.511834
      vertex 3.73909 0.78335 -0.260164
    endloop
  endfacet
  facet normal -0.36286 -0.931844 0
    outer loop
      vertex 3.74756 0.806759 -0.511834
      vertex 3.86463 0.761172 -0.357799
      vertex 3.74756 0.806759 -0.279206
    endloop
  endfacet
  facet normal -0.36286 -0.931844 -0
    outer loop
      vertex 3.86463 0.761172 -0.357799
      vertex 3.74756 0.806759 -0.511834
      vertex 3.86463 0.761172 -0.511834
    endloop
  endfacet
  facet normal 0.317721 0.948184 -0
    outer loop
      vertex 3.60462 0.411833 -0.511834
      vertex 3.59681 0.41445 -0.00691951
      vertex 3.60462 0.411833 -0.00146297
    endloop
  endfacet
  facet normal 0.317633 0.948214 -1.51462e-06
    outer loop
      vertex 3.59681 0.41445 -0.00691951
      vertex 3.60462 0.411833 -0.511834
      vertex 3.50464 0.445325 -0.0713016
    endloop
  endfacet
  facet normal 0.317639 0.948212 0
    outer loop
      vertex 3.50464 0.445325 -0.0713016
      vertex 3.60462 0.411833 -0.511834
      vertex 3.50464 0.445325 -0.511834
    endloop
  endfacet
  facet normal -0.317648 -0.948209 0
    outer loop
      vertex 3.56654 0.645995 -0.511834
      vertex 3.67609 0.609296 -0.118577
      vertex 3.56654 0.645995 -0.0420507
    endloop
  endfacet
  facet normal -0.317648 -0.948209 -0
    outer loop
      vertex 3.67609 0.609296 -0.118577
      vertex 3.56654 0.645995 -0.511834
      vertex 3.67609 0.609296 -0.511834
    endloop
  endfacet
  facet normal 0.316045 0.943627 0.0984077
    outer loop
      vertex 3.74756 0.806759 -0.511834
      vertex 3.72523 0.786927 -0.249951
      vertex 3.73909 0.78335 -0.260164
    endloop
  endfacet
  facet normal 0.316113 0.943603 0.0984117
    outer loop
      vertex 3.62844 0.846665 -0.511834
      vertex 3.72523 0.786927 -0.249951
      vertex 3.74756 0.806759 -0.511834
    endloop
  endfacet
  facet normal 0.316113 0.943603 0.0984118
    outer loop
      vertex 3.72523 0.786927 -0.249951
      vertex 3.62844 0.846665 -0.511834
      vertex 3.61851 0.814476 -0.171299
    endloop
  endfacet
  facet normal -0.317655 -0.948206 0
    outer loop
      vertex 3.62844 0.846665 -0.511834
      vertex 3.74756 0.806759 -0.279206
      vertex 3.62844 0.846665 -0.195992
    endloop
  endfacet
  facet normal -0.317655 -0.948206 -0
    outer loop
      vertex 3.74756 0.806759 -0.279206
      vertex 3.62844 0.846665 -0.511834
      vertex 3.74756 0.806759 -0.511834
    endloop
  endfacet
  facet normal 0.271675 0.962389 -0
    outer loop
      vertex 3.50464 0.445325 -0.511834
      vertex 3.40316 0.473972 -0.144857
      vertex 3.50464 0.445325 -0.0713016
    endloop
  endfacet
  facet normal 0.271675 0.962389 0
    outer loop
      vertex 3.40316 0.473972 -0.144857
      vertex 3.50464 0.445325 -0.511834
      vertex 3.40316 0.473972 -0.511834
    endloop
  endfacet
  facet normal -0.271701 -0.962382 -7.45731e-06
    outer loop
      vertex 3.45535 0.677386 0.0020406
      vertex 3.56654 0.645995 -0.0420507
      vertex 3.48053 0.670277 0.0202942
    endloop
  endfacet
  facet normal -0.271698 -0.962382 0
    outer loop
      vertex 3.45535 0.677386 -0.511834
      vertex 3.56654 0.645995 -0.0420507
      vertex 3.45535 0.677386 0.0020406
    endloop
  endfacet
  facet normal -0.271698 -0.962382 -0
    outer loop
      vertex 3.56654 0.645995 -0.0420507
      vertex 3.45535 0.677386 -0.511834
      vertex 3.56654 0.645995 -0.511834
    endloop
  endfacet
  facet normal 0.270421 0.957699 0.0984118
    outer loop
      vertex 3.62844 0.846665 -0.511834
      vertex 3.59949 0.818353 -0.156764
      vertex 3.61851 0.814476 -0.171299
    endloop
  endfacet
  facet normal 0.270379 0.957711 0.0984093
    outer loop
      vertex 3.50753 0.8808 -0.511834
      vertex 3.59949 0.818353 -0.156764
      vertex 3.62844 0.846665 -0.511834
    endloop
  endfacet
  facet normal 0.270355 0.957717 0.0984164
    outer loop
      vertex 3.59949 0.818353 -0.156764
      vertex 3.50753 0.8808 -0.511834
      vertex 3.53381 0.831737 -0.106581
    endloop
  endfacet
  facet normal 0.270387 0.957708 0.0984133
    outer loop
      vertex 3.53381 0.831737 -0.106581
      vertex 3.50753 0.8808 -0.511834
      vertex 3.49537 0.833418 -0.0173269
    endloop
  endfacet
  facet normal -0.271712 -0.962379 0
    outer loop
      vertex 3.50753 0.8808 -0.511834
      vertex 3.58225 0.859704 -0.162515
      vertex 3.50753 0.8808 0.0445005
    endloop
  endfacet
  facet normal -0.271679 -0.962388 -7.75428e-06
    outer loop
      vertex 3.50753 0.8808 -0.511834
      vertex 3.62844 0.846665 -0.195992
      vertex 3.58225 0.859704 -0.162515
    endloop
  endfacet
  facet normal -0.271697 -0.962383 -0
    outer loop
      vertex 3.62844 0.846665 -0.195992
      vertex 3.50753 0.8808 -0.511834
      vertex 3.62844 0.846665 -0.511834
    endloop
  endfacet
  facet normal 0.22513 0.974329 -0
    outer loop
      vertex 3.40316 0.473972 -0.511834
      vertex 3.30043 0.497709 -0.221957
      vertex 3.40316 0.473972 -0.144857
    endloop
  endfacet
  facet normal 0.22513 0.974329 0
    outer loop
      vertex 3.30043 0.497709 -0.221957
      vertex 3.40316 0.473972 -0.511834
      vertex 3.30043 0.497709 -0.511834
    endloop
  endfacet
  facet normal -0.225133 -0.974328 0
    outer loop
      vertex 3.45535 0.677386 -0.511834
      vertex 3.34278 0.703397 -0.0824433
      vertex 3.34278 0.703397 -0.511834
    endloop
  endfacet
  facet normal -0.225133 -0.974328 0
    outer loop
      vertex 3.34278 0.703397 -0.0824433
      vertex 3.45535 0.677386 -0.511834
      vertex 3.45535 0.677386 0.0020406
    endloop
  endfacet
  facet normal 0.224071 0.969591 0.0984129
    outer loop
      vertex 3.50753 0.8808 -0.511834
      vertex 3.46362 0.833517 0.0539876
      vertex 3.49537 0.833418 -0.0173269
    endloop
  endfacet
  facet normal 0.223992 0.96961 0.0984018
    outer loop
      vertex 3.46362 0.833517 0.0539876
      vertex 3.37007 0.835991 0.242558
      vertex 3.38614 0.833759 0.227971
    endloop
  endfacet
  facet normal 0.224028 0.969601 0.0984104
    outer loop
      vertex 3.38512 0.909083 -0.511834
      vertex 3.46362 0.833517 0.0539876
      vertex 3.50753 0.8808 -0.511834
    endloop
  endfacet
  facet normal 0.224014 0.969604 0.0984127
    outer loop
      vertex 3.46362 0.833517 0.0539876
      vertex 3.38512 0.909083 -0.511834
      vertex 3.37007 0.835991 0.242558
    endloop
  endfacet
  facet normal -0.225121 -0.974331 0
    outer loop
      vertex 3.38512 0.909083 -0.511834
      vertex 3.50753 0.8808 0.0445005
      vertex 3.38512 0.909083 0.371827
    endloop
  endfacet
  facet normal -0.225121 -0.974331 -0
    outer loop
      vertex 3.50753 0.8808 0.0445005
      vertex 3.38512 0.909083 -0.511834
      vertex 3.50753 0.8808 -0.511834
    endloop
  endfacet
  facet normal 0.178044 0.984023 -0
    outer loop
      vertex 3.30043 0.497709 -0.511834
      vertex 3.19668 0.516481 -0.302427
      vertex 3.30043 0.497709 -0.221957
    endloop
  endfacet
  facet normal 0.178044 0.984023 0
    outer loop
      vertex 3.19668 0.516481 -0.302427
      vertex 3.30043 0.497709 -0.511834
      vertex 3.19668 0.516481 -0.511834
    endloop
  endfacet
  facet normal -0.178016 -0.984028 -1.48291e-06
    outer loop
      vertex 3.27693 0.715309 -0.0576479
      vertex 3.22908 0.723966 -0.511834
      vertex 3.31898 0.707702 -0.1009
    endloop
  endfacet
  facet normal -0.178029 -0.984025 0
    outer loop
      vertex 3.22908 0.723966 -0.511834
      vertex 3.27693 0.715309 -0.0576479
      vertex 3.22908 0.723966 -0.00842776
    endloop
  endfacet
  facet normal -0.178016 -0.984028 -1.34157e-06
    outer loop
      vertex 3.34278 0.703397 -0.511834
      vertex 3.31898 0.707702 -0.1009
      vertex 3.22908 0.723966 -0.511834
    endloop
  endfacet
  facet normal -0.177994 -0.984032 0
    outer loop
      vertex 3.31898 0.707702 -0.1009
      vertex 3.34278 0.703397 -0.511834
      vertex 3.34278 0.703397 -0.0824433
    endloop
  endfacet
  facet normal 0.177165 0.979249 0.0984124
    outer loop
      vertex 3.38512 0.909083 -0.511834
      vertex 3.32715 0.840315 0.276798
      vertex 3.37007 0.835991 0.242558
    endloop
  endfacet
  facet normal 0.177165 0.979249 0.0984124
    outer loop
      vertex 3.26149 0.93145 -0.511834
      vertex 3.32715 0.840315 0.276798
      vertex 3.38512 0.909083 -0.511834
    endloop
  endfacet
  facet normal 0.177162 0.979249 0.0984127
    outer loop
      vertex 3.32715 0.840315 0.276798
      vertex 3.26149 0.93145 -0.511834
      vertex 3.24849 0.848239 0.339554
    endloop
  endfacet
  facet normal -0.178035 -0.984024 -3.75139e-06
    outer loop
      vertex 3.26149 0.93145 0.572554
      vertex 3.38512 0.909083 0.371827
      vertex 3.3377 0.917662 0.49416
    endloop
  endfacet
  facet normal -0.178029 -0.984025 0
    outer loop
      vertex 3.26149 0.93145 -0.511834
      vertex 3.38512 0.909083 0.371827
      vertex 3.26149 0.93145 0.572554
    endloop
  endfacet
  facet normal -0.178029 -0.984025 -0
    outer loop
      vertex 3.38512 0.909083 0.371827
      vertex 3.26149 0.93145 -0.511834
      vertex 3.38512 0.909083 -0.511834
    endloop
  endfacet
  facet normal 0.130527 0.991445 -0
    outer loop
      vertex 3.19668 0.516481 -0.511834
      vertex 3.09214 0.530244 -0.386078
      vertex 3.19668 0.516481 -0.302427
    endloop
  endfacet
  facet normal 0.130527 0.991445 0
    outer loop
      vertex 3.09214 0.530244 -0.386078
      vertex 3.19668 0.516481 -0.511834
      vertex 3.09214 0.530244 -0.511834
    endloop
  endfacet
  facet normal -0.130531 -0.991444 0
    outer loop
      vertex 3.11454 0.739046 -0.511834
      vertex 3.22908 0.723966 -0.00842776
      vertex 3.11454 0.739046 0.0931555
    endloop
  endfacet
  facet normal -0.130531 -0.991444 -0
    outer loop
      vertex 3.22908 0.723966 -0.00842776
      vertex 3.11454 0.739046 -0.511834
      vertex 3.22908 0.723966 -0.511834
    endloop
  endfacet
  facet normal 0.12992 0.986628 0.0984126
    outer loop
      vertex 3.26149 0.93145 -0.511834
      vertex 3.20026 0.851275 0.372788
      vertex 3.24849 0.848239 0.339554
    endloop
  endfacet
  facet normal 0.129888 0.986633 0.0984108
    outer loop
      vertex 3.13693 0.947848 -0.511834
      vertex 3.20026 0.851275 0.372788
      vertex 3.26149 0.93145 -0.511834
    endloop
  endfacet
  facet normal 0.129888 0.986633 0.0984107
    outer loop
      vertex 3.20026 0.851275 0.372788
      vertex 3.13693 0.947848 -0.511834
      vertex 3.12707 0.855881 0.42321
    endloop
  endfacet
  facet normal -0.130521 -0.991446 0
    outer loop
      vertex 3.13693 0.947848 -0.511834
      vertex 3.26149 0.93145 0.572554
      vertex 3.13693 0.947848 0.683015
    endloop
  endfacet
  facet normal -0.130521 -0.991446 -0
    outer loop
      vertex 3.26149 0.93145 0.572554
      vertex 3.13693 0.947848 -0.511834
      vertex 3.26149 0.93145 -0.511834
    endloop
  endfacet
  facet normal 0.0827152 0.996573 0
    outer loop
      vertex 3.09214 0.530244 -0.386078
      vertex 3.09214 0.530244 -0.511834
      vertex 3.02173 0.536088 -0.444128
    endloop
  endfacet
  facet normal 0.082719 0.996573 3.99215e-06
    outer loop
      vertex 2.98706 0.538966 -0.511834
      vertex 3.02173 0.536088 -0.444128
      vertex 3.09214 0.530244 -0.511834
    endloop
  endfacet
  facet normal 0.0827267 0.996572 0
    outer loop
      vertex 3.02173 0.536088 -0.444128
      vertex 2.98706 0.538966 -0.511834
      vertex 2.98706 0.538966 -0.418236
    endloop
  endfacet
  facet normal -0.0827188 -0.996573 0
    outer loop
      vertex 2.9994 0.748603 -0.511834
      vertex 3.11454 0.739046 0.0931555
      vertex 2.9994 0.748603 0.179135
    endloop
  endfacet
  facet normal -0.0827188 -0.996573 -0
    outer loop
      vertex 3.11454 0.739046 0.0931555
      vertex 2.9994 0.748603 -0.511834
      vertex 3.11454 0.739046 -0.511834
    endloop
  endfacet
  facet normal 0.0823134 0.991736 0.098411
    outer loop
      vertex 3.13693 0.947848 -0.511834
      vertex 3.07437 0.857218 0.453816
      vertex 3.12707 0.855881 0.42321
    endloop
  endfacet
  facet normal 0.0823251 0.991735 0.0984116
    outer loop
      vertex 3.01173 0.958241 -0.511834
      vertex 3.07437 0.857218 0.453816
      vertex 3.13693 0.947848 -0.511834
    endloop
  endfacet
  facet normal 0.0823145 0.991736 0.0984124
    outer loop
      vertex 3.07437 0.857218 0.453816
      vertex 3.01173 0.958241 -0.511834
      vertex 3.00589 0.858955 0.49359
    endloop
  endfacet
  facet normal -0.0827266 -0.996572 0
    outer loop
      vertex 3.01173 0.958241 -0.511834
      vertex 3.13693 0.947848 0.683015
      vertex 3.01173 0.958241 0.776509
    endloop
  endfacet
  facet normal -0.0827266 -0.996572 -0
    outer loop
      vertex 3.13693 0.947848 0.683015
      vertex 3.01173 0.958241 -0.511834
      vertex 3.13693 0.947848 -0.511834
    endloop
  endfacet
  facet normal 0.03472 0.999397 0
    outer loop
      vertex 2.88168 0.542627 -0.511834
      vertex 2.98706 0.538966 -0.418236
      vertex 2.98706 0.538966 -0.511834
    endloop
  endfacet
  facet normal 0.03472 0.999397 0
    outer loop
      vertex 2.98706 0.538966 -0.418236
      vertex 2.88168 0.542627 -0.511834
      vertex 2.88168 0.542627 -0.35419
    endloop
  endfacet
  facet normal -0.034724 -0.999397 0
    outer loop
      vertex 2.88393 0.752615 -0.511834
      vertex 2.9994 0.748603 0.179135
      vertex 2.88393 0.752615 0.249315
    endloop
  endfacet
  facet normal -0.034724 -0.999397 -0
    outer loop
      vertex 2.9994 0.748603 0.179135
      vertex 2.88393 0.752615 -0.511834
      vertex 2.9994 0.748603 -0.511834
    endloop
  endfacet
  facet normal 0.0345521 0.994546 0.0984125
    outer loop
      vertex 3.01173 0.958241 -0.511834
      vertex 2.9496 0.858276 0.520215
      vertex 3.00589 0.858955 0.49359
    endloop
  endfacet
  facet normal 0.0345509 0.994546 0.0984124
    outer loop
      vertex 2.88617 0.962603 -0.511834
      vertex 2.9496 0.858276 0.520215
      vertex 3.01173 0.958241 -0.511834
    endloop
  endfacet
  facet normal 0.0345631 0.994545 0.0984116
    outer loop
      vertex 2.9496 0.858276 0.520215
      vertex 2.88617 0.962603 -0.511834
      vertex 2.88505 0.857498 0.550748
    endloop
  endfacet
  facet normal -0.0347194 -0.999397 0
    outer loop
      vertex 2.88617 0.962603 -0.511834
      vertex 3.01173 0.958241 0.776509
      vertex 2.88617 0.962603 0.85282
    endloop
  endfacet
  facet normal -0.0347194 -0.999397 -0
    outer loop
      vertex 3.01173 0.958241 0.776509
      vertex 2.88617 0.962603 -0.511834
      vertex 3.01173 0.958241 -0.511834
    endloop
  endfacet
  facet normal -0.0133536 0.999911 0
    outer loop
      vertex 2.77625 0.541219 -0.511834
      vertex 2.88168 0.542627 -0.35419
      vertex 2.88168 0.542627 -0.511834
    endloop
  endfacet
  facet normal -0.0133524 0.999911 -8.04428e-07
    outer loop
      vertex 2.88168 0.542627 -0.35419
      vertex 2.77625 0.541219 -0.511834
      vertex 2.79466 0.541465 -0.313353
    endloop
  endfacet
  facet normal -0.0133611 0.999911 0
    outer loop
      vertex 2.79466 0.541465 -0.313353
      vertex 2.77625 0.541219 -0.511834
      vertex 2.77625 0.541219 -0.304716
    endloop
  endfacet
  facet normal 0.0133546 -0.999911 0
    outer loop
      vertex 2.7684 0.751072 -0.511834
      vertex 2.88393 0.752615 0.249315
      vertex 2.7684 0.751072 0.303529
    endloop
  endfacet
  facet normal 0.0133546 -0.999911 0
    outer loop
      vertex 2.88393 0.752615 0.249315
      vertex 2.7684 0.751072 -0.511834
      vertex 2.88393 0.752615 -0.511834
    endloop
  endfacet
  facet normal -0.0133006 0.995057 0.0984118
    outer loop
      vertex 2.88617 0.962603 -0.511834
      vertex 2.82603 0.854577 0.572306
      vertex 2.88505 0.857498 0.550748
    endloop
  endfacet
  facet normal -0.0132917 0.995057 0.0984123
    outer loop
      vertex 2.76055 0.960925 -0.511834
      vertex 2.82603 0.854577 0.572306
      vertex 2.88617 0.962603 -0.511834
    endloop
  endfacet
  facet normal -0.0132823 0.995057 0.0984117
    outer loop
      vertex 2.82603 0.854577 0.572306
      vertex 2.76055 0.960925 -0.511834
      vertex 2.76464 0.85154 0.594728
    endloop
  endfacet
  facet normal 0.0133566 -0.999911 0
    outer loop
      vertex 2.76055 0.960925 -0.511834
      vertex 2.88617 0.962603 0.85282
      vertex 2.76055 0.960925 0.911773
    endloop
  endfacet
  facet normal 0.0133566 -0.999911 0
    outer loop
      vertex 2.88617 0.962603 0.85282
      vertex 2.76055 0.960925 -0.511834
      vertex 2.88617 0.962603 -0.511834
    endloop
  endfacet
  facet normal -0.0614099 0.998113 0
    outer loop
      vertex 2.67101 0.534744 -0.511834
      vertex 2.77625 0.541219 -0.304716
      vertex 2.77625 0.541219 -0.511834
    endloop
  endfacet
  facet normal -0.0614099 0.998113 0
    outer loop
      vertex 2.77625 0.541219 -0.304716
      vertex 2.67101 0.534744 -0.511834
      vertex 2.67101 0.534744 -0.269924
    endloop
  endfacet
  facet normal 0.0613997 -0.998113 0
    outer loop
      vertex 2.65308 0.743978 -0.511834
      vertex 2.7684 0.751072 0.303529
      vertex 2.65308 0.743978 0.341653
    endloop
  endfacet
  facet normal 0.0613997 -0.998113 0
    outer loop
      vertex 2.7684 0.751072 0.303529
      vertex 2.65308 0.743978 -0.511834
      vertex 2.7684 0.751072 -0.511834
    endloop
  endfacet
  facet normal -0.0611118 0.993268 0.0984116
    outer loop
      vertex 2.76055 0.960925 -0.511834
      vertex 2.70374 0.846241 0.610393
      vertex 2.76464 0.85154 0.594728
    endloop
  endfacet
  facet normal -0.061101 0.993268 0.0984122
    outer loop
      vertex 2.63515 0.953211 -0.511834
      vertex 2.70374 0.846241 0.610393
      vertex 2.76055 0.960925 -0.511834
    endloop
  endfacet
  facet normal -0.0610962 0.993269 0.0984119
    outer loop
      vertex 2.70374 0.846241 0.610393
      vertex 2.63515 0.953211 -0.511834
      vertex 2.64476 0.84111 0.625564
    endloop
  endfacet
  facet normal 0.0613992 -0.998113 -5.30304e-06
    outer loop
      vertex 2.63515 0.953211 0.90935
      vertex 2.76055 0.960925 0.911773
      vertex 2.6709 0.95541 0.94141
    endloop
  endfacet
  facet normal 0.0613991 -0.998113 0
    outer loop
      vertex 2.76055 0.960925 -0.511834
      vertex 2.63515 0.953211 0.90935
      vertex 2.63515 0.953211 -0.511834
    endloop
  endfacet
  facet normal 0.0613991 -0.998113 0
    outer loop
      vertex 2.63515 0.953211 0.90935
      vertex 2.76055 0.960925 -0.511834
      vertex 2.76055 0.960925 0.911773
    endloop
  endfacet
  facet normal -0.109311 0.994008 0
    outer loop
      vertex 2.5662 0.523218 -0.511834
      vertex 2.67101 0.534744 -0.269924
      vertex 2.67101 0.534744 -0.511834
    endloop
  endfacet
  facet normal -0.109311 0.994008 0
    outer loop
      vertex 2.67101 0.534744 -0.269924
      vertex 2.5662 0.523218 -0.511834
      vertex 2.5662 0.523218 -0.249897
    endloop
  endfacet
  facet normal 0.10932 -0.994007 0
    outer loop
      vertex 2.53824 0.731348 -0.511834
      vertex 2.65308 0.743978 0.341653
      vertex 2.53824 0.731348 0.363598
    endloop
  endfacet
  facet normal 0.10932 -0.994007 0
    outer loop
      vertex 2.65308 0.743978 0.341653
      vertex 2.53824 0.731348 -0.511834
      vertex 2.65308 0.743978 -0.511834
    endloop
  endfacet
  facet normal -0.108778 0.989183 0.0984121
    outer loop
      vertex 2.63515 0.953211 -0.511834
      vertex 2.58281 0.833382 0.634766
      vertex 2.64476 0.84111 0.625564
    endloop
  endfacet
  facet normal -0.10878 0.989182 0.098412
    outer loop
      vertex 2.51027 0.939478 -0.511834
      vertex 2.58281 0.833382 0.634766
      vertex 2.63515 0.953211 -0.511834
    endloop
  endfacet
  facet normal -0.108788 0.989182 0.0984125
    outer loop
      vertex 2.58281 0.833382 0.634766
      vertex 2.51027 0.939478 -0.511834
      vertex 2.52549 0.826231 0.64328
    endloop
  endfacet
  facet normal 0.109311 -0.994008 0
    outer loop
      vertex 2.63515 0.953211 -0.511834
      vertex 2.51027 0.939478 0.794333
      vertex 2.51027 0.939478 -0.511834
    endloop
  endfacet
  facet normal 0.109311 -0.994008 0
    outer loop
      vertex 2.51027 0.939478 0.794333
      vertex 2.63515 0.953211 -0.511834
      vertex 2.63515 0.953211 0.90935
    endloop
  endfacet
  facet normal -0.156966 0.987604 0
    outer loop
      vertex 2.46207 0.506668 -0.511834
      vertex 2.5662 0.523218 -0.249897
      vertex 2.5662 0.523218 -0.511834
    endloop
  endfacet
  facet normal -0.156966 0.987604 0
    outer loop
      vertex 2.5662 0.523218 -0.249897
      vertex 2.46207 0.506668 -0.511834
      vertex 2.46207 0.506668 -0.24468
    endloop
  endfacet
  facet normal 0.156956 -0.987606 0
    outer loop
      vertex 2.42413 0.713213 -0.511834
      vertex 2.53824 0.731348 0.363598
      vertex 2.42413 0.713213 0.369314
    endloop
  endfacet
  facet normal 0.156956 -0.987606 0
    outer loop
      vertex 2.53824 0.731348 0.363598
      vertex 2.42413 0.713213 -0.511834
      vertex 2.53824 0.731348 -0.511834
    endloop
  endfacet
  facet normal -0.156183 0.982813 0.0984126
    outer loop
      vertex 2.51027 0.939478 -0.511834
      vertex 2.4633 0.816106 0.645698
      vertex 2.52549 0.826231 0.64328
    endloop
  endfacet
  facet normal -0.156219 0.982814 0.0983488
    outer loop
      vertex 2.4633 0.816106 0.645698
      vertex 2.40676 0.807804 0.638852
      vertex 2.41639 0.808467 0.647523
    endloop
  endfacet
  facet normal -0.156225 0.982807 0.0984102
    outer loop
      vertex 2.51027 0.939478 -0.511834
      vertex 2.40676 0.807804 0.638852
      vertex 2.4633 0.816106 0.645698
    endloop
  endfacet
  facet normal -0.156198 0.982811 0.0984131
    outer loop
      vertex 2.40676 0.807804 0.638852
      vertex 2.51027 0.939478 -0.511834
      vertex 2.38619 0.919758 -0.511834
    endloop
  endfacet
  facet normal 0.15696 -0.987605 0
    outer loop
      vertex 2.51027 0.939478 -0.511834
      vertex 2.38619 0.919758 0.67702
      vertex 2.38619 0.919758 -0.511834
    endloop
  endfacet
  facet normal 0.15696 -0.987605 0
    outer loop
      vertex 2.38619 0.919758 0.67702
      vertex 2.51027 0.939478 -0.511834
      vertex 2.51027 0.939478 0.794333
    endloop
  endfacet
  facet normal -0.204244 0.97892 0
    outer loop
      vertex 2.46207 0.506668 -0.511834
      vertex 2.35885 0.485132 -0.254283
      vertex 2.46207 0.506668 -0.24468
    endloop
  endfacet
  facet normal -0.204244 0.97892 0
    outer loop
      vertex 2.35885 0.485132 -0.254283
      vertex 2.46207 0.506668 -0.511834
      vertex 2.35885 0.485132 -0.511834
    endloop
  endfacet
  facet normal 0.204257 -0.978917 0
    outer loop
      vertex 2.42413 0.713213 -0.511834
      vertex 2.31103 0.689614 0.358789
      vertex 2.31103 0.689614 -0.511834
    endloop
  endfacet
  facet normal 0.204257 -0.978917 0
    outer loop
      vertex 2.31103 0.689614 0.358789
      vertex 2.42413 0.713213 -0.511834
      vertex 2.42413 0.713213 0.369314
    endloop
  endfacet
  facet normal -0.203259 0.974167 0.0984134
    outer loop
      vertex 2.38619 0.919758 -0.511834
      vertex 2.3474 0.800958 0.584019
      vertex 2.40676 0.807804 0.638852
    endloop
  endfacet
  facet normal -0.203253 0.974168 0.0984137
    outer loop
      vertex 2.38619 0.919758 -0.511834
      vertex 2.28663 0.793949 0.527891
      vertex 2.3474 0.800958 0.584019
    endloop
  endfacet
  facet normal -0.203277 0.974163 0.0984109
    outer loop
      vertex 2.28663 0.793949 0.527891
      vertex 2.38619 0.919758 -0.511834
      vertex 2.26321 0.894096 -0.511834
    endloop
  endfacet
  facet normal 0.204268 -0.978915 0
    outer loop
      vertex 2.38619 0.919758 -0.511834
      vertex 2.26321 0.894096 0.557681
      vertex 2.26321 0.894096 -0.511834
    endloop
  endfacet
  facet normal 0.204268 -0.978915 0
    outer loop
      vertex 2.26321 0.894096 0.557681
      vertex 2.38619 0.919758 -0.511834
      vertex 2.38619 0.919758 0.67702
    endloop
  endfacet
  facet normal -0.251078 0.967967 0
    outer loop
      vertex 2.35885 0.485132 -0.511834
      vertex 2.25679 0.458659 -0.27869
      vertex 2.35885 0.485132 -0.254283
    endloop
  endfacet
  facet normal -0.251078 0.967967 0
    outer loop
      vertex 2.25679 0.458659 -0.27869
      vertex 2.35885 0.485132 -0.511834
      vertex 2.25679 0.458659 -0.511834
    endloop
  endfacet
  facet normal 0.251084 -0.967965 0
    outer loop
      vertex 2.31103 0.689614 -0.511834
      vertex 2.1992 0.660606 0.332046
      vertex 2.1992 0.660606 -0.511834
    endloop
  endfacet
  facet normal 0.251084 -0.967965 0
    outer loop
      vertex 2.1992 0.660606 0.332046
      vertex 2.31103 0.689614 -0.511834
      vertex 2.31103 0.689614 0.358789
    endloop
  endfacet
  facet normal -0.249868 0.963266 0.0984107
    outer loop
      vertex 2.26321 0.894096 -0.511834
      vertex 2.23338 0.78529 0.477444
      vertex 2.28663 0.793949 0.527891
    endloop
  endfacet
  facet normal -0.249855 0.963269 0.0984115
    outer loop
      vertex 2.26321 0.894096 -0.511834
      vertex 2.16673 0.774453 0.414302
      vertex 2.23338 0.78529 0.477444
    endloop
  endfacet
  facet normal -0.249844 0.963272 0.098413
    outer loop
      vertex 2.16673 0.774453 0.414302
      vertex 2.26321 0.894096 -0.511834
      vertex 2.1416 0.862554 -0.511834
    endloop
  endfacet
  facet normal 0.251063 -0.967971 0
    outer loop
      vertex 2.26321 0.894096 -0.511834
      vertex 2.1416 0.862554 0.436592
      vertex 2.1416 0.862554 -0.511834
    endloop
  endfacet
  facet normal 0.251056 -0.967972 -8.78058e-07
    outer loop
      vertex 2.1416 0.862554 0.436592
      vertex 2.26321 0.894096 -0.511834
      vertex 2.18048 0.872638 0.475304
    endloop
  endfacet
  facet normal 0.251066 -0.96797 0
    outer loop
      vertex 2.18048 0.872638 0.475304
      vertex 2.26321 0.894096 -0.511834
      vertex 2.26321 0.894096 0.557681
    endloop
  endfacet
  facet normal -0.297304 0.954783 0
    outer loop
      vertex 2.25679 0.458659 -0.511834
      vertex 2.15612 0.427312 -0.317837
      vertex 2.25679 0.458659 -0.27869
    endloop
  endfacet
  facet normal -0.297304 0.954783 0
    outer loop
      vertex 2.15612 0.427312 -0.317837
      vertex 2.25679 0.458659 -0.511834
      vertex 2.15612 0.427312 -0.511834
    endloop
  endfacet
  facet normal 0.297266 -0.954795 3.04193e-05
    outer loop
      vertex 2.08888 0.626257 0.27279
      vertex 2.1992 0.660606 0.332046
      vertex 2.11473 0.634306 0.299202
    endloop
  endfacet
  facet normal 0.297281 -0.95479 0
    outer loop
      vertex 2.1992 0.660606 -0.511834
      vertex 2.08888 0.626257 0.27279
      vertex 2.08888 0.626257 -0.511834
    endloop
  endfacet
  facet normal 0.297281 -0.95479 0
    outer loop
      vertex 2.08888 0.626257 0.27279
      vertex 2.1992 0.660606 -0.511834
      vertex 2.1992 0.660606 0.332046
    endloop
  endfacet
  facet normal -0.295861 0.950148 0.0984132
    outer loop
      vertex 2.1416 0.862554 -0.511834
      vertex 2.11974 0.764549 0.368655
      vertex 2.16673 0.774453 0.414302
    endloop
  endfacet
  facet normal -0.295837 0.950155 0.0984146
    outer loop
      vertex 2.1416 0.862554 -0.511834
      vertex 2.0473 0.749282 0.298295
      vertex 2.11974 0.764549 0.368655
    endloop
  endfacet
  facet normal -0.295872 0.950145 0.0984092
    outer loop
      vertex 2.0473 0.749282 0.298295
      vertex 2.1416 0.862554 -0.511834
      vertex 2.02165 0.825202 -0.511834
    endloop
  endfacet
  facet normal 0.297315 -0.954779 0
    outer loop
      vertex 2.1416 0.862554 -0.511834
      vertex 2.02165 0.825202 0.314034
      vertex 2.02165 0.825202 -0.511834
    endloop
  endfacet
  facet normal 0.297315 -0.954779 0
    outer loop
      vertex 2.02165 0.825202 0.314034
      vertex 2.1416 0.862554 -0.511834
      vertex 2.1416 0.862554 0.436592
    endloop
  endfacet
  facet normal -0.342854 0.939389 0
    outer loop
      vertex 2.15612 0.427312 -0.317837
      vertex 2.15612 0.427312 -0.511834
      vertex 2.05976 0.392143 -0.370179
    endloop
  endfacet
  facet normal -0.34292 0.939364 0
    outer loop
      vertex 2.05976 0.392143 -0.370179
      vertex 2.05707 0.391161 -0.511834
      vertex 2.05707 0.391161 -0.362929
    endloop
  endfacet
  facet normal -0.342855 0.939388 -1.39995e-06
    outer loop
      vertex 2.05707 0.391161 -0.511834
      vertex 2.05976 0.392143 -0.370179
      vertex 2.15612 0.427312 -0.511834
    endloop
  endfacet
  facet normal 0.342871 -0.939383 0
    outer loop
      vertex 2.08888 0.626257 -0.511834
      vertex 1.98035 0.586644 0.158991
      vertex 1.98035 0.586644 -0.511834
    endloop
  endfacet
  facet normal 0.342871 -0.939383 0
    outer loop
      vertex 1.98035 0.586644 0.158991
      vertex 2.08888 0.626257 -0.511834
      vertex 2.08888 0.626257 0.27279
    endloop
  endfacet
  facet normal -0.341177 0.934834 0.0984087
    outer loop
      vertex 2.02165 0.825202 -0.511834
      vertex 2.00667 0.738714 0.257824
      vertex 2.0473 0.749282 0.298295
    endloop
  endfacet
  facet normal -0.341194 0.934827 0.0984077
    outer loop
      vertex 2.02165 0.825202 -0.511834
      vertex 1.92863 0.718414 0.180088
      vertex 2.00667 0.738714 0.257824
    endloop
  endfacet
  facet normal -0.341194 0.934828 0.0984078
    outer loop
      vertex 1.92863 0.718414 0.180088
      vertex 2.02165 0.825202 -0.511834
      vertex 1.90363 0.782127 -0.511834
    endloop
  endfacet
  facet normal 0.342858 -0.939387 0
    outer loop
      vertex 2.02165 0.825202 -0.511834
      vertex 1.90363 0.782127 0.190289
      vertex 1.90363 0.782127 -0.511834
    endloop
  endfacet
  facet normal 0.342858 -0.939387 0
    outer loop
      vertex 1.90363 0.782127 0.190289
      vertex 2.02165 0.825202 -0.511834
      vertex 2.02165 0.825202 0.314034
    endloop
  endfacet
  facet normal -0.387611 0.921823 0
    outer loop
      vertex 1.95987 0.35029 -0.511834
      vertex 2.05707 0.391161 -0.362929
      vertex 2.05707 0.391161 -0.511834
    endloop
  endfacet
  facet normal -0.387611 0.921823 0
    outer loop
      vertex 2.05707 0.391161 -0.362929
      vertex 1.95987 0.35029 -0.511834
      vertex 1.95987 0.35029 -0.10381
    endloop
  endfacet
  facet normal 0.387622 -0.921818 0
    outer loop
      vertex 1.98035 0.586644 -0.511834
      vertex 1.87385 0.541861 0.0443636
      vertex 1.87385 0.541861 -0.511834
    endloop
  endfacet
  facet normal 0.387622 -0.921818 0
    outer loop
      vertex 1.87385 0.541861 0.0443636
      vertex 1.98035 0.586644 -0.511834
      vertex 1.98035 0.586644 0.158991
    endloop
  endfacet
  facet normal -0.385754 0.917338 0.0984074
    outer loop
      vertex 1.90363 0.782127 -0.511834
      vertex 1.89441 0.707774 0.145131
      vertex 1.92863 0.718414 0.180088
    endloop
  endfacet
  facet normal -0.385758 0.917337 0.0984072
    outer loop
      vertex 1.90363 0.782127 -0.511834
      vertex 1.81099 0.681836 0.0599135
      vertex 1.89441 0.707774 0.145131
    endloop
  endfacet
  facet normal -0.385735 0.917346 0.0984124
    outer loop
      vertex 1.81099 0.681836 0.0599135
      vertex 1.90363 0.782127 -0.511834
      vertex 1.78782 0.73343 -0.511834
    endloop
  endfacet
  facet normal 0.387617 -0.921821 0
    outer loop
      vertex 1.90363 0.782127 -0.511834
      vertex 1.78782 0.73343 0.0656451
      vertex 1.78782 0.73343 -0.511834
    endloop
  endfacet
  facet normal 0.387617 -0.921821 0
    outer loop
      vertex 1.78782 0.73343 0.0656451
      vertex 1.90363 0.782127 -0.511834
      vertex 1.90363 0.782127 0.190289
    endloop
  endfacet
  facet normal -0.43147 0.902127 0
    outer loop
      vertex 1.86475 0.304796 -0.511834
      vertex 1.95987 0.35029 -0.10381
      vertex 1.95987 0.35029 -0.511834
    endloop
  endfacet
  facet normal -0.43147 0.902127 0
    outer loop
      vertex 1.95987 0.35029 -0.10381
      vertex 1.86475 0.304796 -0.511834
      vertex 1.86475 0.304796 0.146981
    endloop
  endfacet
  facet normal 0.431476 -0.902125 0
    outer loop
      vertex 1.87385 0.541861 -0.511834
      vertex 1.76962 0.492009 -0.0708271
      vertex 1.76962 0.492009 -0.511834
    endloop
  endfacet
  facet normal 0.431476 -0.902125 0
    outer loop
      vertex 1.76962 0.492009 -0.0708271
      vertex 1.87385 0.541861 -0.511834
      vertex 1.87385 0.541861 0.0443636
    endloop
  endfacet
  facet normal -0.429262 0.897803 0.0984127
    outer loop
      vertex 1.78782 0.73343 -0.511834
      vertex 1.78316 0.671725 0.0307641
      vertex 1.81099 0.681836 0.0599135
    endloop
  endfacet
  facet normal -0.429397 0.897739 0.0984043
    outer loop
      vertex 1.78782 0.73343 -0.511834
      vertex 1.69464 0.639552 -0.0619884
      vertex 1.78316 0.671725 0.0307641
    endloop
  endfacet
  facet normal -0.429373 0.897749 0.0984113
    outer loop
      vertex 1.69464 0.639552 -0.0619884
      vertex 1.78782 0.73343 -0.511834
      vertex 1.67448 0.679222 -0.511834
    endloop
  endfacet
  facet normal 0.431468 -0.902128 0
    outer loop
      vertex 1.78782 0.73343 -0.511834
      vertex 1.67448 0.679222 -0.059612
      vertex 1.67448 0.679222 -0.511834
    endloop
  endfacet
  facet normal 0.431487 -0.902119 5.90387e-06
    outer loop
      vertex 1.67448 0.679222 -0.059612
      vertex 1.78782 0.73343 -0.511834
      vertex 1.72469 0.703238 -0.00411937
    endloop
  endfacet
  facet normal 0.431448 -0.902138 0
    outer loop
      vertex 1.72469 0.703238 -0.00411937
      vertex 1.78782 0.73343 -0.511834
      vertex 1.78782 0.73343 0.0656451
    endloop
  endfacet
  facet normal -0.47435 0.880336 0
    outer loop
      vertex 1.77193 0.254782 -0.511834
      vertex 1.86475 0.304796 0.146981
      vertex 1.86475 0.304796 -0.511834
    endloop
  endfacet
  facet normal -0.47435 0.880336 0
    outer loop
      vertex 1.86475 0.304796 0.146981
      vertex 1.77193 0.254782 -0.511834
      vertex 1.77193 0.254782 0.388867
    endloop
  endfacet
  facet normal 0.474027 -0.88051 0
    outer loop
      vertex 1.6679 0.437205 -0.167904
      vertex 1.6679 0.437205 -0.511834
      vertex 1.67653 0.441851 -0.176525
    endloop
  endfacet
  facet normal 0.474312 -0.880357 -9.48301e-06
    outer loop
      vertex 1.76962 0.492009 -0.511834
      vertex 1.67653 0.441851 -0.176525
      vertex 1.6679 0.437205 -0.511834
    endloop
  endfacet
  facet normal 0.474339 -0.880342 0
    outer loop
      vertex 1.67653 0.441851 -0.176525
      vertex 1.76962 0.492009 -0.511834
      vertex 1.76962 0.492009 -0.0708271
    endloop
  endfacet
  facet normal -0.472052 0.87606 0.0984113
    outer loop
      vertex 1.67448 0.679222 -0.511834
      vertex 1.67316 0.630572 -0.0850819
      vertex 1.69464 0.639552 -0.0619884
    endloop
  endfacet
  facet normal -0.471992 0.876092 0.0984151
    outer loop
      vertex 1.67316 0.630572 -0.0850819
      vertex 1.67448 0.679222 -0.511834
      vertex 1.63071 0.612828 -0.130712
    endloop
  endfacet
  facet normal -0.472039 0.876068 0.0984055
    outer loop
      vertex 1.56388 0.619629 -0.511834
      vertex 1.63071 0.612828 -0.130712
      vertex 1.67448 0.679222 -0.511834
    endloop
  endfacet
  facet normal -0.472041 0.876067 0.0984058
    outer loop
      vertex 1.63071 0.612828 -0.130712
      vertex 1.56388 0.619629 -0.511834
      vertex 1.5848 0.582934 -0.0848024
    endloop
  endfacet
  facet normal 0.47434 -0.880342 0
    outer loop
      vertex 1.56388 0.619629 -0.0638771
      vertex 1.56388 0.619629 -0.511834
      vertex 1.62069 0.650239 -0.120688
    endloop
  endfacet
  facet normal 0.474341 -0.880341 -2.50911e-07
    outer loop
      vertex 1.67448 0.679222 -0.511834
      vertex 1.62069 0.650239 -0.120688
      vertex 1.56388 0.619629 -0.511834
    endloop
  endfacet
  facet normal 0.474343 -0.88034 0
    outer loop
      vertex 1.62069 0.650239 -0.120688
      vertex 1.67448 0.679222 -0.511834
      vertex 1.67448 0.679222 -0.059612
    endloop
  endfacet
  facet normal -0.516213 0.85646 0.000235243
    outer loop
      vertex 1.77193 0.254782 0.388867
      vertex 1.68162 0.200363 0.339943
      vertex 1.76902 0.253026 0.396364
    endloop
  endfacet
  facet normal -0.51612 0.856516 0
    outer loop
      vertex 1.77193 0.254782 -0.511834
      vertex 1.68162 0.200363 0.339943
      vertex 1.77193 0.254782 0.388867
    endloop
  endfacet
  facet normal -0.51612 0.856516 0
    outer loop
      vertex 1.68162 0.200363 0.339943
      vertex 1.77193 0.254782 -0.511834
      vertex 1.68162 0.200363 -0.511834
    endloop
  endfacet
  facet normal 0.516052 -0.856557 -0.000107154
    outer loop
      vertex 1.56894 0.377576 -0.101482
      vertex 1.6679 0.437205 -0.167904
      vertex 1.5886 0.389419 -0.088598
    endloop
  endfacet
  facet normal 0.516105 -0.856525 0
    outer loop
      vertex 1.56894 0.377576 -0.511834
      vertex 1.6679 0.437205 -0.167904
      vertex 1.56894 0.377576 -0.101482
    endloop
  endfacet
  facet normal 0.516105 -0.856525 0
    outer loop
      vertex 1.6679 0.437205 -0.167904
      vertex 1.56894 0.377576 -0.511834
      vertex 1.6679 0.437205 -0.511834
    endloop
  endfacet
  facet normal -0.513587 0.852376 0.0984053
    outer loop
      vertex 1.5848 0.582934 -0.0848024
      vertex 1.56388 0.619629 -0.511834
      vertex 1.56494 0.568675 -0.0649437
    endloop
  endfacet
  facet normal -0.513594 0.852372 0.0984049
    outer loop
      vertex 1.45627 0.554789 -0.511834
      vertex 1.56494 0.568675 -0.0649437
      vertex 1.56388 0.619629 -0.511834
    endloop
  endfacet
  facet normal -0.513618 0.852357 0.0984112
    outer loop
      vertex 1.56494 0.568675 -0.0649437
      vertex 1.45627 0.554789 -0.511834
      vertex 1.48427 0.51075 0.0157301
    endloop
  endfacet
  facet normal 0.516098 -0.856529 0
    outer loop
      vertex 1.45627 0.554789 -0.511834
      vertex 1.56388 0.619629 -0.0638771
      vertex 1.45627 0.554789 0.0437307
    endloop
  endfacet
  facet normal 0.516098 -0.856529 0
    outer loop
      vertex 1.56388 0.619629 -0.0638771
      vertex 1.45627 0.554789 -0.511834
      vertex 1.56388 0.619629 -0.511834
    endloop
  endfacet
  facet normal -0.556686 0.830723 0
    outer loop
      vertex 1.68162 0.200363 -0.511834
      vertex 1.59403 0.141667 0.297252
      vertex 1.68162 0.200363 0.339943
    endloop
  endfacet
  facet normal -0.556686 0.830723 0
    outer loop
      vertex 1.59403 0.141667 0.297252
      vertex 1.68162 0.200363 -0.511834
      vertex 1.59403 0.141667 -0.511834
    endloop
  endfacet
  facet normal 0.556678 -0.830728 0
    outer loop
      vertex 1.56894 0.377576 -0.511834
      vertex 1.47296 0.313259 -0.182215
      vertex 1.47296 0.313259 -0.511834
    endloop
  endfacet
  facet normal 0.556678 -0.830728 0
    outer loop
      vertex 1.47296 0.313259 -0.182215
      vertex 1.56894 0.377576 -0.511834
      vertex 1.56894 0.377576 -0.101482
    endloop
  endfacet
  facet normal -0.553915 0.826737 0.0984113
    outer loop
      vertex 1.48427 0.51075 0.0157301
      vertex 1.45627 0.554789 -0.511834
      vertex 1.4606 0.492074 0.0393958
    endloop
  endfacet
  facet normal -0.553969 0.826701 0.0984076
    outer loop
      vertex 1.3519 0.484851 -0.511834
      vertex 1.4606 0.492074 0.0393958
      vertex 1.45627 0.554789 -0.511834
    endloop
  endfacet
  facet normal -0.553979 0.826694 0.0984095
    outer loop
      vertex 1.4606 0.492074 0.0393958
      vertex 1.3519 0.484851 -0.511834
      vertex 1.3875 0.434387 0.112495
    endloop
  endfacet
  facet normal 0.556671 -0.830733 0
    outer loop
      vertex 1.3519 0.484851 -0.511834
      vertex 1.45627 0.554789 0.0437307
      vertex 1.3519 0.484851 0.148099
    endloop
  endfacet
  facet normal 0.556671 -0.830733 0
    outer loop
      vertex 1.45627 0.554789 0.0437307
      vertex 1.3519 0.484851 -0.511834
      vertex 1.45627 0.554789 -0.511834
    endloop
  endfacet
  facet normal -0.59596 0.803014 0
    outer loop
      vertex 1.59403 0.141667 -0.511834
      vertex 1.50936 0.0788288 0.270277
      vertex 1.59403 0.141667 0.297252
    endloop
  endfacet
  facet normal -0.59596 0.803014 0
    outer loop
      vertex 1.50936 0.0788288 0.270277
      vertex 1.59403 0.141667 -0.511834
      vertex 1.50936 0.0788288 -0.511834
    endloop
  endfacet
  facet normal 0.595996 -0.802988 0
    outer loop
      vertex 1.47296 0.313259 -0.511834
      vertex 1.38019 0.244403 -0.278622
      vertex 1.38019 0.244403 -0.511834
    endloop
  endfacet
  facet normal 0.595996 -0.802988 0
    outer loop
      vertex 1.38019 0.244403 -0.278622
      vertex 1.47296 0.313259 -0.511834
      vertex 1.47296 0.313259 -0.182215
    endloop
  endfacet
  facet normal -0.593144 0.79906 0.0984091
    outer loop
      vertex 1.3875 0.434387 0.112495
      vertex 1.3519 0.484851 -0.511834
      vertex 1.36058 0.411088 0.139422
    endloop
  endfacet
  facet normal -0.593093 0.799096 0.0984211
    outer loop
      vertex 1.36058 0.411088 0.139422
      vertex 1.29002 0.359987 0.129119
      vertex 1.33554 0.389419 0.164463
    endloop
  endfacet
  facet normal -0.593093 0.799097 0.0984127
    outer loop
      vertex 1.3519 0.484851 -0.511834
      vertex 1.29002 0.359987 0.129119
      vertex 1.36058 0.411088 0.139422
    endloop
  endfacet
  facet normal -0.593095 0.799095 0.098412
    outer loop
      vertex 1.29002 0.359987 0.129119
      vertex 1.3519 0.484851 -0.511834
      vertex 1.25102 0.409977 -0.511834
    endloop
  endfacet
  facet normal 0.595984 -0.802996 0
    outer loop
      vertex 1.25102 0.409977 0.519441
      vertex 1.28948 0.438522 0.210522
      vertex 1.28948 0.438522 0.47549
    endloop
  endfacet
  facet normal 0.595984 -0.802996 0
    outer loop
      vertex 1.25102 0.409977 -0.511834
      vertex 1.28948 0.438522 0.210522
      vertex 1.25102 0.409977 0.519441
    endloop
  endfacet
  facet normal 0.595991 -0.802991 -5.8233e-07
    outer loop
      vertex 1.25102 0.409977 -0.511834
      vertex 1.3519 0.484851 0.148099
      vertex 1.28948 0.438522 0.210522
    endloop
  endfacet
  facet normal 0.595988 -0.802993 0
    outer loop
      vertex 1.3519 0.484851 0.148099
      vertex 1.25102 0.409977 -0.511834
      vertex 1.3519 0.484851 -0.511834
    endloop
  endfacet
  facet normal -0.633883 0.773429 0
    outer loop
      vertex 1.50936 0.0788288 -0.511834
      vertex 1.42781 0.0119925 0.259081
      vertex 1.50936 0.0788288 0.270277
    endloop
  endfacet
  facet normal -0.633883 0.773429 0
    outer loop
      vertex 1.42781 0.0119925 0.259081
      vertex 1.50936 0.0788288 -0.511834
      vertex 1.42781 0.0119925 -0.511834
    endloop
  endfacet
  facet normal 0.633882 -0.77343 0
    outer loop
      vertex 1.38019 0.244403 -0.511834
      vertex 1.29083 0.171166 -0.390482
      vertex 1.29083 0.171166 -0.511834
    endloop
  endfacet
  facet normal 0.633882 -0.77343 0
    outer loop
      vertex 1.29083 0.171166 -0.390482
      vertex 1.38019 0.244403 -0.511834
      vertex 1.38019 0.244403 -0.278622
    endloop
  endfacet
  facet normal -0.630762 0.769711 0.0984121
    outer loop
      vertex 1.29002 0.359987 0.129119
      vertex 1.25102 0.409977 -0.511834
      vertex 1.26256 0.340736 0.103685
    endloop
  endfacet
  facet normal -0.630761 0.769711 0.0984122
    outer loop
      vertex 1.26256 0.340736 0.103685
      vertex 1.25102 0.409977 -0.511834
      vertex 1.21293 0.305943 0.0577138
    endloop
  endfacet
  facet normal -0.630801 0.769679 0.0984037
    outer loop
      vertex 1.15385 0.33034 -0.511834
      vertex 1.21293 0.305943 0.0577138
      vertex 1.25102 0.409977 -0.511834
    endloop
  endfacet
  facet normal -0.630877 0.769617 0.0984088
    outer loop
      vertex 1.21293 0.305943 0.0577138
      vertex 1.15385 0.33034 -0.511834
      vertex 1.19764 0.279453 0.166861
    endloop
  endfacet
  facet normal 0.633878 -0.773433 0
    outer loop
      vertex 1.15385 0.33034 -0.511834
      vertex 1.25102 0.409977 0.519441
      vertex 1.15385 0.33034 0.636993
    endloop
  endfacet
  facet normal 0.633878 -0.773433 0
    outer loop
      vertex 1.25102 0.409977 0.519441
      vertex 1.15385 0.33034 -0.511834
      vertex 1.25102 0.409977 -0.511834
    endloop
  endfacet
  facet normal -0.670288 0.742101 0
    outer loop
      vertex 1.34956 -0.0586853 -0.511834
      vertex 1.42781 0.0119925 0.259081
      vertex 1.42781 0.0119925 -0.511834
    endloop
  endfacet
  facet normal -0.670288 0.742101 0
    outer loop
      vertex 1.42781 0.0119925 0.259081
      vertex 1.34956 -0.0586853 -0.511834
      vertex 1.34956 -0.0586853 0.263684
    endloop
  endfacet
  facet normal 0.670328 -0.742065 0
    outer loop
      vertex 1.20509 0.0937195 -0.390466
      vertex 1.20509 0.0937195 -0.511834
      vertex 1.28756 0.168217 -0.395321
    endloop
  endfacet
  facet normal 0.669717 -0.742616 0
    outer loop
      vertex 1.28756 0.168217 -0.395321
      vertex 1.29083 0.171166 -0.511834
      vertex 1.29083 0.171166 -0.390482
    endloop
  endfacet
  facet normal 0.670305 -0.742086 2.99213e-05
    outer loop
      vertex 1.29083 0.171166 -0.511834
      vertex 1.28756 0.168217 -0.395321
      vertex 1.20509 0.0937195 -0.511834
    endloop
  endfacet
  facet normal -0.667106 0.738435 0.0984084
    outer loop
      vertex 1.19764 0.279453 0.166861
      vertex 1.15385 0.33034 -0.511834
      vertex 1.17381 0.238174 0.315067
    endloop
  endfacet
  facet normal -0.66706 0.738476 0.0984119
    outer loop
      vertex 1.06062 0.246126 -0.511834
      vertex 1.17381 0.238174 0.315067
      vertex 1.15385 0.33034 -0.511834
    endloop
  endfacet
  facet normal -0.667067 0.738469 0.0984128
    outer loop
      vertex 1.17381 0.238174 0.315067
      vertex 1.06062 0.246126 -0.511834
      vertex 1.13382 0.168908 0.563762
    endloop
  endfacet
  facet normal 0.670314 -0.742078 0
    outer loop
      vertex 1.06062 0.246126 -0.511834
      vertex 1.15385 0.33034 0.636993
      vertex 1.06062 0.246126 0.75654
    endloop
  endfacet
  facet normal 0.670314 -0.742078 0
    outer loop
      vertex 1.15385 0.33034 0.636993
      vertex 1.06062 0.246126 -0.511834
      vertex 1.15385 0.33034 -0.511834
    endloop
  endfacet
  facet normal -0.705239 0.708969 0
    outer loop
      vertex 1.27481 -0.133042 -0.511834
      vertex 1.34956 -0.0586853 0.263684
      vertex 1.34956 -0.0586853 -0.511834
    endloop
  endfacet
  facet normal -0.705239 0.708969 0
    outer loop
      vertex 1.34956 -0.0586853 0.263684
      vertex 1.27481 -0.133042 -0.511834
      vertex 1.27481 -0.133042 0.284081
    endloop
  endfacet
  facet normal 0.705235 -0.708973 0
    outer loop
      vertex 1.12318 0.0122414 -0.511834
      vertex 1.20509 0.0937195 -0.390466
      vertex 1.12318 0.0122414 -0.368116
    endloop
  endfacet
  facet normal 0.705235 -0.708973 0
    outer loop
      vertex 1.20509 0.0937195 -0.390466
      vertex 1.12318 0.0122414 -0.511834
      vertex 1.20509 0.0937195 -0.511834
    endloop
  endfacet
  facet normal -0.701782 0.705561 0.0984129
    outer loop
      vertex 1.13382 0.168908 0.563762
      vertex 1.06062 0.246126 -0.511834
      vertex 1.09791 0.106712 0.753596
    endloop
  endfacet
  facet normal -0.701783 0.705561 0.0984128
    outer loop
      vertex 0.971544 0.157527 -0.511834
      vertex 1.09791 0.106712 0.753596
      vertex 1.06062 0.246126 -0.511834
    endloop
  endfacet
  facet normal -0.701764 0.70558 0.0984117
    outer loop
      vertex 1.09791 0.106712 0.753596
      vertex 0.971544 0.157527 -0.511834
      vertex 1.07179 0.0614763 0.891662
    endloop
  endfacet
  facet normal 0.705206 -0.709003 0
    outer loop
      vertex 0.971544 0.157527 -0.511834
      vertex 1.06062 0.246126 0.75654
      vertex 0.971544 0.157527 0.877805
    endloop
  endfacet
  facet normal 0.705206 -0.709003 0
    outer loop
      vertex 1.06062 0.246126 0.75654
      vertex 0.971544 0.157527 -0.511834
      vertex 1.06062 0.246126 -0.511834
    endloop
  endfacet
  facet normal -0.738462 0.674295 0
    outer loop
      vertex 1.20371 -0.210908 -0.511834
      vertex 1.27481 -0.133042 0.284081
      vertex 1.27481 -0.133042 -0.511834
    endloop
  endfacet
  facet normal -0.738462 0.674295 0
    outer loop
      vertex 1.27481 -0.133042 0.284081
      vertex 1.20371 -0.210908 -0.511834
      vertex 1.20371 -0.210908 0.320222
    endloop
  endfacet
  facet normal 0.738448 -0.67431 0
    outer loop
      vertex 1.04527 -0.0730791 -0.511834
      vertex 1.12318 0.0122414 -0.368116
      vertex 1.04527 -0.0730791 -0.328515
    endloop
  endfacet
  facet normal 0.738448 -0.67431 0
    outer loop
      vertex 1.12318 0.0122414 -0.368116
      vertex 1.04527 -0.0730791 -0.511834
      vertex 1.12318 0.0122414 -0.511834
    endloop
  endfacet
  facet normal -0.73492 0.670975 0.0984117
    outer loop
      vertex 1.02382 -0.00596672 0.99326
      vertex 1.07179 0.0614763 0.891662
      vertex 0.971544 0.157527 -0.511834
    endloop
  endfacet
  facet normal -0.735029 0.670873 0.0982929
    outer loop
      vertex 1.07179 0.0614763 0.891662
      vertex 1.02382 -0.00596672 0.99326
      vertex 1.06359 0.0472762 0.927262
    endloop
  endfacet
  facet normal -0.734895 0.671003 0.0984138
    outer loop
      vertex 0.886832 0.0647488 -0.511834
      vertex 1.02382 -0.00596672 0.99326
      vertex 0.971544 0.157527 -0.511834
    endloop
  endfacet
  facet normal -0.734849 0.671053 0.098412
    outer loop
      vertex 1.02382 -0.00596672 0.99326
      vertex 0.886832 0.0647488 -0.511834
      vertex 1.00188 -0.0353307 1.02966
    endloop
  endfacet
  facet normal 0.73848 -0.674276 0
    outer loop
      vertex 0.886832 0.0647488 -0.511834
      vertex 0.971544 0.157527 0.877805
      vertex 0.886832 0.0647488 1.00051
    endloop
  endfacet
  facet normal 0.73848 -0.674276 0
    outer loop
      vertex 0.971544 0.157527 0.877805
      vertex 0.886832 0.0647488 -0.511834
      vertex 0.971544 0.157527 -0.511834
    endloop
  endfacet
  facet normal -0.770041 0.637994 0
    outer loop
      vertex 1.13644 -0.292101 -0.511834
      vertex 1.20371 -0.210908 0.320222
      vertex 1.20371 -0.210908 -0.511834
    endloop
  endfacet
  facet normal -0.770041 0.637994 0
    outer loop
      vertex 1.20371 -0.210908 0.320222
      vertex 1.13644 -0.292101 -0.511834
      vertex 1.13644 -0.292101 0.372027
    endloop
  endfacet
  facet normal 0.770045 -0.63799 0
    outer loop
      vertex 0.97156 -0.162046 -0.511834
      vertex 1.04527 -0.0730791 -0.328515
      vertex 0.97156 -0.162046 -0.271752
    endloop
  endfacet
  facet normal 0.770045 -0.63799 0
    outer loop
      vertex 1.04527 -0.0730791 -0.328515
      vertex 0.97156 -0.162046 -0.511834
      vertex 1.04527 -0.0730791 -0.511834
    endloop
  endfacet
  facet normal -0.766291 0.634912 0.0984123
    outer loop
      vertex 1.00188 -0.0353307 1.02966
      vertex 0.886832 0.0647488 -0.511834
      vertex 0.951914 -0.109459 1.11884
    endloop
  endfacet
  facet normal -0.766297 0.634905 0.0984118
    outer loop
      vertex 0.806678 -0.0319929 -0.511834
      vertex 0.951914 -0.109459 1.11884
      vertex 0.886832 0.0647488 -0.511834
    endloop
  endfacet
  facet normal -0.766294 0.634909 0.0984117
    outer loop
      vertex 0.951914 -0.109459 1.11884
      vertex 0.806678 -0.0319929 -0.511834
      vertex 0.935591 -0.133675 1.14797
    endloop
  endfacet
  facet normal 0.770035 -0.638002 0
    outer loop
      vertex 0.806678 -0.0319929 -0.511834
      vertex 0.886832 0.0647488 1.00051
      vertex 0.806678 -0.0319929 1.12437
    endloop
  endfacet
  facet normal 0.770035 -0.638002 0
    outer loop
      vertex 0.886832 0.0647488 1.00051
      vertex 0.806678 -0.0319929 -0.511834
      vertex 0.886832 0.0647488 -0.511834
    endloop
  endfacet
  facet normal -0.79981 0.600253 0
    outer loop
      vertex 1.07315 -0.376432 -0.511834
      vertex 1.13644 -0.292101 0.372027
      vertex 1.13644 -0.292101 -0.511834
    endloop
  endfacet
  facet normal -0.79981 0.600253 0
    outer loop
      vertex 1.13644 -0.292101 0.372027
      vertex 1.07315 -0.376432 -0.511834
      vertex 1.07315 -0.376432 0.43937
    endloop
  endfacet
  facet normal 0.799812 -0.600251 0
    outer loop
      vertex 0.902208 -0.254455 -0.511834
      vertex 0.97156 -0.162046 -0.271752
      vertex 0.902208 -0.254455 -0.197957
    endloop
  endfacet
  facet normal 0.799812 -0.600251 0
    outer loop
      vertex 0.97156 -0.162046 -0.271752
      vertex 0.902208 -0.254455 -0.511834
      vertex 0.97156 -0.162046 -0.511834
    endloop
  endfacet
  facet normal -0.795933 0.597333 0.0984117
    outer loop
      vertex 0.935591 -0.133675 1.14797
      vertex 0.806678 -0.0319929 -0.511834
      vertex 0.8857 -0.216011 1.24422
    endloop
  endfacet
  facet normal -0.795931 0.597335 0.0984119
    outer loop
      vertex 0.731266 -0.132477 -0.511834
      vertex 0.8857 -0.216011 1.24422
      vertex 0.806678 -0.0319929 -0.511834
    endloop
  endfacet
  facet normal -0.795927 0.597341 0.0984118
    outer loop
      vertex 0.8857 -0.216011 1.24422
      vertex 0.731266 -0.132477 -0.511834
      vertex 0.87442 -0.234626 1.26598
    endloop
  endfacet
  facet normal 0.799813 -0.600249 0
    outer loop
      vertex 0.731266 -0.132477 -0.511834
      vertex 0.806678 -0.0319929 1.12437
      vertex 0.731266 -0.132477 1.2491
    endloop
  endfacet
  facet normal 0.799813 -0.600249 0
    outer loop
      vertex 0.806678 -0.0319929 1.12437
      vertex 0.731266 -0.132477 -0.511834
      vertex 0.806678 -0.0319929 -0.511834
    endloop
  endfacet
  facet normal -0.827759 0.561083 0
    outer loop
      vertex 1.01399 -0.46371 -0.511834
      vertex 1.07315 -0.376432 0.43937
      vertex 1.07315 -0.376432 -0.511834
    endloop
  endfacet
  facet normal -0.827759 0.561083 0
    outer loop
      vertex 1.07315 -0.376432 0.43937
      vertex 1.01399 -0.46371 -0.511834
      vertex 1.01399 -0.46371 0.522102
    endloop
  endfacet
  facet normal 0.827739 -0.561113 0
    outer loop
      vertex 0.837379 -0.350089 -0.511834
      vertex 0.902208 -0.254455 -0.197957
      vertex 0.837379 -0.350089 -0.107304
    endloop
  endfacet
  facet normal 0.827739 -0.561113 0
    outer loop
      vertex 0.902208 -0.254455 -0.197957
      vertex 0.837379 -0.350089 -0.511834
      vertex 0.902208 -0.254455 -0.511834
    endloop
  endfacet
  facet normal -0.823721 0.55839 0.0984118
    outer loop
      vertex 0.87442 -0.234626 1.26598
      vertex 0.731266 -0.132477 -0.511834
      vertex 0.825282 -0.32528 1.36906
    endloop
  endfacet
  facet normal -0.82372 0.558391 0.0984119
    outer loop
      vertex 0.660771 -0.236469 -0.511834
      vertex 0.825282 -0.32528 1.36906
      vertex 0.731266 -0.132477 -0.511834
    endloop
  endfacet
  facet normal -0.823728 0.558379 0.098412
    outer loop
      vertex 0.825282 -0.32528 1.36906
      vertex 0.660771 -0.236469 -0.511834
      vertex 0.818439 -0.337904 1.38341
    endloop
  endfacet
  facet normal 0.827738 -0.561114 0
    outer loop
      vertex 0.660771 -0.236469 -0.511834
      vertex 0.731266 -0.132477 1.2491
      vertex 0.660771 -0.236469 1.3744
    endloop
  endfacet
  facet normal 0.827738 -0.561114 0
    outer loop
      vertex 0.731266 -0.132477 1.2491
      vertex 0.660771 -0.236469 -0.511834
      vertex 0.731266 -0.132477 -0.511834
    endloop
  endfacet
  facet normal -0.853747 0.520688 0
    outer loop
      vertex 0.959085 -0.553735 -0.511834
      vertex 1.01399 -0.46371 0.522102
      vertex 1.01399 -0.46371 -0.511834
    endloop
  endfacet
  facet normal -0.853747 0.520688 0
    outer loop
      vertex 1.01399 -0.46371 0.522102
      vertex 0.959085 -0.553735 -0.511834
      vertex 0.959085 -0.553735 0.620021
    endloop
  endfacet
  facet normal -0.872879 0.486078 -0.0425476
    outer loop
      vertex 1.01399 -0.46371 0.522102
      vertex 0.959085 -0.553735 0.620021
      vertex 0.959088 -0.553729 0.620028
    endloop
  endfacet
  facet normal 0 0 1
    outer loop
      vertex 5.17934 -1.02828 -0.511834
      vertex 4.97649 -1.08263 -0.511834
      vertex 4.97649 -1.08264 -0.511834
    endloop
  endfacet
  facet normal 0 0 1
    outer loop
      vertex 3.88928 0.520324 -0.511834
      vertex 3.78886 0.335234 -0.511834
      vertex 3.92783 0.500859 -0.511834
    endloop
  endfacet
  facet normal 0 0 1
    outer loop
      vertex 3.78375 0.567373 -0.511834
      vertex 3.78886 0.335234 -0.511834
      vertex 3.88928 0.520324 -0.511834
    endloop
  endfacet
  facet normal 0 0 1
    outer loop
      vertex 3.78375 0.567373 -0.511834
      vertex 3.70287 0.373573 -0.511834
      vertex 3.78886 0.335234 -0.511834
    endloop
  endfacet
  facet normal 0 0 1
    outer loop
      vertex 3.67609 0.609296 -0.511834
      vertex 3.70287 0.373573 -0.511834
      vertex 3.78375 0.567373 -0.511834
    endloop
  endfacet
  facet normal 0 0 1
    outer loop
      vertex 3.67609 0.609296 -0.511834
      vertex 3.60462 0.411833 -0.511834
      vertex 3.70287 0.373573 -0.511834
    endloop
  endfacet
  facet normal 0 0 1
    outer loop
      vertex 3.56654 0.645995 -0.511834
      vertex 3.60462 0.411833 -0.511834
      vertex 3.67609 0.609296 -0.511834
    endloop
  endfacet
  facet normal 0 0 1
    outer loop
      vertex 3.56654 0.645995 -0.511834
      vertex 3.50464 0.445325 -0.511834
      vertex 3.60462 0.411833 -0.511834
    endloop
  endfacet
  facet normal 0 0 1
    outer loop
      vertex 3.45535 0.677386 -0.511834
      vertex 3.50464 0.445325 -0.511834
      vertex 3.56654 0.645995 -0.511834
    endloop
  endfacet
  facet normal 0 0 1
    outer loop
      vertex 3.45535 0.677386 -0.511834
      vertex 3.40316 0.473972 -0.511834
      vertex 3.50464 0.445325 -0.511834
    endloop
  endfacet
  facet normal 0 0 1
    outer loop
      vertex 3.34278 0.703397 -0.511834
      vertex 3.40316 0.473972 -0.511834
      vertex 3.45535 0.677386 -0.511834
    endloop
  endfacet
  facet normal 0 0 1
    outer loop
      vertex 3.34278 0.703397 -0.511834
      vertex 3.30043 0.497709 -0.511834
      vertex 3.40316 0.473972 -0.511834
    endloop
  endfacet
  facet normal 0 0 1
    outer loop
      vertex 3.22908 0.723966 -0.511834
      vertex 3.30043 0.497709 -0.511834
      vertex 3.34278 0.703397 -0.511834
    endloop
  endfacet
  facet normal 0 0 1
    outer loop
      vertex 3.22908 0.723966 -0.511834
      vertex 3.19668 0.516481 -0.511834
      vertex 3.30043 0.497709 -0.511834
    endloop
  endfacet
  facet normal 0 0 1
    outer loop
      vertex 3.11454 0.739046 -0.511834
      vertex 3.19668 0.516481 -0.511834
      vertex 3.22908 0.723966 -0.511834
    endloop
  endfacet
  facet normal 0 0 1
    outer loop
      vertex 3.11454 0.739046 -0.511834
      vertex 3.09214 0.530244 -0.511834
      vertex 3.19668 0.516481 -0.511834
    endloop
  endfacet
  facet normal 0 0 1
    outer loop
      vertex 2.9994 0.748603 -0.511834
      vertex 3.09214 0.530244 -0.511834
      vertex 3.11454 0.739046 -0.511834
    endloop
  endfacet
  facet normal 0 0 1
    outer loop
      vertex 2.9994 0.748603 -0.511834
      vertex 2.98706 0.538966 -0.511834
      vertex 3.09214 0.530244 -0.511834
    endloop
  endfacet
  facet normal 0 0 1
    outer loop
      vertex 2.88393 0.752615 -0.511834
      vertex 2.98706 0.538966 -0.511834
      vertex 2.9994 0.748603 -0.511834
    endloop
  endfacet
  facet normal 0 0 1
    outer loop
      vertex 2.88393 0.752615 -0.511834
      vertex 2.88168 0.542627 -0.511834
      vertex 2.98706 0.538966 -0.511834
    endloop
  endfacet
  facet normal 0 0 1
    outer loop
      vertex 2.88393 0.752615 -0.511834
      vertex 2.77625 0.541219 -0.511834
      vertex 2.88168 0.542627 -0.511834
    endloop
  endfacet
  facet normal -0 0 1
    outer loop
      vertex 2.7684 0.751072 -0.511834
      vertex 2.77625 0.541219 -0.511834
      vertex 2.88393 0.752615 -0.511834
    endloop
  endfacet
  facet normal 0 0 1
    outer loop
      vertex 2.7684 0.751072 -0.511834
      vertex 2.67101 0.534744 -0.511834
      vertex 2.77625 0.541219 -0.511834
    endloop
  endfacet
  facet normal -0 0 1
    outer loop
      vertex 2.65308 0.743978 -0.511834
      vertex 2.67101 0.534744 -0.511834
      vertex 2.7684 0.751072 -0.511834
    endloop
  endfacet
  facet normal 0 0 1
    outer loop
      vertex 2.65308 0.743978 -0.511834
      vertex 2.5662 0.523218 -0.511834
      vertex 2.67101 0.534744 -0.511834
    endloop
  endfacet
  facet normal -0 0 1
    outer loop
      vertex 2.53824 0.731348 -0.511834
      vertex 2.5662 0.523218 -0.511834
      vertex 2.65308 0.743978 -0.511834
    endloop
  endfacet
  facet normal 0 0 1
    outer loop
      vertex 2.53824 0.731348 -0.511834
      vertex 2.46207 0.506668 -0.511834
      vertex 2.5662 0.523218 -0.511834
    endloop
  endfacet
  facet normal -0 0 1
    outer loop
      vertex 2.42413 0.713213 -0.511834
      vertex 2.46207 0.506668 -0.511834
      vertex 2.53824 0.731348 -0.511834
    endloop
  endfacet
  facet normal 0 0 1
    outer loop
      vertex 2.42413 0.713213 -0.511834
      vertex 2.35885 0.485132 -0.511834
      vertex 2.46207 0.506668 -0.511834
    endloop
  endfacet
  facet normal -0 0 1
    outer loop
      vertex 2.31103 0.689614 -0.511834
      vertex 2.35885 0.485132 -0.511834
      vertex 2.42413 0.713213 -0.511834
    endloop
  endfacet
  facet normal 0 0 1
    outer loop
      vertex 2.31103 0.689614 -0.511834
      vertex 2.25679 0.458659 -0.511834
      vertex 2.35885 0.485132 -0.511834
    endloop
  endfacet
  facet normal -0 0 1
    outer loop
      vertex 2.1992 0.660606 -0.511834
      vertex 2.25679 0.458659 -0.511834
      vertex 2.31103 0.689614 -0.511834
    endloop
  endfacet
  facet normal 0 0 1
    outer loop
      vertex 2.1992 0.660606 -0.511834
      vertex 2.15612 0.427312 -0.511834
      vertex 2.25679 0.458659 -0.511834
    endloop
  endfacet
  facet normal -0 0 1
    outer loop
      vertex 2.08888 0.626257 -0.511834
      vertex 2.15612 0.427312 -0.511834
      vertex 2.1992 0.660606 -0.511834
    endloop
  endfacet
  facet normal 0 0 1
    outer loop
      vertex 2.08888 0.626257 -0.511834
      vertex 2.05707 0.391161 -0.511834
      vertex 2.15612 0.427312 -0.511834
    endloop
  endfacet
  facet normal -0 0 1
    outer loop
      vertex 1.98035 0.586644 -0.511834
      vertex 2.05707 0.391161 -0.511834
      vertex 2.08888 0.626257 -0.511834
    endloop
  endfacet
  facet normal 0 0 1
    outer loop
      vertex 1.98035 0.586644 -0.511834
      vertex 1.95987 0.35029 -0.511834
      vertex 2.05707 0.391161 -0.511834
    endloop
  endfacet
  facet normal -0 0 1
    outer loop
      vertex 1.87385 0.541861 -0.511834
      vertex 1.95987 0.35029 -0.511834
      vertex 1.98035 0.586644 -0.511834
    endloop
  endfacet
  facet normal 0 0 1
    outer loop
      vertex 1.87385 0.541861 -0.511834
      vertex 1.86475 0.304796 -0.511834
      vertex 1.95987 0.35029 -0.511834
    endloop
  endfacet
  facet normal -0 0 1
    outer loop
      vertex 1.76962 0.492009 -0.511834
      vertex 1.86475 0.304796 -0.511834
      vertex 1.87385 0.541861 -0.511834
    endloop
  endfacet
  facet normal 0 0 1
    outer loop
      vertex 1.86475 0.304796 -0.511834
      vertex 1.76962 0.492009 -0.511834
      vertex 1.77193 0.254782 -0.511834
    endloop
  endfacet
  facet normal -0 0 1
    outer loop
      vertex 1.6679 0.437205 -0.511834
      vertex 1.77193 0.254782 -0.511834
      vertex 1.76962 0.492009 -0.511834
    endloop
  endfacet
  facet normal 0 0 1
    outer loop
      vertex 1.77193 0.254782 -0.511834
      vertex 1.6679 0.437205 -0.511834
      vertex 1.68162 0.200363 -0.511834
    endloop
  endfacet
  facet normal -0 0 1
    outer loop
      vertex 1.56894 0.377576 -0.511834
      vertex 1.68162 0.200363 -0.511834
      vertex 1.6679 0.437205 -0.511834
    endloop
  endfacet
  facet normal 0 0 1
    outer loop
      vertex 1.68162 0.200363 -0.511834
      vertex 1.56894 0.377576 -0.511834
      vertex 1.59403 0.141667 -0.511834
    endloop
  endfacet
  facet normal -0 0 1
    outer loop
      vertex 1.47296 0.313259 -0.511834
      vertex 1.59403 0.141667 -0.511834
      vertex 1.56894 0.377576 -0.511834
    endloop
  endfacet
  facet normal 0 0 1
    outer loop
      vertex 1.59403 0.141667 -0.511834
      vertex 1.47296 0.313259 -0.511834
      vertex 1.50936 0.0788288 -0.511834
    endloop
  endfacet
  facet normal -0 0 1
    outer loop
      vertex 1.38019 0.244403 -0.511834
      vertex 1.50936 0.0788288 -0.511834
      vertex 1.47296 0.313259 -0.511834
    endloop
  endfacet
  facet normal 0 0 1
    outer loop
      vertex 1.50936 0.0788288 -0.511834
      vertex 1.38019 0.244403 -0.511834
      vertex 1.42781 0.0119925 -0.511834
    endloop
  endfacet
  facet normal -0 0 1
    outer loop
      vertex 1.29083 0.171166 -0.511834
      vertex 1.42781 0.0119925 -0.511834
      vertex 1.38019 0.244403 -0.511834
    endloop
  endfacet
  facet normal 0 0 1
    outer loop
      vertex 1.42781 0.0119925 -0.511834
      vertex 1.29083 0.171166 -0.511834
      vertex 1.34956 -0.0586853 -0.511834
    endloop
  endfacet
  facet normal -0 0 1
    outer loop
      vertex 1.20509 0.0937195 -0.511834
      vertex 1.34956 -0.0586853 -0.511834
      vertex 1.29083 0.171166 -0.511834
    endloop
  endfacet
  facet normal 0 0 1
    outer loop
      vertex 1.34956 -0.0586853 -0.511834
      vertex 1.20509 0.0937195 -0.511834
      vertex 1.27481 -0.133042 -0.511834
    endloop
  endfacet
  facet normal -0 0 1
    outer loop
      vertex 1.12318 0.0122414 -0.511834
      vertex 1.27481 -0.133042 -0.511834
      vertex 1.20509 0.0937195 -0.511834
    endloop
  endfacet
  facet normal 0 0 1
    outer loop
      vertex 1.27481 -0.133042 -0.511834
      vertex 1.12318 0.0122414 -0.511834
      vertex 1.20371 -0.210908 -0.511834
    endloop
  endfacet
  facet normal -0 0 1
    outer loop
      vertex 1.04527 -0.0730791 -0.511834
      vertex 1.20371 -0.210908 -0.511834
      vertex 1.12318 0.0122414 -0.511834
    endloop
  endfacet
  facet normal 0 0 1
    outer loop
      vertex 1.20371 -0.210908 -0.511834
      vertex 1.04527 -0.0730791 -0.511834
      vertex 1.13644 -0.292101 -0.511834
    endloop
  endfacet
  facet normal -0 0 1
    outer loop
      vertex 0.97156 -0.162046 -0.511834
      vertex 1.13644 -0.292101 -0.511834
      vertex 1.04527 -0.0730791 -0.511834
    endloop
  endfacet
  facet normal 0 0 1
    outer loop
      vertex 1.13644 -0.292101 -0.511834
      vertex 0.97156 -0.162046 -0.511834
      vertex 1.07315 -0.376432 -0.511834
    endloop
  endfacet
  facet normal -0 0 1
    outer loop
      vertex 0.902208 -0.254455 -0.511834
      vertex 1.07315 -0.376432 -0.511834
      vertex 0.97156 -0.162046 -0.511834
    endloop
  endfacet
  facet normal 0 0 1
    outer loop
      vertex 1.07315 -0.376432 -0.511834
      vertex 0.902208 -0.254455 -0.511834
      vertex 1.01399 -0.46371 -0.511834
    endloop
  endfacet
  facet normal -0 0 1
    outer loop
      vertex 0.837379 -0.350089 -0.511834
      vertex 1.01399 -0.46371 -0.511834
      vertex 0.902208 -0.254455 -0.511834
    endloop
  endfacet
  facet normal 0 0 1
    outer loop
      vertex 1.01399 -0.46371 -0.511834
      vertex 0.837379 -0.350089 -0.511834
      vertex 0.959085 -0.553735 -0.511834
    endloop
  endfacet
  facet normal 0 0 1
    outer loop
      vertex 0.959085 -0.553735 -0.511834
      vertex 0.837379 -0.350089 -0.511834
      vertex 0.777223 -0.44873 -0.511834
    endloop
  endfacet
  facet normal 0.853761 -0.520665 0
    outer loop
      vertex 0.777223 -0.44873 -0.511834
      vertex 0.837379 -0.350089 -0.107304
      vertex 0.777223 -0.44873 0
    endloop
  endfacet
  facet normal 0.853761 -0.520665 0
    outer loop
      vertex 0.837379 -0.350089 -0.107304
      vertex 0.777223 -0.44873 -0.511834
      vertex 0.837379 -0.350089 -0.511834
    endloop
  endfacet
  facet normal -0.849609 0.51815 0.0984119
    outer loop
      vertex 0.812881 -0.349445 1.39619
      vertex 0.59536 -0.343724 -0.511834
      vertex 0.767706 -0.443235 1.5
    endloop
  endfacet
  facet normal -0.849611 0.518147 0.098412
    outer loop
      vertex 0.59536 -0.343724 -0.511834
      vertex 0.818439 -0.337904 1.38341
      vertex 0.660771 -0.236469 -0.511834
    endloop
  endfacet
  facet normal -0.849614 0.518141 0.0984124
    outer loop
      vertex 0.818439 -0.337904 1.38341
      vertex 0.59536 -0.343724 -0.511834
      vertex 0.812881 -0.349445 1.39619
    endloop
  endfacet
  facet normal 0.853755 -0.520675 0
    outer loop
      vertex 0.59536 -0.343724 -0.511834
      vertex 0.660771 -0.236469 1.3744
      vertex 0.59536 -0.343724 1.49999
    endloop
  endfacet
  facet normal 0.853755 -0.520675 0
    outer loop
      vertex 0.660771 -0.236469 1.3744
      vertex 0.59536 -0.343724 -0.511834
      vertex 0.660771 -0.236469 -0.511834
    endloop
  endfacet
  facet normal 0.965864 0.259049 0
    outer loop
      vertex 8.12236 -2.72743 0
      vertex 8.06796 -2.5246 -0.511834
      vertex 8.06796 -2.5246 0.619981
    endloop
  endfacet
  facet normal 0.965866 0.259042 -3.25453e-06
    outer loop
      vertex 8.06796 -2.5246 -0.511834
      vertex 8.12236 -2.72743 0
      vertex 8.12231 -2.72725 -0.511834
    endloop
  endfacet
  facet normal -0.258621 0.965979 0
    outer loop
      vertex 5.38219 -0.973971 1.49995
      vertex 5.17934 -1.02828 0
      vertex 5.17934 -1.02828 1.5
    endloop
  endfacet
  facet normal -0.258621 0.965979 0
    outer loop
      vertex 5.38219 -0.973971 -0.511834
      vertex 5.17934 -1.02828 0
      vertex 5.38219 -0.973971 1.49995
    endloop
  endfacet
  facet normal -0.258621 0.965979 0
    outer loop
      vertex 5.17934 -1.02828 0
      vertex 5.38219 -0.973971 -0.511834
      vertex 5.17934 -1.02828 -0.511834
    endloop
  endfacet
  facet normal 0.242536 -0.970143 0
    outer loop
      vertex 8.06796 -2.5246 0.619981
      vertex 8.068 -2.52459 0.00407206
      vertex 8.068 -2.52459 0.620034
    endloop
  endfacet
  facet normal 0.242536 -0.970143 0
    outer loop
      vertex 8.06796 -2.5246 0.619981
      vertex 8.068 -2.52459 -0.157502
      vertex 8.068 -2.52459 0.00407206
    endloop
  endfacet
  facet normal 0.242536 -0.970143 0
    outer loop
      vertex 8.06796 -2.5246 -0.511834
      vertex 8.068 -2.52459 -0.157502
      vertex 8.06796 -2.5246 0.619981
    endloop
  endfacet
  facet normal 0.242536 -0.970143 0
    outer loop
      vertex 8.068 -2.52459 -0.157502
      vertex 8.06796 -2.5246 -0.511834
      vertex 8.068 -2.52459 -0.511834
    endloop
  endfacet
  facet normal 0 0 1
    outer loop
      vertex 5.38218 -0.973926 -0.511834
      vertex 5.17934 -1.02828 -0.511834
      vertex 5.38219 -0.973971 -0.511834
    endloop
  endfacet
  facet normal 0 0 1
    outer loop
      vertex 8.068 -2.52459 -0.511834
      vertex 8.06796 -2.5246 -0.511834
      vertex 8.12231 -2.72725 -0.511834
    endloop
  endfacet
  facet normal -0.976187 -0.21693 0
    outer loop
      vertex 5.38219 -0.973971 -0.511834
      vertex 5.38218 -0.973926 -0.157502
      vertex 5.38218 -0.973926 -0.511834
    endloop
  endfacet
  facet normal -0.976187 -0.21693 0
    outer loop
      vertex 5.38218 -0.973926 -0.157502
      vertex 5.38219 -0.973971 -0.511834
      vertex 5.38218 -0.973926 0.00407207
    endloop
  endfacet
  facet normal -0.976187 -0.21693 0
    outer loop
      vertex 5.38219 -0.973971 1.49995
      vertex 5.38218 -0.973926 0.620036
      vertex 5.38218 -0.973926 0.00407207
    endloop
  endfacet
  facet normal -0.976187 -0.21693 -0
    outer loop
      vertex 5.38219 -0.973971 1.49995
      vertex 5.38218 -0.973926 0.00407207
      vertex 5.38219 -0.973971 -0.511834
    endloop
  endfacet
  facet normal -0.976187 -0.21693 0
    outer loop
      vertex 5.38218 -0.973926 0.620036
      vertex 5.38219 -0.973971 1.49995
      vertex 5.38218 -0.973926 1.5
    endloop
  endfacet
  facet normal -0.707107 -0.707107 0
    outer loop
      vertex -1.55066 4.85109 -0.511834
      vertex -1.69915 4.99958 1.31668e-06
      vertex -1.69915 4.99958 -0.511834
    endloop
  endfacet
  facet normal -0.707107 -0.707107 0
    outer loop
      vertex -1.69915 4.99958 1.31668e-06
      vertex -1.55066 4.85109 -0.511834
      vertex -1.55066 4.85109 0.620023
    endloop
  endfacet
  facet normal -0.706665 -0.707548 -0
    outer loop
      vertex -1.71493 5.01535 1.5
      vertex -1.71493 5.01535 1.38556
      vertex -1.70692 5.00735 1.5
    endloop
  endfacet
  facet normal -1 2.72477e-05 0
    outer loop
      vertex 5.72205e-06 1.10746 -0.511834
      vertex 2.59856e-11 0.89746 -2.59856e-11
      vertex 5.72205e-06 1.10746 0.62002
    endloop
  endfacet
  facet normal -1 2.72477e-05 -2.46589e-12
    outer loop
      vertex 0 0.897459 -0.511834
      vertex 2.59856e-11 0.89746 -2.59856e-11
      vertex 5.72205e-06 1.10746 -0.511834
    endloop
  endfacet
  facet normal -1 2.59856e-05 0
    outer loop
      vertex 0 0.897459 1.5
      vertex 2.59856e-11 0.89746 -2.59856e-11
      vertex 0 0.897459 -0.511834
    endloop
  endfacet
  facet normal -1 2.59856e-05 0
    outer loop
      vertex 2.59856e-11 0.89746 -2.59856e-11
      vertex 0 0.897459 1.5
      vertex 2.59856e-11 0.89746 1.5
    endloop
  endfacet
  facet normal -1 2.72479e-05 0
    outer loop
      vertex -2.99414e-07 0.88647 1.5
      vertex -5.72205e-06 0.687459 -0.511834
      vertex -5.72205e-06 0.687459 1.49999
    endloop
  endfacet
  facet normal -1 0 0
    outer loop
      vertex -1.55066 4.85108 -0.157501
      vertex -1.55066 4.85109 -0.511834
      vertex -1.55066 4.85108 -0.511834
    endloop
  endfacet
  facet normal -1 0 0
    outer loop
      vertex -1.55066 4.85109 -0.511834
      vertex -1.55066 4.85108 -0.157501
      vertex -1.55066 4.85109 0.620023
    endloop
  endfacet
  facet normal -1 0 0
    outer loop
      vertex -1.55066 4.85108 0.00407203
      vertex -1.55066 4.85109 0.620023
      vertex -1.55066 4.85108 -0.157501
    endloop
  endfacet
  facet normal -1 -0 0
    outer loop
      vertex -1.55066 4.85109 0.620023
      vertex -1.55066 4.85108 0.00407203
      vertex -1.55066 4.85108 0.62003
    endloop
  endfacet
  facet normal 0 0 0
    outer loop
      vertex -1.69915 4.99958 1.33905e-08
      vertex -1.69915 4.99958 1.31668e-06
      vertex -1.69915 4.99958 2.03891e-06
    endloop
  endfacet
  facet normal 0 0 0
    outer loop
      vertex -1.69915 4.99958 -5.17925e-07
      vertex -1.69915 4.99958 1.31668e-06
      vertex -1.69915 4.99958 1.33905e-08
    endloop
  endfacet
  facet normal 0 0 0
    outer loop
      vertex -1.69915 4.99958 1.31668e-06
      vertex -1.69915 4.99958 -5.17925e-07
      vertex -1.69915 4.99958 -0.511834
    endloop
  endfacet
  facet normal 0 0 1
    outer loop
      vertex -1.55066 4.85109 -0.511834
      vertex -1.69915 4.99958 -0.511834
      vertex -1.55066 4.85108 -0.511834
    endloop
  endfacet
  facet normal 0 0 1
    outer loop
      vertex -0.105409 1.10999 -0.511834
      vertex 0 0.897459 -0.511834
      vertex 5.72205e-06 1.10746 -0.511834
    endloop
  endfacet
  facet normal 0 0 1
    outer loop
      vertex -0.105409 1.10999 -0.511834
      vertex -0.115503 0.900237 -0.511834
      vertex 0 0.897459 -0.511834
    endloop
  endfacet
  facet normal 0 0 1
    outer loop
      vertex -0.210575 1.11759 -0.511834
      vertex -0.115503 0.900237 -0.511834
      vertex -0.105409 1.10999 -0.511834
    endloop
  endfacet
  facet normal 0 0 1
    outer loop
      vertex -0.210575 1.11759 -0.511834
      vertex -0.23074 0.908563 -0.511834
      vertex -0.115503 0.900237 -0.511834
    endloop
  endfacet
  facet normal 0 0 1
    outer loop
      vertex -0.315253 1.13024 -0.511834
      vertex -0.23074 0.908563 -0.511834
      vertex -0.210575 1.11759 -0.511834
    endloop
  endfacet
  facet normal 0 0 1
    outer loop
      vertex -0.315253 1.13024 -0.511834
      vertex -0.345443 0.922419 -0.511834
      vertex -0.23074 0.908563 -0.511834
    endloop
  endfacet
  facet normal 0 0 1
    outer loop
      vertex -0.419204 1.1479 -0.511834
      vertex -0.345443 0.922419 -0.511834
      vertex -0.315253 1.13024 -0.511834
    endloop
  endfacet
  facet normal 0 0 1
    outer loop
      vertex -0.419204 1.1479 -0.511834
      vertex -0.459347 0.941772 -0.511834
      vertex -0.345443 0.922419 -0.511834
    endloop
  endfacet
  facet normal 0 0 1
    outer loop
      vertex -0.522184 1.17054 -0.511834
      vertex -0.459347 0.941772 -0.511834
      vertex -0.419204 1.1479 -0.511834
    endloop
  endfacet
  facet normal 0 0 1
    outer loop
      vertex -0.522184 1.17054 -0.511834
      vertex -0.572189 0.966578 -0.511834
      vertex -0.459347 0.941772 -0.511834
    endloop
  endfacet
  facet normal 0 0 1
    outer loop
      vertex -0.623959 1.1981 -0.511834
      vertex -0.572189 0.966578 -0.511834
      vertex -0.522184 1.17054 -0.511834
    endloop
  endfacet
  facet normal 0 0 1
    outer loop
      vertex -0.623959 1.1981 -0.511834
      vertex -0.683709 0.996778 -0.511834
      vertex -0.572189 0.966578 -0.511834
    endloop
  endfacet
  facet normal 0 0 1
    outer loop
      vertex -0.72429 1.23052 -0.511834
      vertex -0.683709 0.996778 -0.511834
      vertex -0.623959 1.1981 -0.511834
    endloop
  endfacet
  facet normal 0 0 1
    outer loop
      vertex -0.72429 1.23052 -0.511834
      vertex -0.793649 1.03231 -0.511834
      vertex -0.683709 0.996778 -0.511834
    endloop
  endfacet
  facet normal 0 0 1
    outer loop
      vertex -0.822947 1.26773 -0.511834
      vertex -0.793649 1.03231 -0.511834
      vertex -0.72429 1.23052 -0.511834
    endloop
  endfacet
  facet normal 0 0 1
    outer loop
      vertex -0.822947 1.26773 -0.511834
      vertex -0.901752 1.07308 -0.511834
      vertex -0.793649 1.03231 -0.511834
    endloop
  endfacet
  facet normal 0 0 1
    outer loop
      vertex -0.919702 1.30963 -0.511834
      vertex -0.901752 1.07308 -0.511834
      vertex -0.822947 1.26773 -0.511834
    endloop
  endfacet
  facet normal 0 0 1
    outer loop
      vertex -0.919702 1.30963 -0.511834
      vertex -1.00777 1.11899 -0.511834
      vertex -0.901752 1.07308 -0.511834
    endloop
  endfacet
  facet normal 0 0 1
    outer loop
      vertex -1.01433 1.35614 -0.511834
      vertex -1.00777 1.11899 -0.511834
      vertex -0.919702 1.30963 -0.511834
    endloop
  endfacet
  facet normal 0 0 1
    outer loop
      vertex -1.11146 1.16996 -0.511834
      vertex -1.01433 1.35614 -0.511834
      vertex -1.10661 1.40715 -0.511834
    endloop
  endfacet
  facet normal 0 0 1
    outer loop
      vertex -1.01433 1.35614 -0.511834
      vertex -1.11146 1.16996 -0.511834
      vertex -1.00777 1.11899 -0.511834
    endloop
  endfacet
  facet normal 0 0 1
    outer loop
      vertex -1.21258 1.22584 -0.511834
      vertex -1.10661 1.40715 -0.511834
      vertex -1.19634 1.46253 -0.511834
    endloop
  endfacet
  facet normal 0 0 1
    outer loop
      vertex -1.10661 1.40715 -0.511834
      vertex -1.21258 1.22584 -0.511834
      vertex -1.11146 1.16996 -0.511834
    endloop
  endfacet
  facet normal 0 0 1
    outer loop
      vertex -1.3109 1.28653 -0.511834
      vertex -1.19634 1.46253 -0.511834
      vertex -1.2833 1.52215 -0.511834
    endloop
  endfacet
  facet normal 0 0 1
    outer loop
      vertex -1.19634 1.46253 -0.511834
      vertex -1.3109 1.28653 -0.511834
      vertex -1.21258 1.22584 -0.511834
    endloop
  endfacet
  facet normal 0 0 1
    outer loop
      vertex -1.40619 1.35187 -0.511834
      vertex -1.2833 1.52215 -0.511834
      vertex -1.36729 1.58589 -0.511834
    endloop
  endfacet
  facet normal 0 0 1
    outer loop
      vertex -1.2833 1.52215 -0.511834
      vertex -1.40619 1.35187 -0.511834
      vertex -1.3109 1.28653 -0.511834
    endloop
  endfacet
  facet normal 0 0 1
    outer loop
      vertex -1.49822 1.42171 -0.511834
      vertex -1.36729 1.58589 -0.511834
      vertex -1.44812 1.6536 -0.511834
    endloop
  endfacet
  facet normal 0 0 1
    outer loop
      vertex -1.36729 1.58589 -0.511834
      vertex -1.49822 1.42171 -0.511834
      vertex -1.40619 1.35187 -0.511834
    endloop
  endfacet
  facet normal 0 0 1
    outer loop
      vertex -1.5868 1.4959 -0.511834
      vertex -1.44812 1.6536 -0.511834
      vertex -1.52561 1.72511 -0.511834
    endloop
  endfacet
  facet normal 0 0 1
    outer loop
      vertex -1.44812 1.6536 -0.511834
      vertex -1.5868 1.4959 -0.511834
      vertex -1.49822 1.42171 -0.511834
    endloop
  endfacet
  facet normal 0 0 1
    outer loop
      vertex -1.6717 1.57426 -0.511834
      vertex -1.52561 1.72511 -0.511834
      vertex -1.59956 1.80026 -0.511834
    endloop
  endfacet
  facet normal 0 0 1
    outer loop
      vertex -1.75274 1.6566 -0.511834
      vertex -1.59956 1.80026 -0.511834
      vertex -1.66982 1.87888 -0.511834
    endloop
  endfacet
  facet normal 0 0 1
    outer loop
      vertex -1.52561 1.72511 -0.511834
      vertex -1.6717 1.57426 -0.511834
      vertex -1.5868 1.4959 -0.511834
    endloop
  endfacet
  facet normal 0 0 1
    outer loop
      vertex -1.82973 1.74275 -0.511834
      vertex -1.66982 1.87888 -0.511834
      vertex -1.73622 1.96079 -0.511834
    endloop
  endfacet
  facet normal 0 0 1
    outer loop
      vertex -1.59956 1.80026 -0.511834
      vertex -1.75274 1.6566 -0.511834
      vertex -1.6717 1.57426 -0.511834
    endloop
  endfacet
  facet normal 0 0 1
    outer loop
      vertex -1.90248 1.8325 -0.511834
      vertex -1.73622 1.96079 -0.511834
      vertex -1.79861 2.04579 -0.511834
    endloop
  endfacet
  facet normal 0 0 1
    outer loop
      vertex -1.66982 1.87888 -0.511834
      vertex -1.82973 1.74275 -0.511834
      vertex -1.75274 1.6566 -0.511834
    endloop
  endfacet
  facet normal 0 0 1
    outer loop
      vertex -1.97084 1.92565 -0.511834
      vertex -1.79861 2.04579 -0.511834
      vertex -1.85684 2.1337 -0.511834
    endloop
  endfacet
  facet normal 0 0 1
    outer loop
      vertex -1.73622 1.96079 -0.511834
      vertex -1.90248 1.8325 -0.511834
      vertex -1.82973 1.74275 -0.511834
    endloop
  endfacet
  facet normal 0 0 1
    outer loop
      vertex -2.03465 2.02197 -0.511834
      vertex -1.85684 2.1337 -0.511834
      vertex -1.91077 2.2243 -0.511834
    endloop
  endfacet
  facet normal 0 0 1
    outer loop
      vertex -2.09375 2.12125 -0.511834
      vertex -1.91077 2.2243 -0.511834
      vertex -1.96029 2.31739 -0.511834
    endloop
  endfacet
  facet normal 0 0 1
    outer loop
      vertex -1.79861 2.04579 -0.511834
      vertex -1.97084 1.92565 -0.511834
      vertex -1.90248 1.8325 -0.511834
    endloop
  endfacet
  facet normal 0 0 1
    outer loop
      vertex -2.14801 2.22325 -0.511834
      vertex -1.96029 2.31739 -0.511834
      vertex -2.00527 2.41275 -0.511834
    endloop
  endfacet
  facet normal 0 0 1
    outer loop
      vertex -1.85684 2.1337 -0.511834
      vertex -2.03465 2.02197 -0.511834
      vertex -1.97084 1.92565 -0.511834
    endloop
  endfacet
  facet normal 0 0 1
    outer loop
      vertex -2.1973 2.32774 -0.511834
      vertex -2.00527 2.41275 -0.511834
      vertex -2.04562 2.51016 -0.511834
    endloop
  endfacet
  facet normal 0 0 1
    outer loop
      vertex -2.24152 2.43449 -0.511834
      vertex -2.04562 2.51016 -0.511834
      vertex -2.08125 2.6094 -0.511834
    endloop
  endfacet
  facet normal 0 0 1
    outer loop
      vertex -1.91077 2.2243 -0.511834
      vertex -2.09375 2.12125 -0.511834
      vertex -2.03465 2.02197 -0.511834
    endloop
  endfacet
  facet normal 0 0 1
    outer loop
      vertex -2.28055 2.54323 -0.511834
      vertex -2.08125 2.6094 -0.511834
      vertex -2.11205 2.71024 -0.511834
    endloop
  endfacet
  facet normal 0 0 1
    outer loop
      vertex -2.31431 2.65372 -0.511834
      vertex -2.11205 2.71024 -0.511834
      vertex -2.13798 2.81244 -0.511834
    endloop
  endfacet
  facet normal 0 0 1
    outer loop
      vertex -1.96029 2.31739 -0.511834
      vertex -2.14801 2.22325 -0.511834
      vertex -2.09375 2.12125 -0.511834
    endloop
  endfacet
  facet normal 0 0 1
    outer loop
      vertex -2.34272 2.76571 -0.511834
      vertex -2.13798 2.81244 -0.511834
      vertex -2.15897 2.91577 -0.511834
    endloop
  endfacet
  facet normal 0 0 1
    outer loop
      vertex -2.36571 2.87894 -0.511834
      vertex -2.15897 2.91577 -0.511834
      vertex -2.17496 3.01999 -0.511834
    endloop
  endfacet
  facet normal 0 0 1
    outer loop
      vertex -2.38324 2.99314 -0.511834
      vertex -2.17496 3.01999 -0.511834
      vertex -2.18475 3.11363 -0.511834
    endloop
  endfacet
  facet normal 0 0 1
    outer loop
      vertex -2.00527 2.41275 -0.511834
      vertex -2.1973 2.32774 -0.511834
      vertex -2.14801 2.22325 -0.511834
    endloop
  endfacet
  facet normal 0 0 1
    outer loop
      vertex -2.04562 2.51016 -0.511834
      vertex -2.24152 2.43449 -0.511834
      vertex -2.1973 2.32774 -0.511834
    endloop
  endfacet
  facet normal 0 0 1
    outer loop
      vertex -2.08125 2.6094 -0.511834
      vertex -2.28055 2.54323 -0.511834
      vertex -2.24152 2.43449 -0.511834
    endloop
  endfacet
  facet normal 0 0 1
    outer loop
      vertex -2.11205 2.71024 -0.511834
      vertex -2.31431 2.65372 -0.511834
      vertex -2.28055 2.54323 -0.511834
    endloop
  endfacet
  facet normal 0 0 1
    outer loop
      vertex -2.13798 2.81244 -0.511834
      vertex -2.34272 2.76571 -0.511834
      vertex -2.31431 2.65372 -0.511834
    endloop
  endfacet
  facet normal 0 0 1
    outer loop
      vertex -2.15897 2.91577 -0.511834
      vertex -2.36571 2.87894 -0.511834
      vertex -2.34272 2.76571 -0.511834
    endloop
  endfacet
  facet normal 0 0 1
    outer loop
      vertex -2.17496 3.01999 -0.511834
      vertex -2.38324 2.99314 -0.511834
      vertex -2.36571 2.87894 -0.511834
    endloop
  endfacet
  facet normal 0 0 1
    outer loop
      vertex -2.18475 3.11363 -0.511834
      vertex -2.39525 3.10805 -0.511834
      vertex -2.38324 2.99314 -0.511834
    endloop
  endfacet
  facet normal 0 -0 1
    outer loop
      vertex -2.39525 3.10805 -0.511834
      vertex -2.18475 3.11363 -0.511834
      vertex -2.39767 3.15117 -0.511834
    endloop
  endfacet
  facet normal 0.998429 0.0560343 -0
    outer loop
      vertex -2.39525 3.10805 -0.511834
      vertex -2.39767 3.15117 -0.511834
      vertex -2.39525 3.10805 -0.388902
    endloop
  endfacet
  facet normal -0.993579 -0.055811 0.098417
    outer loop
      vertex -2.60458 3.09124 -0.511834
      vertex -2.60554 3.17474 -0.474174
      vertex -2.61005 3.18862 -0.511834
    endloop
  endfacet
  facet normal -0.993571 -0.0558403 0.0984822
    outer loop
      vertex -2.60554 3.17474 -0.474174
      vertex -2.60458 3.09124 -0.511834
      vertex -2.59596 3.09193 -0.424477
    endloop
  endfacet
  facet normal 0.99843 0.0560183 -0
    outer loop
      vertex -2.60458 3.09124 -0.511834
      vertex -2.60939 3.17697 -0.478626
      vertex -2.60458 3.09124 -0.431591
    endloop
  endfacet
  facet normal 0.998426 0.0560833 -0.00016836
    outer loop
      vertex -2.60939 3.17697 -0.478626
      vertex -2.60458 3.09124 -0.511834
      vertex -2.61005 3.18862 -0.511834
    endloop
  endfacet
  facet normal -0.994579 -0.103983 -0
    outer loop
      vertex -2.17496 3.01999 -0.247195
      vertex -2.18475 3.11363 -0.511834
      vertex -2.17496 3.01999 -0.511834
    endloop
  endfacet
  facet normal 0.994581 0.103969 -1.75341e-05
    outer loop
      vertex -2.38324 2.99314 -0.511834
      vertex -2.39525 3.10805 -0.388902
      vertex -2.38916 3.04982 -0.224326
    endloop
  endfacet
  facet normal 0.99459 0.103881 -0
    outer loop
      vertex -2.38324 2.99314 -0.511834
      vertex -2.38916 3.04982 -0.224326
      vertex -2.38324 2.99314 -0.190854
    endloop
  endfacet
  facet normal 0.994582 0.10395 0
    outer loop
      vertex -2.39525 3.10805 -0.388902
      vertex -2.38324 2.99314 -0.511834
      vertex -2.39525 3.10805 -0.511834
    endloop
  endfacet
  facet normal -0.989798 -0.10296 0.0984821
    outer loop
      vertex -2.59596 3.09193 -0.424477
      vertex -2.60458 3.09124 -0.511834
      vertex -2.59514 3.08706 -0.421327
    endloop
  endfacet
  facet normal -0.989742 -0.103529 0.09845
    outer loop
      vertex -2.59151 2.96629 -0.511834
      vertex -2.59514 3.08706 -0.421327
      vertex -2.60458 3.09124 -0.511834
    endloop
  endfacet
  facet normal -0.989751 -0.10349 0.0983975
    outer loop
      vertex -2.59514 3.08706 -0.421327
      vertex -2.59151 2.96629 -0.511834
      vertex -2.57511 2.9684 -0.344652
    endloop
  endfacet
  facet normal 0.994574 0.104034 -0
    outer loop
      vertex -2.59151 2.96629 -0.511834
      vertex -2.60458 3.09124 -0.431591
      vertex -2.59151 2.96629 -0.3578
    endloop
  endfacet
  facet normal 0.994574 0.104034 0
    outer loop
      vertex -2.60458 3.09124 -0.431591
      vertex -2.59151 2.96629 -0.511834
      vertex -2.60458 3.09124 -0.511834
    endloop
  endfacet
  facet normal -0.988434 -0.151651 0
    outer loop
      vertex -2.15897 2.91577 -0.511834
      vertex -2.17496 3.01999 -0.247195
      vertex -2.17496 3.01999 -0.511834
    endloop
  endfacet
  facet normal -0.988429 -0.151682 1.26319e-05
    outer loop
      vertex -2.17496 3.01999 -0.247195
      vertex -2.15897 2.91577 -0.511834
      vertex -2.16424 2.95015 -0.0515362
    endloop
  endfacet
  facet normal -0.988455 -0.151517 0
    outer loop
      vertex -2.16424 2.95015 -0.0515362
      vertex -2.15897 2.91577 -0.511834
      vertex -2.15897 2.91577 -0.00146243
    endloop
  endfacet
  facet normal -0.98871 -0.149835 0.00118209
    outer loop
      vertex -2.16424 2.95015 -0.0515362
      vertex -2.15897 2.91577 -0.00146243
      vertex -2.15916 2.91703 -0.000670137
    endloop
  endfacet
  facet normal 0.988423 0.151725 -0
    outer loop
      vertex -2.36571 2.87894 -0.511834
      vertex -2.38324 2.99314 -0.190854
      vertex -2.36571 2.87894 -0.118578
    endloop
  endfacet
  facet normal 0.988423 0.151725 0
    outer loop
      vertex -2.38324 2.99314 -0.190854
      vertex -2.36571 2.87894 -0.511834
      vertex -2.38324 2.99314 -0.511834
    endloop
  endfacet
  facet normal -0.983674 -0.150675 0.0983969
    outer loop
      vertex -2.57511 2.9684 -0.344652
      vertex -2.59151 2.96629 -0.511834
      vertex -2.57305 2.95914 -0.338238
    endloop
  endfacet
  facet normal -0.983643 -0.150885 0.0983849
    outer loop
      vertex -2.57246 2.8421 -0.511834
      vertex -2.57305 2.95914 -0.338238
      vertex -2.59151 2.96629 -0.511834
    endloop
  endfacet
  facet normal -0.983633 -0.150931 0.0984159
    outer loop
      vertex -2.57305 2.95914 -0.338238
      vertex -2.57246 2.8421 -0.511834
      vertex -2.54795 2.84647 -0.260163
    endloop
  endfacet
  facet normal 0.988439 0.151621 -0
    outer loop
      vertex -2.57246 2.8421 -0.511834
      vertex -2.59151 2.96629 -0.3578
      vertex -2.57246 2.8421 -0.279206
    endloop
  endfacet
  facet normal 0.988439 0.151621 0
    outer loop
      vertex -2.59151 2.96629 -0.3578
      vertex -2.57246 2.8421 -0.511834
      vertex -2.59151 2.96629 -0.511834
    endloop
  endfacet
  facet normal -0.979985 -0.19907 -0
    outer loop
      vertex -2.13798 2.81244 -0.071301
      vertex -2.15897 2.91577 -0.511834
      vertex -2.13798 2.81244 -0.511834
    endloop
  endfacet
  facet normal -0.979985 -0.19907 0
    outer loop
      vertex -2.15897 2.91577 -0.511834
      vertex -2.13798 2.81244 -0.071301
      vertex -2.15897 2.91577 -0.00146243
    endloop
  endfacet
  facet normal 0.980004 0.198978 -0
    outer loop
      vertex -2.34272 2.76571 -0.511834
      vertex -2.36571 2.87894 -0.118578
      vertex -2.34272 2.76571 -0.0420511
    endloop
  endfacet
  facet normal 0.980004 0.198978 0
    outer loop
      vertex -2.36571 2.87894 -0.118578
      vertex -2.34272 2.76571 -0.511834
      vertex -2.36571 2.87894 -0.511834
    endloop
  endfacet
  facet normal -0.975117 -0.198647 0.098415
    outer loop
      vertex -2.54795 2.84647 -0.260163
      vertex -2.57246 2.8421 -0.511834
      vertex -2.54411 2.83268 -0.24995
    endloop
  endfacet
  facet normal -0.975225 -0.198102 0.0984463
    outer loop
      vertex -2.54745 2.71898 -0.511834
      vertex -2.54411 2.83268 -0.24995
      vertex -2.57246 2.8421 -0.511834
    endloop
  endfacet
  facet normal -0.975246 -0.198019 0.0984102
    outer loop
      vertex -2.54411 2.83268 -0.24995
      vertex -2.54745 2.71898 -0.511834
      vertex -2.51461 2.72648 -0.171298
    endloop
  endfacet
  facet normal 0.979985 0.199069 -0
    outer loop
      vertex -2.54745 2.71898 -0.511834
      vertex -2.57246 2.8421 -0.279206
      vertex -2.54745 2.71898 -0.195992
    endloop
  endfacet
  facet normal 0.979985 0.199069 0
    outer loop
      vertex -2.57246 2.8421 -0.279206
      vertex -2.54745 2.71898 -0.511834
      vertex -2.57246 2.8421 -0.511834
    endloop
  endfacet
  facet normal -0.969289 -0.245926 -0
    outer loop
      vertex -2.11205 2.71024 -0.144856
      vertex -2.13798 2.81244 -0.511834
      vertex -2.11205 2.71024 -0.511834
    endloop
  endfacet
  facet normal -0.969289 -0.245926 0
    outer loop
      vertex -2.13798 2.81244 -0.511834
      vertex -2.11205 2.71024 -0.144856
      vertex -2.13798 2.81244 -0.071301
    endloop
  endfacet
  facet normal 0.969316 0.245819 -0.000204113
    outer loop
      vertex -2.31431 2.65372 0.00204114
      vertex -2.34272 2.76571 -0.0420511
      vertex -2.32074 2.67909 0.0202942
    endloop
  endfacet
  facet normal 0.969297 0.245894 -0
    outer loop
      vertex -2.31431 2.65372 -0.511834
      vertex -2.34272 2.76571 -0.0420511
      vertex -2.31431 2.65372 0.00204114
    endloop
  endfacet
  facet normal 0.969297 0.245894 0
    outer loop
      vertex -2.34272 2.76571 -0.0420511
      vertex -2.31431 2.65372 -0.511834
      vertex -2.34272 2.76571 -0.511834
    endloop
  endfacet
  facet normal -0.96463 -0.24455 0.0984112
    outer loop
      vertex -2.51461 2.72648 -0.171298
      vertex -2.54745 2.71898 -0.511834
      vertex -2.50846 2.70807 -0.156764
    endloop
  endfacet
  facet normal -0.964594 -0.244693 0.0984029
    outer loop
      vertex -2.51656 2.59721 -0.511834
      vertex -2.50846 2.70807 -0.156764
      vertex -2.54745 2.71898 -0.511834
    endloop
  endfacet
  facet normal -0.96458 -0.244744 0.0984184
    outer loop
      vertex -2.50846 2.70807 -0.156764
      vertex -2.51656 2.59721 -0.511834
      vertex -2.48721 2.6445 -0.106581
    endloop
  endfacet
  facet normal -0.964615 -0.244612 0.0984056
    outer loop
      vertex -2.48721 2.6445 -0.106581
      vertex -2.51656 2.59721 -0.511834
      vertex -2.46945 2.61037 -0.0173285
    endloop
  endfacet
  facet normal 0.969292 0.245911 -9.9221e-06
    outer loop
      vertex -2.51656 2.59721 -0.511834
      vertex -2.54745 2.71898 -0.195992
      vertex -2.53565 2.67247 -0.162515
    endloop
  endfacet
  facet normal 0.969303 0.245868 -0
    outer loop
      vertex -2.51656 2.59721 -0.511834
      vertex -2.53565 2.67247 -0.162515
      vertex -2.51656 2.59721 0.0444991
    endloop
  endfacet
  facet normal 0.969299 0.245887 0
    outer loop
      vertex -2.54745 2.71898 -0.195992
      vertex -2.51656 2.59721 -0.511834
      vertex -2.54745 2.71898 -0.511834
    endloop
  endfacet
  facet normal -0.956384 -0.292113 -0
    outer loop
      vertex -2.08125 2.6094 -0.221957
      vertex -2.11205 2.71024 -0.511834
      vertex -2.08125 2.6094 -0.511834
    endloop
  endfacet
  facet normal -0.956384 -0.292113 0
    outer loop
      vertex -2.11205 2.71024 -0.511834
      vertex -2.08125 2.6094 -0.221957
      vertex -2.11205 2.71024 -0.144856
    endloop
  endfacet
  facet normal 0.956354 0.292212 0
    outer loop
      vertex -2.28055 2.54323 -0.0824433
      vertex -2.31431 2.65372 -0.511834
      vertex -2.31431 2.65372 0.00204114
    endloop
  endfacet
  facet normal 0.956354 0.292212 0
    outer loop
      vertex -2.31431 2.65372 -0.511834
      vertex -2.28055 2.54323 -0.0824433
      vertex -2.28055 2.54323 -0.511834
    endloop
  endfacet
  facet normal -0.951726 -0.290746 0.0984055
    outer loop
      vertex -2.46945 2.61037 -0.0173285
      vertex -2.51656 2.59721 -0.511834
      vertex -2.45366 2.58282 0.0539857
    endloop
  endfacet
  facet normal -0.951716 -0.290782 0.0984033
    outer loop
      vertex -2.47985 2.47706 -0.511834
      vertex -2.45366 2.58282 0.0539857
      vertex -2.51656 2.59721 -0.511834
    endloop
  endfacet
  facet normal -0.95171 -0.290801 0.0984065
    outer loop
      vertex -2.40903 2.50057 0.242555
      vertex -2.45366 2.58282 0.0539857
      vertex -2.47985 2.47706 -0.511834
    endloop
  endfacet
  facet normal -0.95173 -0.290719 0.0984469
    outer loop
      vertex -2.45366 2.58282 0.0539857
      vertex -2.40903 2.50057 0.242555
      vertex -2.41513 2.5156 0.227968
    endloop
  endfacet
  facet normal 0.956357 0.2922 -0
    outer loop
      vertex -2.47985 2.47706 -0.511834
      vertex -2.51656 2.59721 0.0444991
      vertex -2.47985 2.47706 0.371825
    endloop
  endfacet
  facet normal 0.956357 0.2922 0
    outer loop
      vertex -2.51656 2.59721 0.0444991
      vertex -2.47985 2.47706 -0.511834
      vertex -2.51656 2.59721 -0.511834
    endloop
  endfacet
  facet normal -0.941178 -0.33791 -0
    outer loop
      vertex -2.04562 2.51016 -0.302426
      vertex -2.08125 2.6094 -0.511834
      vertex -2.04562 2.51016 -0.511834
    endloop
  endfacet
  facet normal -0.941178 -0.33791 0
    outer loop
      vertex -2.08125 2.6094 -0.511834
      vertex -2.04562 2.51016 -0.302426
      vertex -2.08125 2.6094 -0.221957
    endloop
  endfacet
  facet normal 0.941198 0.337855 0
    outer loop
      vertex -2.27238 2.52047 -0.100901
      vertex -2.28055 2.54323 -0.511834
      vertex -2.28055 2.54323 -0.0824433
    endloop
  endfacet
  facet normal 0.941185 0.337891 -1.6828e-05
    outer loop
      vertex -2.24152 2.43449 -0.511834
      vertex -2.27238 2.52047 -0.100901
      vertex -2.25794 2.48025 -0.0576485
    endloop
  endfacet
  facet normal 0.941238 0.337743 -0
    outer loop
      vertex -2.24152 2.43449 -0.511834
      vertex -2.25794 2.48025 -0.0576485
      vertex -2.24152 2.43449 -0.00843004
    endloop
  endfacet
  facet normal 0.941208 0.337827 -1.74825e-06
    outer loop
      vertex -2.27238 2.52047 -0.100901
      vertex -2.24152 2.43449 -0.511834
      vertex -2.28055 2.54323 -0.511834
    endloop
  endfacet
  facet normal -0.936597 -0.336308 0.098406
    outer loop
      vertex -2.40903 2.50057 0.242555
      vertex -2.47985 2.47706 -0.511834
      vertex -2.39131 2.46124 0.276796
    endloop
  endfacet
  facet normal -0.936648 -0.336163 0.0984146
    outer loop
      vertex -2.43741 2.35881 -0.511834
      vertex -2.39131 2.46124 0.276796
      vertex -2.47985 2.47706 -0.511834
    endloop
  endfacet
  facet normal -0.936622 -0.336231 0.0984219
    outer loop
      vertex -2.39131 2.46124 0.276796
      vertex -2.43741 2.35881 -0.511834
      vertex -2.35884 2.38916 0.339552
    endloop
  endfacet
  facet normal 0.94122 0.337795 -5.5481e-06
    outer loop
      vertex -2.43741 2.35881 0.572553
      vertex -2.47985 2.47706 0.371825
      vertex -2.46357 2.4317 0.494158
    endloop
  endfacet
  facet normal 0.941217 0.337803 0
    outer loop
      vertex -2.47985 2.47706 0.371825
      vertex -2.43741 2.35881 0.572553
      vertex -2.43741 2.35881 -0.511834
    endloop
  endfacet
  facet normal 0.941217 0.337803 0
    outer loop
      vertex -2.47985 2.47706 0.371825
      vertex -2.43741 2.35881 -0.511834
      vertex -2.47985 2.47706 -0.511834
    endloop
  endfacet
  facet normal -0.923875 -0.382695 -0
    outer loop
      vertex -2.00527 2.41275 -0.386078
      vertex -2.04562 2.51016 -0.511834
      vertex -2.00527 2.41275 -0.511834
    endloop
  endfacet
  facet normal -0.923875 -0.382695 0
    outer loop
      vertex -2.04562 2.51016 -0.511834
      vertex -2.00527 2.41275 -0.386078
      vertex -2.04562 2.51016 -0.302426
    endloop
  endfacet
  facet normal 0.923871 0.382703 -0
    outer loop
      vertex -2.1973 2.32774 -0.511834
      vertex -2.24152 2.43449 -0.00843004
      vertex -2.1973 2.32774 0.093155
    endloop
  endfacet
  facet normal 0.923871 0.382703 0
    outer loop
      vertex -2.24152 2.43449 -0.00843004
      vertex -2.1973 2.32774 -0.511834
      vertex -2.24152 2.43449 -0.511834
    endloop
  endfacet
  facet normal -0.919418 -0.380768 0.0984218
    outer loop
      vertex -2.35884 2.38916 0.339552
      vertex -2.43741 2.35881 -0.511834
      vertex -2.33735 2.34586 0.372787
    endloop
  endfacet
  facet normal -0.919388 -0.380841 0.0984174
    outer loop
      vertex -2.38933 2.24274 -0.511834
      vertex -2.33735 2.34586 0.372787
      vertex -2.43741 2.35881 -0.511834
    endloop
  endfacet
  facet normal -0.919408 -0.380795 0.0984132
    outer loop
      vertex -2.33735 2.34586 0.372787
      vertex -2.38933 2.24274 -0.511834
      vertex -2.30475 2.28018 0.423208
    endloop
  endfacet
  facet normal 0.923873 0.382699 -0
    outer loop
      vertex -2.38933 2.24274 -0.511834
      vertex -2.43741 2.35881 0.572553
      vertex -2.38933 2.24274 0.683012
    endloop
  endfacet
  facet normal 0.923873 0.382699 0
    outer loop
      vertex -2.43741 2.35881 0.572553
      vertex -2.38933 2.24274 -0.511834
      vertex -2.43741 2.35881 -0.511834
    endloop
  endfacet
  facet normal -0.90444 -0.426601 0
    outer loop
      vertex -2.00527 2.41275 -0.511834
      vertex -1.97513 2.34885 -0.44413
      vertex -2.00527 2.41275 -0.386078
    endloop
  endfacet
  facet normal -0.904436 -0.42661 -1.00302e-05
    outer loop
      vertex -1.96029 2.31739 -0.511834
      vertex -1.97513 2.34885 -0.44413
      vertex -2.00527 2.41275 -0.511834
    endloop
  endfacet
  facet normal -0.904427 -0.426628 0
    outer loop
      vertex -1.97513 2.34885 -0.44413
      vertex -1.96029 2.31739 -0.511834
      vertex -1.96029 2.31739 -0.418239
    endloop
  endfacet
  facet normal 0.904424 0.426635 -0
    outer loop
      vertex -2.14801 2.22325 -0.511834
      vertex -2.1973 2.32774 0.093155
      vertex -2.14801 2.22325 0.179135
    endloop
  endfacet
  facet normal 0.904424 0.426635 0
    outer loop
      vertex -2.1973 2.32774 0.093155
      vertex -2.14801 2.22325 -0.511834
      vertex -2.1973 2.32774 -0.511834
    endloop
  endfacet
  facet normal -0.900048 -0.424534 0.0984133
    outer loop
      vertex -2.30475 2.28018 0.423208
      vertex -2.38933 2.24274 -0.511834
      vertex -2.27956 2.23387 0.453814
    endloop
  endfacet
  facet normal -0.900038 -0.424554 0.0984121
    outer loop
      vertex -2.33573 2.12911 -0.511834
      vertex -2.27956 2.23387 0.453814
      vertex -2.38933 2.24274 -0.511834
    endloop
  endfacet
  facet normal -0.899993 -0.424649 0.0984197
    outer loop
      vertex -2.27956 2.23387 0.453814
      vertex -2.33573 2.12911 -0.511834
      vertex -2.24682 2.1737 0.493589
    endloop
  endfacet
  facet normal 0.904429 0.426625 -0
    outer loop
      vertex -2.33573 2.12911 -0.511834
      vertex -2.38933 2.24274 0.683012
      vertex -2.33573 2.12911 0.776507
    endloop
  endfacet
  facet normal 0.904429 0.426625 0
    outer loop
      vertex -2.38933 2.24274 0.683012
      vertex -2.33573 2.12911 -0.511834
      vertex -2.38933 2.24274 -0.511834
    endloop
  endfacet
  facet normal -0.882856 -0.469643 0
    outer loop
      vertex -1.91077 2.2243 -0.511834
      vertex -1.96029 2.31739 -0.418239
      vertex -1.96029 2.31739 -0.511834
    endloop
  endfacet
  facet normal -0.882856 -0.469643 0
    outer loop
      vertex -1.96029 2.31739 -0.418239
      vertex -1.91077 2.2243 -0.511834
      vertex -1.91077 2.2243 -0.354194
    endloop
  endfacet
  facet normal 0.882856 0.469645 -0
    outer loop
      vertex -2.09375 2.12125 -0.511834
      vertex -2.14801 2.22325 0.179135
      vertex -2.09375 2.12125 0.249314
    endloop
  endfacet
  facet normal 0.882856 0.469645 0
    outer loop
      vertex -2.14801 2.22325 0.179135
      vertex -2.09375 2.12125 -0.511834
      vertex -2.14801 2.22325 -0.511834
    endloop
  endfacet
  facet normal -0.878605 -0.467298 0.0984198
    outer loop
      vertex -2.24682 2.1737 0.493589
      vertex -2.33573 2.12911 -0.511834
      vertex -2.21809 2.12529 0.520214
    endloop
  endfacet
  facet normal -0.878536 -0.467428 0.0984116
    outer loop
      vertex -2.27672 2.0182 -0.511834
      vertex -2.21809 2.12529 0.520214
      vertex -2.33573 2.12911 -0.511834
    endloop
  endfacet
  facet normal -0.878565 -0.467374 0.0984076
    outer loop
      vertex -2.21809 2.12529 0.520214
      vertex -2.27672 2.0182 -0.511834
      vertex -2.18514 2.06978 0.550748
    endloop
  endfacet
  facet normal 0.882822 0.469708 -0
    outer loop
      vertex -2.27672 2.0182 -0.511834
      vertex -2.33573 2.12911 0.776507
      vertex -2.27672 2.0182 0.85282
    endloop
  endfacet
  facet normal 0.882822 0.469708 0
    outer loop
      vertex -2.33573 2.12911 0.776507
      vertex -2.27672 2.0182 -0.511834
      vertex -2.33573 2.12911 -0.511834
    endloop
  endfacet
  facet normal -0.859287 -0.511494 0
    outer loop
      vertex -1.85684 2.1337 -0.511834
      vertex -1.91077 2.2243 -0.354194
      vertex -1.91077 2.2243 -0.511834
    endloop
  endfacet
  facet normal -0.859283 -0.5115 4.8428e-06
    outer loop
      vertex -1.91077 2.2243 -0.354194
      vertex -1.85684 2.1337 -0.511834
      vertex -1.86625 2.14951 -0.313353
    endloop
  endfacet
  facet normal -0.85931 -0.511455 0
    outer loop
      vertex -1.86625 2.14951 -0.313353
      vertex -1.85684 2.1337 -0.511834
      vertex -1.85684 2.1337 -0.304716
    endloop
  endfacet
  facet normal 0.859275 0.511514 -0
    outer loop
      vertex -2.03465 2.02197 -0.511834
      vertex -2.09375 2.12125 0.249314
      vertex -2.03465 2.02197 0.303527
    endloop
  endfacet
  facet normal 0.859275 0.511514 0
    outer loop
      vertex -2.09375 2.12125 0.249314
      vertex -2.03465 2.02197 -0.511834
      vertex -2.09375 2.12125 -0.511834
    endloop
  endfacet
  facet normal -0.855124 -0.508997 0.0984078
    outer loop
      vertex -2.18514 2.06978 0.550748
      vertex -2.27672 2.0182 -0.511834
      vertex -2.1531 2.02012 0.572305
    endloop
  endfacet
  facet normal -0.855129 -0.50899 0.0984083
    outer loop
      vertex -2.21246 1.91024 -0.511834
      vertex -2.1531 2.02012 0.572305
      vertex -2.27672 2.0182 -0.511834
    endloop
  endfacet
  facet normal -0.855111 -0.509019 0.0984103
    outer loop
      vertex -2.1531 2.02012 0.572305
      vertex -2.21246 1.91024 -0.511834
      vertex -2.11978 1.96848 0.594727
    endloop
  endfacet
  facet normal 0.8593 0.511473 -0
    outer loop
      vertex -2.21246 1.91024 -0.511834
      vertex -2.27672 2.0182 0.85282
      vertex -2.21246 1.91024 0.911772
    endloop
  endfacet
  facet normal 0.8593 0.511473 0
    outer loop
      vertex -2.27672 2.0182 0.85282
      vertex -2.21246 1.91024 -0.511834
      vertex -2.27672 2.0182 -0.511834
    endloop
  endfacet
  facet normal -0.833695 -0.552225 0
    outer loop
      vertex -1.79861 2.04579 -0.511834
      vertex -1.85684 2.1337 -0.304716
      vertex -1.85684 2.1337 -0.511834
    endloop
  endfacet
  facet normal -0.833695 -0.552225 0
    outer loop
      vertex -1.85684 2.1337 -0.304716
      vertex -1.79861 2.04579 -0.511834
      vertex -1.79861 2.04579 -0.269924
    endloop
  endfacet
  facet normal 0.833658 0.552281 -0
    outer loop
      vertex -1.97084 1.92565 -0.511834
      vertex -2.03465 2.02197 0.303527
      vertex -1.97084 1.92565 0.34165
    endloop
  endfacet
  facet normal 0.833658 0.552281 0
    outer loop
      vertex -2.03465 2.02197 0.303527
      vertex -1.97084 1.92565 -0.511834
      vertex -2.03465 2.02197 -0.511834
    endloop
  endfacet
  facet normal -0.829625 -0.54958 0.0984104
    outer loop
      vertex -2.11978 1.96848 0.594727
      vertex -2.21246 1.91024 -0.511834
      vertex -2.08474 1.91839 0.610392
    endloop
  endfacet
  facet normal -0.829641 -0.549556 0.0984121
    outer loop
      vertex -2.14308 1.8055 -0.511834
      vertex -2.08474 1.91839 0.610392
      vertex -2.21246 1.91024 -0.511834
    endloop
  endfacet
  facet normal -0.829636 -0.549563 0.0984126
    outer loop
      vertex -2.08474 1.91839 0.610392
      vertex -2.14308 1.8055 -0.511834
      vertex -2.0508 1.86987 0.625563
    endloop
  endfacet
  facet normal 0.833688 0.552236 1.78636e-05
    outer loop
      vertex -2.14308 1.8055 0.90935
      vertex -2.21246 1.91024 0.911772
      vertex -2.16286 1.83536 0.941409
    endloop
  endfacet
  facet normal 0.833688 0.552236 0
    outer loop
      vertex -2.21246 1.91024 0.911772
      vertex -2.14308 1.8055 0.90935
      vertex -2.21246 1.91024 -0.511834
    endloop
  endfacet
  facet normal 0.833688 0.552236 0
    outer loop
      vertex -2.21246 1.91024 -0.511834
      vertex -2.14308 1.8055 0.90935
      vertex -2.14308 1.8055 -0.511834
    endloop
  endfacet
  facet normal -0.806149 -0.591713 0
    outer loop
      vertex -1.73622 1.96079 -0.511834
      vertex -1.79861 2.04579 -0.269924
      vertex -1.79861 2.04579 -0.511834
    endloop
  endfacet
  facet normal -0.806149 -0.591713 0
    outer loop
      vertex -1.79861 2.04579 -0.269924
      vertex -1.73622 1.96079 -0.511834
      vertex -1.73622 1.96079 -0.249896
    endloop
  endfacet
  facet normal 0.806199 0.591645 -0
    outer loop
      vertex -1.90248 1.8325 -0.511834
      vertex -1.97084 1.92565 0.34165
      vertex -1.90248 1.8325 0.363596
    endloop
  endfacet
  facet normal 0.806199 0.591645 0
    outer loop
      vertex -1.97084 1.92565 0.34165
      vertex -1.90248 1.8325 -0.511834
      vertex -1.97084 1.92565 -0.511834
    endloop
  endfacet
  facet normal -0.802215 -0.588868 0.0984123
    outer loop
      vertex -2.0508 1.86987 0.625563
      vertex -2.14308 1.8055 -0.511834
      vertex -2.01313 1.82009 0.634765
    endloop
  endfacet
  facet normal -0.802271 -0.588791 0.0984176
    outer loop
      vertex -2.06875 1.70422 -0.511834
      vertex -2.01313 1.82009 0.634765
      vertex -2.14308 1.8055 -0.511834
    endloop
  endfacet
  facet normal -0.802316 -0.588731 0.0984137
    outer loop
      vertex -2.01313 1.82009 0.634765
      vertex -2.06875 1.70422 -0.511834
      vertex -1.97828 1.77402 0.643279
    endloop
  endfacet
  facet normal 0.806185 0.591664 0
    outer loop
      vertex -2.06875 1.70422 0.794334
      vertex -2.14308 1.8055 -0.511834
      vertex -2.14308 1.8055 0.90935
    endloop
  endfacet
  facet normal 0.806185 0.591664 0
    outer loop
      vertex -2.14308 1.8055 -0.511834
      vertex -2.06875 1.70422 0.794334
      vertex -2.06875 1.70422 -0.511834
    endloop
  endfacet
  facet normal -0.776818 -0.629725 0
    outer loop
      vertex -1.66982 1.87888 -0.511834
      vertex -1.73622 1.96079 -0.249896
      vertex -1.73622 1.96079 -0.511834
    endloop
  endfacet
  facet normal -0.776818 -0.629725 0
    outer loop
      vertex -1.73622 1.96079 -0.249896
      vertex -1.66982 1.87888 -0.511834
      vertex -1.66982 1.87888 -0.244678
    endloop
  endfacet
  facet normal 0.776842 0.629696 -0
    outer loop
      vertex -1.82973 1.74275 -0.511834
      vertex -1.90248 1.8325 0.363596
      vertex -1.82973 1.74275 0.369314
    endloop
  endfacet
  facet normal 0.776842 0.629696 0
    outer loop
      vertex -1.90248 1.8325 0.363596
      vertex -1.82973 1.74275 -0.511834
      vertex -1.90248 1.8325 -0.511834
    endloop
  endfacet
  facet normal -0.773043 -0.626674 0.0984137
    outer loop
      vertex -1.97828 1.77402 0.643279
      vertex -2.06875 1.70422 -0.511834
      vertex -1.93842 1.72523 0.645698
    endloop
  endfacet
  facet normal -0.773061 -0.626651 0.0984154
    outer loop
      vertex -1.90296 1.68041 0.638852
      vertex -1.93842 1.72523 0.645698
      vertex -2.06875 1.70422 -0.511834
    endloop
  endfacet
  facet normal -0.773073 -0.626648 0.0983382
    outer loop
      vertex -1.93842 1.72523 0.645698
      vertex -1.90296 1.68041 0.638852
      vertex -1.90835 1.68842 0.647522
    endloop
  endfacet
  facet normal -0.773013 -0.626711 0.0984072
    outer loop
      vertex -1.90296 1.68041 0.638852
      vertex -2.06875 1.70422 -0.511834
      vertex -1.98963 1.60663 -0.511834
    endloop
  endfacet
  facet normal 0.776783 0.629768 0
    outer loop
      vertex -1.98963 1.60663 0.677019
      vertex -2.06875 1.70422 -0.511834
      vertex -2.06875 1.70422 0.794334
    endloop
  endfacet
  facet normal 0.776783 0.629768 0
    outer loop
      vertex -2.06875 1.70422 -0.511834
      vertex -1.98963 1.60663 0.677019
      vertex -1.98963 1.60663 -0.511834
    endloop
  endfacet
  facet normal -0.745638 -0.666351 -0
    outer loop
      vertex -1.59956 1.80026 -0.254283
      vertex -1.66982 1.87888 -0.511834
      vertex -1.59956 1.80026 -0.511834
    endloop
  endfacet
  facet normal -0.745638 -0.666351 0
    outer loop
      vertex -1.66982 1.87888 -0.511834
      vertex -1.59956 1.80026 -0.254283
      vertex -1.66982 1.87888 -0.244678
    endloop
  endfacet
  facet normal 0.745635 0.666355 0
    outer loop
      vertex -1.75274 1.6566 0.35879
      vertex -1.82973 1.74275 -0.511834
      vertex -1.82973 1.74275 0.369314
    endloop
  endfacet
  facet normal 0.745635 0.666355 0
    outer loop
      vertex -1.82973 1.74275 -0.511834
      vertex -1.75274 1.6566 0.35879
      vertex -1.75274 1.6566 -0.511834
    endloop
  endfacet
  facet normal -0.742061 -0.66307 0.0984071
    outer loop
      vertex -1.90296 1.68041 0.638852
      vertex -1.98963 1.60663 -0.511834
      vertex -1.86735 1.63242 0.584019
    endloop
  endfacet
  facet normal -0.741977 -0.663165 0.0984
    outer loop
      vertex -1.98963 1.60663 -0.511834
      vertex -1.8309 1.58331 0.527891
      vertex -1.86735 1.63242 0.584019
    endloop
  endfacet
  facet normal -0.742052 -0.663079 0.0984135
    outer loop
      vertex -1.8309 1.58331 0.527891
      vertex -1.98963 1.60663 -0.511834
      vertex -1.90592 1.51295 -0.511834
    endloop
  endfacet
  facet normal 0.745672 0.666313 0
    outer loop
      vertex -1.90592 1.51295 0.557681
      vertex -1.98963 1.60663 -0.511834
      vertex -1.98963 1.60663 0.677019
    endloop
  endfacet
  facet normal 0.745672 0.666313 0
    outer loop
      vertex -1.98963 1.60663 -0.511834
      vertex -1.90592 1.51295 0.557681
      vertex -1.90592 1.51295 -0.511834
    endloop
  endfacet
  facet normal -0.712775 -0.701393 -0
    outer loop
      vertex -1.52561 1.72511 -0.278689
      vertex -1.59956 1.80026 -0.511834
      vertex -1.52561 1.72511 -0.511834
    endloop
  endfacet
  facet normal -0.712775 -0.701393 0
    outer loop
      vertex -1.59956 1.80026 -0.511834
      vertex -1.52561 1.72511 -0.278689
      vertex -1.59956 1.80026 -0.254283
    endloop
  endfacet
  facet normal 0.712711 0.701458 0
    outer loop
      vertex -1.6717 1.57426 0.332047
      vertex -1.75274 1.6566 -0.511834
      vertex -1.75274 1.6566 0.35879
    endloop
  endfacet
  facet normal 0.712711 0.701458 0
    outer loop
      vertex -1.75274 1.6566 -0.511834
      vertex -1.6717 1.57426 0.332047
      vertex -1.6717 1.57426 -0.511834
    endloop
  endfacet
  facet normal -0.709254 -0.69805 0.0984135
    outer loop
      vertex -1.8309 1.58331 0.527891
      vertex -1.90592 1.51295 -0.511834
      vertex -1.79677 1.54152 0.477444
    endloop
  endfacet
  facet normal -0.709341 -0.697961 0.0984206
    outer loop
      vertex -1.90592 1.51295 -0.511834
      vertex -1.75406 1.48921 0.414303
      vertex -1.79677 1.54152 0.477444
    endloop
  endfacet
  facet normal -0.709276 -0.698029 0.0984081
    outer loop
      vertex -1.75406 1.48921 0.414303
      vertex -1.90592 1.51295 -0.511834
      vertex -1.81779 1.4234 -0.511834
    endloop
  endfacet
  facet normal 0.712735 0.701433 0
    outer loop
      vertex -1.81779 1.4234 0.436593
      vertex -1.90592 1.51295 -0.511834
      vertex -1.90592 1.51295 0.557681
    endloop
  endfacet
  facet normal 0.712735 0.701433 0
    outer loop
      vertex -1.90592 1.51295 -0.511834
      vertex -1.81779 1.4234 0.436593
      vertex -1.81779 1.4234 -0.511834
    endloop
  endfacet
  facet normal -0.678182 -0.734894 0
    outer loop
      vertex -1.52561 1.72511 -0.511834
      vertex -1.44812 1.6536 -0.317838
      vertex -1.52561 1.72511 -0.278689
    endloop
  endfacet
  facet normal -0.678182 -0.734894 -0
    outer loop
      vertex -1.44812 1.6536 -0.317838
      vertex -1.52561 1.72511 -0.511834
      vertex -1.44812 1.6536 -0.511834
    endloop
  endfacet
  facet normal 0.678189 0.734887 -0.000126849
    outer loop
      vertex -1.5868 1.4959 0.27279
      vertex -1.6717 1.57426 0.332047
      vertex -1.60669 1.51426 0.299201
    endloop
  endfacet
  facet normal 0.678237 0.734843 0
    outer loop
      vertex -1.6717 1.57426 -0.511834
      vertex -1.5868 1.4959 0.27279
      vertex -1.5868 1.4959 -0.511834
    endloop
  endfacet
  facet normal 0.678237 0.734843 0
    outer loop
      vertex -1.5868 1.4959 0.27279
      vertex -1.6717 1.57426 -0.511834
      vertex -1.6717 1.57426 0.332047
    endloop
  endfacet
  facet normal -0.674917 -0.731302 0.0984082
    outer loop
      vertex -1.75406 1.48921 0.414303
      vertex -1.81779 1.4234 -0.511834
      vertex -1.72199 1.45347 0.368655
    endloop
  endfacet
  facet normal -0.674875 -0.731341 0.0984049
    outer loop
      vertex -1.81779 1.4234 -0.511834
      vertex -1.67255 1.39838 0.298295
      vertex -1.72199 1.45347 0.368655
    endloop
  endfacet
  facet normal -0.674909 -0.731309 0.0984119
    outer loop
      vertex -1.67255 1.39838 0.298295
      vertex -1.81779 1.4234 -0.511834
      vertex -1.72547 1.3382 -0.511834
    endloop
  endfacet
  facet normal 0.678201 0.734877 0
    outer loop
      vertex -1.81779 1.4234 -0.511834
      vertex -1.72547 1.3382 0.314034
      vertex -1.72547 1.3382 -0.511834
    endloop
  endfacet
  facet normal 0.678201 0.734877 0
    outer loop
      vertex -1.72547 1.3382 0.314034
      vertex -1.81779 1.4234 -0.511834
      vertex -1.81779 1.4234 0.436593
    endloop
  endfacet
  facet normal -0.642167 -0.766565 -0
    outer loop
      vertex -1.44812 1.6536 -0.317838
      vertex -1.44812 1.6536 -0.511834
      vertex -1.36949 1.58773 -0.370178
    endloop
  endfacet
  facet normal -0.641555 -0.767077 0
    outer loop
      vertex -1.36949 1.58773 -0.370178
      vertex -1.36729 1.58589 -0.511834
      vertex -1.36729 1.58589 -0.362926
    endloop
  endfacet
  facet normal -0.642151 -0.766579 -1.57198e-05
    outer loop
      vertex -1.36729 1.58589 -0.511834
      vertex -1.36949 1.58773 -0.370178
      vertex -1.44812 1.6536 -0.511834
    endloop
  endfacet
  facet normal 0.642089 0.76663 0
    outer loop
      vertex -1.5868 1.4959 -0.511834
      vertex -1.49822 1.42171 0.15899
      vertex -1.49822 1.42171 -0.511834
    endloop
  endfacet
  facet normal 0.642089 0.76663 0
    outer loop
      vertex -1.49822 1.42171 0.15899
      vertex -1.5868 1.4959 -0.511834
      vertex -1.5868 1.4959 0.27279
    endloop
  endfacet
  facet normal -0.639068 -0.762828 0.0984121
    outer loop
      vertex -1.67255 1.39838 0.298295
      vertex -1.72547 1.3382 -0.511834
      vertex -1.64308 1.36847 0.257824
    endloop
  endfacet
  facet normal -0.638958 -0.762921 0.098404
    outer loop
      vertex -1.72547 1.3382 -0.511834
      vertex -1.58648 1.31104 0.180088
      vertex -1.64308 1.36847 0.257824
    endloop
  endfacet
  facet normal -0.638999 -0.762886 0.0984136
    outer loop
      vertex -1.58648 1.31104 0.180088
      vertex -1.72547 1.3382 -0.511834
      vertex -1.62916 1.25753 -0.511834
    endloop
  endfacet
  facet normal 0.642116 0.766607 0
    outer loop
      vertex -1.72547 1.3382 -0.511834
      vertex -1.62916 1.25753 0.190289
      vertex -1.62916 1.25753 -0.511834
    endloop
  endfacet
  facet normal 0.642116 0.766607 0
    outer loop
      vertex -1.62916 1.25753 0.190289
      vertex -1.72547 1.3382 -0.511834
      vertex -1.72547 1.3382 0.314034
    endloop
  endfacet
  facet normal -0.604528 -0.796584 0
    outer loop
      vertex -1.2833 1.52215 -0.511834
      vertex -1.36729 1.58589 -0.362926
      vertex -1.36729 1.58589 -0.511834
    endloop
  endfacet
  facet normal -0.604528 -0.796584 0
    outer loop
      vertex -1.36729 1.58589 -0.362926
      vertex -1.2833 1.52215 -0.511834
      vertex -1.2833 1.52215 -0.103806
    endloop
  endfacet
  facet normal 0.604519 0.796591 0
    outer loop
      vertex -1.49822 1.42171 -0.511834
      vertex -1.40619 1.35187 0.0443631
      vertex -1.40619 1.35187 -0.511834
    endloop
  endfacet
  facet normal 0.604519 0.796591 0
    outer loop
      vertex -1.40619 1.35187 0.0443631
      vertex -1.49822 1.42171 -0.511834
      vertex -1.49822 1.42171 0.15899
    endloop
  endfacet
  facet normal -0.601698 -0.792637 0.0984136
    outer loop
      vertex -1.58648 1.31104 0.180088
      vertex -1.62916 1.25753 -0.511834
      vertex -1.56016 1.28672 0.145131
    endloop
  endfacet
  facet normal -0.60156 -0.792743 0.0984038
    outer loop
      vertex -1.62916 1.25753 -0.511834
      vertex -1.49598 1.22744 0.0599136
      vertex -1.56016 1.28672 0.145131
    endloop
  endfacet
  facet normal -0.60159 -0.79272 0.0984119
    outer loop
      vertex -1.49598 1.22744 0.0599136
      vertex -1.62916 1.25753 -0.511834
      vertex -1.52908 1.18158 -0.511834
    endloop
  endfacet
  facet normal 0.604524 0.796587 0
    outer loop
      vertex -1.62916 1.25753 -0.511834
      vertex -1.52908 1.18158 0.0656453
      vertex -1.52908 1.18158 -0.511834
    endloop
  endfacet
  facet normal 0.604524 0.796587 0
    outer loop
      vertex -1.52908 1.18158 0.0656453
      vertex -1.62916 1.25753 -0.511834
      vertex -1.62916 1.25753 0.190289
    endloop
  endfacet
  facet normal -0.565466 -0.824772 0
    outer loop
      vertex -1.19634 1.46253 -0.511834
      vertex -1.2833 1.52215 -0.103806
      vertex -1.2833 1.52215 -0.511834
    endloop
  endfacet
  facet normal -0.565466 -0.824772 0
    outer loop
      vertex -1.2833 1.52215 -0.103806
      vertex -1.19634 1.46253 -0.511834
      vertex -1.19634 1.46253 0.146984
    endloop
  endfacet
  facet normal 0.565518 0.824736 0
    outer loop
      vertex -1.40619 1.35187 -0.511834
      vertex -1.3109 1.28653 -0.0708268
      vertex -1.3109 1.28653 -0.511834
    endloop
  endfacet
  facet normal 0.565518 0.824736 0
    outer loop
      vertex -1.3109 1.28653 -0.0708268
      vertex -1.40619 1.35187 -0.511834
      vertex -1.40619 1.35187 0.0443631
    endloop
  endfacet
  facet normal -0.562774 -0.820731 0.0984116
    outer loop
      vertex -1.49598 1.22744 0.0599136
      vertex -1.52908 1.18158 -0.511834
      vertex -1.47331 1.2084 0.0307643
    endloop
  endfacet
  facet normal -0.562813 -0.820705 0.0984142
    outer loop
      vertex -1.52908 1.18158 -0.511834
      vertex -1.40119 1.14782 -0.0619888
      vertex -1.47331 1.2084 0.0307643
    endloop
  endfacet
  facet normal -0.562764 -0.82074 0.0983976
    outer loop
      vertex -1.40119 1.14782 -0.0619888
      vertex -1.52908 1.18158 -0.511834
      vertex -1.42546 1.11053 -0.511834
    endloop
  endfacet
  facet normal 0.565508 0.824743 0
    outer loop
      vertex -1.52908 1.18158 -0.511834
      vertex -1.42546 1.11053 -0.0596125
      vertex -1.42546 1.11053 -0.511834
    endloop
  endfacet
  facet normal 0.565508 0.824743 0
    outer loop
      vertex -1.42546 1.11053 -0.0596125
      vertex -1.52908 1.18158 -0.511834
      vertex -1.52908 1.18158 0.0656453
    endloop
  endfacet
  facet normal -0.525208 -0.850974 0
    outer loop
      vertex -1.10661 1.40715 -0.511834
      vertex -1.19634 1.46253 0.146984
      vertex -1.19634 1.46253 -0.511834
    endloop
  endfacet
  facet normal -0.525208 -0.850974 0
    outer loop
      vertex -1.19634 1.46253 0.146984
      vertex -1.10661 1.40715 -0.511834
      vertex -1.10661 1.40715 0.388867
    endloop
  endfacet
  facet normal 0.525406 0.850852 0
    outer loop
      vertex -1.21258 1.22584 -0.167905
      vertex -1.21258 1.22584 -0.511834
      vertex -1.22092 1.23099 -0.176525
    endloop
  endfacet
  facet normal 0.525261 0.850941 -4.99194e-06
    outer loop
      vertex -1.3109 1.28653 -0.511834
      vertex -1.22092 1.23099 -0.176525
      vertex -1.21258 1.22584 -0.511834
    endloop
  endfacet
  facet normal 0.525247 0.85095 0
    outer loop
      vertex -1.22092 1.23099 -0.176525
      vertex -1.3109 1.28653 -0.511834
      vertex -1.3109 1.28653 -0.0708268
    endloop
  endfacet
  facet normal -0.522549 -0.846912 0.0983975
    outer loop
      vertex -1.40119 1.14782 -0.0619888
      vertex -1.42546 1.11053 -0.511834
      vertex -1.38267 1.13371 -0.0850821
    endloop
  endfacet
  facet normal -0.522732 -0.846798 0.0984096
    outer loop
      vertex -1.38267 1.13371 -0.0850821
      vertex -1.42546 1.11053 -0.511834
      vertex -1.34608 1.10582 -0.130712
    endloop
  endfacet
  facet normal -0.522698 -0.84682 0.0984022
    outer loop
      vertex -1.31855 1.04454 -0.511834
      vertex -1.34608 1.10582 -0.130712
      vertex -1.42546 1.11053 -0.511834
    endloop
  endfacet
  facet normal -0.522678 -0.846832 0.0984055
    outer loop
      vertex -1.34608 1.10582 -0.130712
      vertex -1.31855 1.04454 -0.511834
      vertex -1.29724 1.08101 -0.0848029
    endloop
  endfacet
  facet normal 0.525255 0.850945 0
    outer loop
      vertex -1.31855 1.04454 -0.0638776
      vertex -1.31855 1.04454 -0.511834
      vertex -1.37347 1.07844 -0.120688
    endloop
  endfacet
  facet normal 0.525247 0.85095 -1.59131e-06
    outer loop
      vertex -1.42546 1.11053 -0.511834
      vertex -1.37347 1.07844 -0.120688
      vertex -1.31855 1.04454 -0.511834
    endloop
  endfacet
  facet normal 0.525238 0.850955 0
    outer loop
      vertex -1.37347 1.07844 -0.120688
      vertex -1.42546 1.11053 -0.511834
      vertex -1.42546 1.11053 -0.0596125
    endloop
  endfacet
  facet normal -0.484105 -0.875009 -0.000796872
    outer loop
      vertex -1.10661 1.40715 0.388867
      vertex -1.01433 1.35614 0.339939
      vertex -1.10364 1.4055 0.396363
    endloop
  endfacet
  facet normal -0.483782 -0.875189 0
    outer loop
      vertex -1.10661 1.40715 -0.511834
      vertex -1.01433 1.35614 0.339939
      vertex -1.10661 1.40715 0.388867
    endloop
  endfacet
  facet normal -0.483782 -0.875189 -0
    outer loop
      vertex -1.01433 1.35614 0.339939
      vertex -1.10661 1.40715 -0.511834
      vertex -1.01433 1.35614 -0.511834
    endloop
  endfacet
  facet normal 0.483733 0.875216 -0.000120032
    outer loop
      vertex -1.11146 1.16996 -0.101481
      vertex -1.21258 1.22584 -0.167905
      vertex -1.13154 1.18106 -0.0885971
    endloop
  endfacet
  facet normal 0.483672 0.875249 -0
    outer loop
      vertex -1.11146 1.16996 -0.511834
      vertex -1.21258 1.22584 -0.167905
      vertex -1.11146 1.16996 -0.101481
    endloop
  endfacet
  facet normal 0.483672 0.875249 0
    outer loop
      vertex -1.21258 1.22584 -0.167905
      vertex -1.11146 1.16996 -0.511834
      vertex -1.21258 1.22584 -0.511834
    endloop
  endfacet
  facet normal -0.481371 -0.870975 0.0984062
    outer loop
      vertex -1.29724 1.08101 -0.0848029
      vertex -1.31855 1.04454 -0.511834
      vertex -1.27496 1.07094 -0.0649441
    endloop
  endfacet
  facet normal -0.481382 -0.870969 0.0984068
    outer loop
      vertex -1.2086 0.983771 -0.511834
      vertex -1.27496 1.07094 -0.0649441
      vertex -1.31855 1.04454 -0.511834
    endloop
  endfacet
  facet normal -0.481355 -0.870983 0.0984136
    outer loop
      vertex -1.27496 1.07094 -0.0649441
      vertex -1.2086 0.983771 -0.511834
      vertex -1.18446 1.03004 0.0157299
    endloop
  endfacet
  facet normal 0.48373 0.875217 -0
    outer loop
      vertex -1.2086 0.983771 -0.511834
      vertex -1.31855 1.04454 -0.0638776
      vertex -1.2086 0.983771 0.0437306
    endloop
  endfacet
  facet normal 0.48373 0.875217 0
    outer loop
      vertex -1.31855 1.04454 -0.0638776
      vertex -1.2086 0.983771 -0.511834
      vertex -1.31855 1.04454 -0.511834
    endloop
  endfacet
  facet normal -0.441103 -0.897456 0
    outer loop
      vertex -1.01433 1.35614 -0.511834
      vertex -0.919702 1.30963 0.297249
      vertex -1.01433 1.35614 0.339939
    endloop
  endfacet
  facet normal -0.441103 -0.897456 -0
    outer loop
      vertex -0.919702 1.30963 0.297249
      vertex -1.01433 1.35614 -0.511834
      vertex -0.919702 1.30963 -0.511834
    endloop
  endfacet
  facet normal 0.441145 0.897436 0
    outer loop
      vertex -1.11146 1.16996 -0.511834
      vertex -1.00777 1.11899 -0.182214
      vertex -1.00777 1.11899 -0.511834
    endloop
  endfacet
  facet normal 0.441145 0.897436 0
    outer loop
      vertex -1.00777 1.11899 -0.182214
      vertex -1.11146 1.16996 -0.511834
      vertex -1.11146 1.16996 -0.101481
    endloop
  endfacet
  facet normal -0.438983 -0.89309 0.0984135
    outer loop
      vertex -1.18446 1.03004 0.0157299
      vertex -1.2086 0.983771 -0.511834
      vertex -1.15645 1.01888 0.0393956
    endloop
  endfacet
  facet normal -0.438924 -0.893119 0.0984098
    outer loop
      vertex -1.09584 0.928355 -0.511834
      vertex -1.15645 1.01888 0.0393956
      vertex -1.2086 0.983771 -0.511834
    endloop
  endfacet
  facet normal -0.438918 -0.893122 0.098411
    outer loop
      vertex -1.15645 1.01888 0.0393956
      vertex -1.09584 0.928355 -0.511834
      vertex -1.06994 0.98442 0.112495
    endloop
  endfacet
  facet normal 0.441065 0.897475 -0
    outer loop
      vertex -1.09584 0.928355 -0.511834
      vertex -1.2086 0.983771 0.0437306
      vertex -1.09584 0.928355 0.148098
    endloop
  endfacet
  facet normal 0.441065 0.897475 0
    outer loop
      vertex -1.2086 0.983771 0.0437306
      vertex -1.09584 0.928355 -0.511834
      vertex -1.2086 0.983771 -0.511834
    endloop
  endfacet
  facet normal -0.397391 -0.91765 0
    outer loop
      vertex -0.919702 1.30963 -0.511834
      vertex -0.822947 1.26773 0.270275
      vertex -0.919702 1.30963 0.297249
    endloop
  endfacet
  facet normal -0.397391 -0.91765 -0
    outer loop
      vertex -0.822947 1.26773 0.270275
      vertex -0.919702 1.30963 -0.511834
      vertex -0.822947 1.26773 -0.511834
    endloop
  endfacet
  facet normal 0.397381 0.917654 0
    outer loop
      vertex -1.00777 1.11899 -0.511834
      vertex -0.901752 1.07308 -0.278621
      vertex -0.901752 1.07308 -0.511834
    endloop
  endfacet
  facet normal 0.397381 0.917654 0
    outer loop
      vertex -0.901752 1.07308 -0.278621
      vertex -1.00777 1.11899 -0.511834
      vertex -1.00777 1.11899 -0.182214
    endloop
  endfacet
  facet normal -0.395528 -0.913166 0.098411
    outer loop
      vertex -1.06994 0.98442 0.112495
      vertex -1.09584 0.928355 -0.511834
      vertex -1.0363 0.972751 0.139421
    endloop
  endfacet
  facet normal -0.395509 -0.913169 0.0984613
    outer loop
      vertex -1.0363 0.972751 0.139421
      vertex -0.956766 0.937193 0.129122
      vertex -1.00501 0.961899 0.164464
    endloop
  endfacet
  facet normal -0.395517 -0.913171 0.0984103
    outer loop
      vertex -1.09584 0.928355 -0.511834
      vertex -0.956766 0.937193 0.129122
      vertex -1.0363 0.972751 0.139421
    endloop
  endfacet
  facet normal -0.395523 -0.913168 0.0984117
    outer loop
      vertex -0.956766 0.937193 0.129122
      vertex -1.09584 0.928355 -0.511834
      vertex -0.980559 0.878423 -0.511834
    endloop
  endfacet
  facet normal 0.397459 0.91762 0
    outer loop
      vertex -0.980559 0.878423 0.519441
      vertex -1.02451 0.89746 0.21052
      vertex -1.02451 0.89746 0.475487
    endloop
  endfacet
  facet normal 0.397459 0.91762 -0
    outer loop
      vertex -0.980559 0.878423 -0.511834
      vertex -1.02451 0.89746 0.21052
      vertex -0.980559 0.878423 0.519441
    endloop
  endfacet
  facet normal 0.397449 0.917624 -7.28178e-07
    outer loop
      vertex -0.980559 0.878423 -0.511834
      vertex -1.09584 0.928355 0.148098
      vertex -1.02451 0.89746 0.21052
    endloop
  endfacet
  facet normal 0.397453 0.917623 0
    outer loop
      vertex -1.09584 0.928355 0.148098
      vertex -0.980559 0.878423 -0.511834
      vertex -1.09584 0.928355 -0.511834
    endloop
  endfacet
  facet normal -0.352899 -0.935661 0
    outer loop
      vertex -0.822947 1.26773 -0.511834
      vertex -0.72429 1.23052 0.259078
      vertex -0.822947 1.26773 0.270275
    endloop
  endfacet
  facet normal -0.352899 -0.935661 -0
    outer loop
      vertex -0.72429 1.23052 0.259078
      vertex -0.822947 1.26773 -0.511834
      vertex -0.72429 1.23052 -0.511834
    endloop
  endfacet
  facet normal 0.352879 0.935669 0
    outer loop
      vertex -0.901752 1.07308 -0.511834
      vertex -0.793649 1.03231 -0.390479
      vertex -0.793649 1.03231 -0.511834
    endloop
  endfacet
  facet normal 0.352879 0.935669 0
    outer loop
      vertex -0.793649 1.03231 -0.390479
      vertex -0.901752 1.07308 -0.511834
      vertex -0.901752 1.07308 -0.278621
    endloop
  endfacet
  facet normal -0.351157 -0.93113 0.0984118
    outer loop
      vertex -0.956766 0.937193 0.129122
      vertex -0.980559 0.878423 -0.511834
      vertex -0.926366 0.92304 0.103687
    endloop
  endfacet
  facet normal -0.351162 -0.931128 0.0984121
    outer loop
      vertex -0.926366 0.92304 0.103687
      vertex -0.980559 0.878423 -0.511834
      vertex -0.871422 0.89746 0.0577171
    endloop
  endfacet
  facet normal -0.351164 -0.931128 0.0984124
    outer loop
      vertex -0.863008 0.83409 -0.511834
      vertex -0.871422 0.89746 0.0577171
      vertex -0.980559 0.878423 -0.511834
    endloop
  endfacet
  facet normal -0.35116 -0.931129 0.0984126
    outer loop
      vertex -0.871422 0.89746 0.0577171
      vertex -0.863008 0.83409 -0.511834
      vertex -0.840833 0.89746 0.166866
    endloop
  endfacet
  facet normal 0.352877 0.93567 -0
    outer loop
      vertex -0.863008 0.83409 -0.511834
      vertex -0.980559 0.878423 0.519441
      vertex -0.863008 0.83409 0.636992
    endloop
  endfacet
  facet normal 0.352877 0.93567 0
    outer loop
      vertex -0.980559 0.878423 0.519441
      vertex -0.863008 0.83409 -0.511834
      vertex -0.980559 0.878423 -0.511834
    endloop
  endfacet
  facet normal -0.307477 -0.951556 0
    outer loop
      vertex -0.623959 1.1981 -0.511834
      vertex -0.72429 1.23052 0.259078
      vertex -0.72429 1.23052 -0.511834
    endloop
  endfacet
  facet normal -0.307477 -0.951556 0
    outer loop
      vertex -0.72429 1.23052 0.259078
      vertex -0.623959 1.1981 -0.511834
      vertex -0.623959 1.1981 0.263683
    endloop
  endfacet
  facet normal 0.307487 0.951552 0
    outer loop
      vertex -0.683709 0.996778 -0.39047
      vertex -0.683709 0.996778 -0.511834
      vertex -0.789458 1.03095 -0.395322
    endloop
  endfacet
  facet normal 0.30866 0.951172 0
    outer loop
      vertex -0.789458 1.03095 -0.395322
      vertex -0.793649 1.03231 -0.511834
      vertex -0.793649 1.03231 -0.390479
    endloop
  endfacet
  facet normal 0.307532 0.951538 4.48522e-05
    outer loop
      vertex -0.793649 1.03231 -0.511834
      vertex -0.789458 1.03095 -0.395322
      vertex -0.683709 0.996778 -0.511834
    endloop
  endfacet
  facet normal -0.306009 -0.946928 0.0984126
    outer loop
      vertex -0.840833 0.89746 0.166866
      vertex -0.863008 0.83409 -0.511834
      vertex -0.793168 0.89746 0.315078
    endloop
  endfacet
  facet normal -0.305994 -0.946933 0.0984117
    outer loop
      vertex -0.74346 0.795459 -0.511834
      vertex -0.793168 0.89746 0.315078
      vertex -0.863008 0.83409 -0.511834
    endloop
  endfacet
  facet normal -0.305996 -0.946933 0.0984115
    outer loop
      vertex -0.793168 0.89746 0.315078
      vertex -0.74346 0.795459 -0.511834
      vertex -0.713186 0.89746 0.56377
    endloop
  endfacet
  facet normal 0.307487 0.951552 -0
    outer loop
      vertex -0.74346 0.795459 -0.511834
      vertex -0.863008 0.83409 0.636992
      vertex -0.74346 0.795459 0.75654
    endloop
  endfacet
  facet normal 0.307487 0.951552 0
    outer loop
      vertex -0.863008 0.83409 0.636992
      vertex -0.74346 0.795459 -0.511834
      vertex -0.863008 0.83409 -0.511834
    endloop
  endfacet
  facet normal -0.26138 -0.965236 0
    outer loop
      vertex -0.522184 1.17054 -0.511834
      vertex -0.623959 1.1981 0.263683
      vertex -0.623959 1.1981 -0.511834
    endloop
  endfacet
  facet normal -0.26138 -0.965236 0
    outer loop
      vertex -0.623959 1.1981 0.263683
      vertex -0.522184 1.17054 -0.511834
      vertex -0.522184 1.17054 0.28408
    endloop
  endfacet
  facet normal 0.261389 0.965234 -0
    outer loop
      vertex -0.572189 0.966578 -0.511834
      vertex -0.683709 0.996778 -0.39047
      vertex -0.572189 0.966578 -0.368119
    endloop
  endfacet
  facet normal 0.261389 0.965234 0
    outer loop
      vertex -0.683709 0.996778 -0.39047
      vertex -0.572189 0.966578 -0.511834
      vertex -0.683709 0.996778 -0.511834
    endloop
  endfacet
  facet normal -0.260128 -0.960546 0.0984115
    outer loop
      vertex -0.713186 0.89746 0.56377
      vertex -0.74346 0.795459 -0.511834
      vertex -0.641368 0.89746 0.753604
    endloop
  endfacet
  facet normal -0.260133 -0.960545 0.0984118
    outer loop
      vertex -0.622194 0.762618 -0.511834
      vertex -0.641368 0.89746 0.753604
      vertex -0.74346 0.795459 -0.511834
    endloop
  endfacet
  facet normal -0.260133 -0.960545 0.0984118
    outer loop
      vertex -0.641368 0.89746 0.753604
      vertex -0.622194 0.762618 -0.511834
      vertex -0.589135 0.89746 0.891672
    endloop
  endfacet
  facet normal 0.261402 0.96523 -0
    outer loop
      vertex -0.622194 0.762618 -0.511834
      vertex -0.74346 0.795459 0.75654
      vertex -0.622194 0.762618 0.877806
    endloop
  endfacet
  facet normal 0.261402 0.96523 0
    outer loop
      vertex -0.74346 0.795459 0.75654
      vertex -0.622194 0.762618 -0.511834
      vertex -0.74346 0.795459 -0.511834
    endloop
  endfacet
  facet normal -0.214721 -0.976676 0
    outer loop
      vertex -0.419204 1.1479 -0.511834
      vertex -0.522184 1.17054 0.28408
      vertex -0.522184 1.17054 -0.511834
    endloop
  endfacet
  facet normal -0.214721 -0.976676 0
    outer loop
      vertex -0.522184 1.17054 0.28408
      vertex -0.419204 1.1479 -0.511834
      vertex -0.419204 1.1479 0.320223
    endloop
  endfacet
  facet normal 0.214703 0.976679 -0
    outer loop
      vertex -0.459347 0.941772 -0.511834
      vertex -0.572189 0.966578 -0.368119
      vertex -0.459347 0.941772 -0.328516
    endloop
  endfacet
  facet normal 0.214703 0.976679 0
    outer loop
      vertex -0.572189 0.966578 -0.368119
      vertex -0.459347 0.941772 -0.511834
      vertex -0.572189 0.966578 -0.511834
    endloop
  endfacet
  facet normal -0.213667 -0.971937 0.0984146
    outer loop
      vertex -0.589135 0.89746 0.891672
      vertex -0.50674 0.889633 0.99326
      vertex -0.572746 0.89746 0.927254
    endloop
  endfacet
  facet normal -0.213664 -0.971938 0.0984118
    outer loop
      vertex -0.50674 0.889633 0.99326
      vertex -0.589135 0.89746 0.891672
      vertex -0.622194 0.762618 -0.511834
    endloop
  endfacet
  facet normal -0.213663 -0.971938 0.0984117
    outer loop
      vertex -0.499491 0.735644 -0.511834
      vertex -0.50674 0.889633 0.99326
      vertex -0.622194 0.762618 -0.511834
    endloop
  endfacet
  facet normal -0.213662 -0.971938 0.0984118
    outer loop
      vertex -0.50674 0.889633 0.99326
      vertex -0.499491 0.735644 -0.511834
      vertex -0.470341 0.885317 1.02966
    endloop
  endfacet
  facet normal 0.214705 0.976679 -0
    outer loop
      vertex -0.499491 0.735644 -0.511834
      vertex -0.622194 0.762618 0.877806
      vertex -0.499491 0.735644 1.00051
    endloop
  endfacet
  facet normal 0.214705 0.976679 0
    outer loop
      vertex -0.622194 0.762618 0.877806
      vertex -0.499491 0.735644 -0.511834
      vertex -0.622194 0.762618 -0.511834
    endloop
  endfacet
  facet normal -0.167488 -0.985874 0
    outer loop
      vertex -0.315253 1.13024 -0.511834
      vertex -0.419204 1.1479 0.320223
      vertex -0.419204 1.1479 -0.511834
    endloop
  endfacet
  facet normal -0.167488 -0.985874 0
    outer loop
      vertex -0.419204 1.1479 0.320223
      vertex -0.315253 1.13024 -0.511834
      vertex -0.315253 1.13024 0.372026
    endloop
  endfacet
  facet normal 0.167506 0.985871 -0
    outer loop
      vertex -0.345443 0.922419 -0.511834
      vertex -0.459347 0.941772 -0.328516
      vertex -0.345443 0.922419 -0.271752
    endloop
  endfacet
  facet normal 0.167506 0.985871 0
    outer loop
      vertex -0.459347 0.941772 -0.328516
      vertex -0.345443 0.922419 -0.511834
      vertex -0.459347 0.941772 -0.511834
    endloop
  endfacet
  facet normal -0.166687 -0.981086 0.0984117
    outer loop
      vertex -0.470341 0.885317 1.02966
      vertex -0.499491 0.735644 -0.511834
      vertex -0.381162 0.879111 1.11884
    endloop
  endfacet
  facet normal -0.166688 -0.981086 0.0984118
    outer loop
      vertex -0.375631 0.7146 -0.511834
      vertex -0.381162 0.879111 1.11884
      vertex -0.499491 0.735644 -0.511834
    endloop
  endfacet
  facet normal -0.166691 -0.981086 0.0984117
    outer loop
      vertex -0.381162 0.879111 1.11884
      vertex -0.375631 0.7146 -0.511834
      vertex -0.352028 0.877083 1.14797
    endloop
  endfacet
  facet normal 0.167501 0.985872 -0
    outer loop
      vertex -0.375631 0.7146 -0.511834
      vertex -0.499491 0.735644 1.00051
      vertex -0.375631 0.7146 1.12437
    endloop
  endfacet
  facet normal 0.167501 0.985872 0
    outer loop
      vertex -0.499491 0.735644 1.00051
      vertex -0.375631 0.7146 -0.511834
      vertex -0.499491 0.735644 -0.511834
    endloop
  endfacet
  facet normal -0.119974 -0.992777 0
    outer loop
      vertex -0.210575 1.11759 -0.511834
      vertex -0.315253 1.13024 0.372026
      vertex -0.315253 1.13024 -0.511834
    endloop
  endfacet
  facet normal -0.119974 -0.992777 0
    outer loop
      vertex -0.315253 1.13024 0.372026
      vertex -0.210575 1.11759 -0.511834
      vertex -0.210575 1.11759 0.43937
    endloop
  endfacet
  facet normal 0.119927 0.992783 -0
    outer loop
      vertex -0.23074 0.908563 -0.511834
      vertex -0.345443 0.922419 -0.271752
      vertex -0.23074 0.908563 -0.197959
    endloop
  endfacet
  facet normal 0.119927 0.992783 0
    outer loop
      vertex -0.345443 0.922419 -0.271752
      vertex -0.23074 0.908563 -0.511834
      vertex -0.345443 0.922419 -0.511834
    endloop
  endfacet
  facet normal -0.119341 -0.987964 0.0984117
    outer loop
      vertex -0.352028 0.877083 1.14797
      vertex -0.375631 0.7146 -0.511834
      vertex -0.255778 0.875044 1.24422
    endloop
  endfacet
  facet normal -0.119346 -0.987963 0.098412
    outer loop
      vertex -0.250904 0.699533 -0.511834
      vertex -0.255778 0.875044 1.24422
      vertex -0.375631 0.7146 -0.511834
    endloop
  endfacet
  facet normal -0.119343 -0.987964 0.098412
    outer loop
      vertex -0.255778 0.875044 1.24422
      vertex -0.250904 0.699533 -0.511834
      vertex -0.234018 0.874583 1.26598
    endloop
  endfacet
  facet normal 0.119928 0.992783 -0
    outer loop
      vertex -0.250904 0.699533 -0.511834
      vertex -0.375631 0.7146 1.12437
      vertex -0.250904 0.699533 1.2491
    endloop
  endfacet
  facet normal 0.119928 0.992783 0
    outer loop
      vertex -0.375631 0.7146 1.12437
      vertex -0.250904 0.699533 -0.511834
      vertex -0.375631 0.7146 -0.511834
    endloop
  endfacet
  facet normal -0.0720787 -0.997399 0
    outer loop
      vertex -0.105409 1.10999 -0.511834
      vertex -0.210575 1.11759 0.43937
      vertex -0.210575 1.11759 -0.511834
    endloop
  endfacet
  facet normal -0.0720787 -0.997399 0
    outer loop
      vertex -0.210575 1.11759 0.43937
      vertex -0.105409 1.10999 -0.511834
      vertex -0.105409 1.10999 0.522101
    endloop
  endfacet
  facet normal 0.0720633 0.9974 -0
    outer loop
      vertex -0.115503 0.900237 -0.511834
      vertex -0.23074 0.908563 -0.197959
      vertex -0.115503 0.900237 -0.107304
    endloop
  endfacet
  facet normal 0.0720633 0.9974 0
    outer loop
      vertex -0.23074 0.908563 -0.197959
      vertex -0.115503 0.900237 -0.511834
      vertex -0.23074 0.908563 -0.511834
    endloop
  endfacet
  facet normal -0.0717122 -0.992559 0.098412
    outer loop
      vertex -0.234018 0.874583 1.26598
      vertex -0.250904 0.699533 -0.511834
      vertex -0.13094 0.877356 1.36906
    endloop
  endfacet
  facet normal -0.0717168 -0.992558 0.0984123
    outer loop
      vertex -0.125597 0.690479 -0.511834
      vertex -0.13094 0.877356 1.36906
      vertex -0.250904 0.699533 -0.511834
    endloop
  endfacet
  facet normal -0.0716937 -0.99256 0.0984125
    outer loop
      vertex -0.13094 0.877356 1.36906
      vertex -0.125597 0.690479 -0.511834
      vertex -0.116586 0.877742 1.38341
    endloop
  endfacet
  facet normal 0.0720667 0.9974 -0
    outer loop
      vertex -0.125597 0.690479 -0.511834
      vertex -0.250904 0.699533 1.2491
      vertex -0.125597 0.690479 1.3744
    endloop
  endfacet
  facet normal 0.0720667 0.9974 0
    outer loop
      vertex -0.250904 0.699533 1.2491
      vertex -0.125597 0.690479 -0.511834
      vertex -0.250904 0.699533 -0.511834
    endloop
  endfacet
  facet normal -0.0127245 -0.999845 -0.0121351
    outer loop
      vertex -0.105409 1.10999 0.522101
      vertex 5.72205e-06 1.10746 0.62002
      vertex 0 1.10746 0.620026
    endloop
  endfacet
  facet normal -0.0239935 -0.999712 0
    outer loop
      vertex 5.72205e-06 1.10746 -0.511834
      vertex -0.105409 1.10999 0.522101
      vertex -0.105409 1.10999 -0.511834
    endloop
  endfacet
  facet normal -0.0239935 -0.999712 0
    outer loop
      vertex -0.105409 1.10999 0.522101
      vertex 5.72205e-06 1.10746 -0.511834
      vertex 5.72205e-06 1.10746 0.62002
    endloop
  endfacet
  facet normal 0.025212 0.999682 0
    outer loop
      vertex 0 0.897459 1.5
      vertex -3.9651e-05 0.89746 -3.9651e-05
      vertex -3.9651e-05 0.89746 1.49996
    endloop
  endfacet
  facet normal 0.025212 0.999682 -0
    outer loop
      vertex 0 0.897459 -0.511834
      vertex -3.9651e-05 0.89746 -3.9651e-05
      vertex 0 0.897459 1.5
    endloop
  endfacet
  facet normal 0.0240441 0.999711 -9.05445e-08
    outer loop
      vertex 0 0.897459 -0.511834
      vertex -0.115503 0.900237 -0.107304
      vertex -3.9651e-05 0.89746 -3.9651e-05
    endloop
  endfacet
  facet normal 0.0240444 0.999711 0
    outer loop
      vertex -0.115503 0.900237 -0.107304
      vertex 0 0.897459 -0.511834
      vertex -0.115503 0.900237 -0.511834
    endloop
  endfacet
  facet normal -0.0239286 -0.994858 0.0984116
    outer loop
      vertex -2.99414e-07 0.88647 1.5
      vertex -0.103812 0.878698 1.39619
      vertex -5.72205e-06 0.687459 -0.511834
    endloop
  endfacet
  facet normal -0.0239226 -0.994858 0.0984125
    outer loop
      vertex -5.72205e-06 0.687459 -0.511834
      vertex -0.116586 0.877742 1.38341
      vertex -0.125597 0.690479 -0.511834
    endloop
  endfacet
  facet normal -0.0239993 -0.994857 0.0984076
    outer loop
      vertex -0.116586 0.877742 1.38341
      vertex -5.72205e-06 0.687459 -0.511834
      vertex -0.103812 0.878698 1.39619
    endloop
  endfacet
  facet normal 0.0240393 0.999711 -0
    outer loop
      vertex -5.72205e-06 0.687459 -0.511834
      vertex -0.125597 0.690479 1.3744
      vertex -5.72205e-06 0.687459 1.49999
    endloop
  endfacet
  facet normal 0.0240393 0.999711 0
    outer loop
      vertex -0.125597 0.690479 1.3744
      vertex -5.72205e-06 0.687459 -0.511834
      vertex -0.125597 0.690479 -0.511834
    endloop
  endfacet
  facet normal 0 0 1
    outer loop
      vertex 2.18218 -1.27854 -0.511834
      vertex 2.19779 -1.26889 -0.511834
      vertex 2.20143 -1.2482 -0.511834
    endloop
  endfacet
  facet normal 0 0 1
    outer loop
      vertex 2.19779 -1.26889 -0.511834
      vertex 2.18218 -1.27854 -0.511834
      vertex 2.1795 -1.28424 -0.511834
    endloop
  endfacet
  facet normal -0 0 1
    outer loop
      vertex 3.5949 -1.45283 -0.511834
      vertex 3.60551 -1.45835 -0.511834
      vertex 3.60301 -1.45065 -0.511834
    endloop
  endfacet
  facet normal 0 0 1
    outer loop
      vertex 3.60551 -1.45835 -0.511834
      vertex 3.5949 -1.45283 -0.511834
      vertex 3.60804 -1.47158 -0.511834
    endloop
  endfacet
  facet normal 0.904963 -0.425491 0
    outer loop
      vertex 2.18218 -1.27854 -0.504112
      vertex 2.1795 -1.28424 -0.511834
      vertex 2.18218 -1.27854 -0.511834
    endloop
  endfacet
  facet normal 0.844331 -0.535822 -0.000446795
    outer loop
      vertex 2.18218 -1.27854 -0.504112
      vertex 2.20143 -1.2482 -0.511834
      vertex 2.19085 -1.26489 -0.489816
    endloop
  endfacet
  facet normal 0.844383 -0.53574 0
    outer loop
      vertex 2.20143 -1.2482 -0.511834
      vertex 2.18218 -1.27854 -0.504112
      vertex 2.18218 -1.27854 -0.511834
    endloop
  endfacet
  facet normal -0.951125 -0.308807 -0
    outer loop
      vertex 3.60551 -1.45835 -0.495686
      vertex 3.60301 -1.45065 -0.511834
      vertex 3.60551 -1.45835 -0.511834
    endloop
  endfacet
  facet normal -0.951125 -0.308807 0
    outer loop
      vertex 3.60301 -1.45065 -0.511834
      vertex 3.60551 -1.45835 -0.495686
      vertex 3.60301 -1.45065 -0.48877
    endloop
  endfacet
  facet normal -0.982202 -0.187828 -0
    outer loop
      vertex 3.60551 -1.45835 -0.495686
      vertex 3.60551 -1.45835 -0.511834
      vertex 3.60804 -1.47158 -0.511834
    endloop
  endfacet
  facet normal 0.248617 0.968602 -0
    outer loop
      vertex -3.05755 -2.39399 -0.511834
      vertex -3.07777 -2.3888 -0.511834
      vertex -3.05755 -2.39399 -0.491557
    endloop
  endfacet
  facet normal 0 0 1
    outer loop
      vertex -2.18218 -1.27854 -0.511834
      vertex -2.19779 -1.26889 -0.511834
      vertex -2.1795 -1.28424 -0.511834
    endloop
  endfacet
  facet normal -0 -0 1
    outer loop
      vertex -2.19779 -1.26889 -0.511834
      vertex -2.18218 -1.27854 -0.511834
      vertex -2.20143 -1.2482 -0.511834
    endloop
  endfacet
  facet normal 0 0 1
    outer loop
      vertex -3.05564 -2.38687 -0.511834
      vertex -3.07777 -2.3888 -0.511834
      vertex -3.05755 -2.39399 -0.511834
    endloop
  endfacet
  facet normal -0.844383 -0.53574 -0
    outer loop
      vertex -2.18218 -1.27854 -0.504112
      vertex -2.20143 -1.2482 -0.511834
      vertex -2.18218 -1.27854 -0.511834
    endloop
  endfacet
  facet normal -0.844331 -0.535822 -0.000446795
    outer loop
      vertex -2.20143 -1.2482 -0.511834
      vertex -2.18218 -1.27854 -0.504112
      vertex -2.19085 -1.26489 -0.489816
    endloop
  endfacet
  facet normal -0.904963 -0.425491 -0
    outer loop
      vertex -2.18218 -1.27854 -0.504112
      vertex -2.18218 -1.27854 -0.511834
      vertex -2.1795 -1.28424 -0.511834
    endloop
  endfacet
  facet normal 0 1 0
    outer loop
      vertex 0.0201632 2.53045 -0.511834
      vertex -0.0201632 2.53045 -0.511834
      vertex 0 2.53045 -0.491671
    endloop
  endfacet
  facet normal 0 0 1
    outer loop
      vertex -0.53049 3.85852 -0.511834
      vertex -0.544725 3.84515 -0.511834
      vertex -0.539268 3.83969 -0.511834
    endloop
  endfacet
  facet normal 0 0 1
    outer loop
      vertex 0 2.53779 -0.511834
      vertex -0.0201632 2.53045 -0.511834
      vertex 0.0201632 2.53045 -0.511834
    endloop
  endfacet
  facet normal 0.684614 -0.728906 0
    outer loop
      vertex -0.53049 3.85852 -0.511834
      vertex -0.544725 3.84515 -0.49063
      vertex -0.544725 3.84515 -0.511834
    endloop
  endfacet
  facet normal -0.844328 0.535827 0
    outer loop
      vertex 10.2826 -7.47075 -0.511834
      vertex 10.9951 -6.34803 -0.147042
      vertex 10.9951 -6.34803 -0.511834
    endloop
  endfacet
  facet normal -0.844328 0.535827 0
    outer loop
      vertex 10.2826 -7.47075 0.171443
      vertex 10.9951 -6.34803 -0.147042
      vertex 10.2826 -7.47075 -0.511834
    endloop
  endfacet
  facet normal -0.844328 0.535827 0
    outer loop
      vertex 10.9951 -6.34803 0.00380164
      vertex 10.2826 -7.47075 0.171443
      vertex 10.9951 -6.34803 0.578858
    endloop
  endfacet
  facet normal -0.844328 0.535827 0
    outer loop
      vertex 10.9951 -6.34803 -0.147042
      vertex 10.2826 -7.47075 0.171443
      vertex 10.9951 -6.34803 0.00380164
    endloop
  endfacet
  facet normal -0.844328 0.535827 0
    outer loop
      vertex 10.9951 -6.34803 0.578858
      vertex 10.2826 -7.47075 0.171443
      vertex 10.9951 -6.34803 1.5
    endloop
  endfacet
  facet normal 0.844359 -0.535779 0
    outer loop
      vertex 10.4754 -6.77581 -0.511834
      vertex 10.8134 -6.24314 0.000265927
      vertex 10.8134 -6.24314 0.0404915
    endloop
  endfacet
  facet normal 0.844359 -0.535779 0
    outer loop
      vertex 10.8134 -6.24314 0.000265927
      vertex 10.4754 -6.77581 -0.511834
      vertex 10.8134 -6.24314 -0.0102857
    endloop
  endfacet
  facet normal 0.844359 -0.535779 0
    outer loop
      vertex 10.8134 -6.24314 -0.0102857
      vertex 10.4754 -6.77581 -0.511834
      vertex 10.8134 -6.24314 -0.511834
    endloop
  endfacet
  facet normal -0.840262 0.533218 0.0981759
    outer loop
      vertex 10.6759 -6.16371 0.00334637
      vertex 10.5466 -6.4054 0.209381
      vertex 10.7094 -6.18307 0.395213
    endloop
  endfacet
  facet normal -0.840156 0.533345 0.0983911
    outer loop
      vertex 10.6636 -6.15663 -0.140061
      vertex 10.5466 -6.4054 0.209381
      vertex 10.6759 -6.16371 0.00334637
    endloop
  endfacet
  facet normal -0.840717 0.532593 0.0976679
    outer loop
      vertex 10.5466 -6.4054 0.209381
      vertex 10.6636 -6.15663 -0.140061
      vertex 10.6617 -6.15552 -0.162469
    endloop
  endfacet
  facet normal -0.840235 0.533246 0.098255
    outer loop
      vertex 9.94565 -7.22594 -0.476479
      vertex 10.6617 -6.15552 -0.162469
      vertex 10.6318 -6.13826 -0.511834
    endloop
  endfacet
  facet normal -0.840228 0.533244 0.0983263
    outer loop
      vertex 9.94565 -7.22594 -0.476479
      vertex 10.6318 -6.13826 -0.511834
      vertex 9.94282 -7.22388 -0.511834
    endloop
  endfacet
  facet normal -0.840235 0.533246 0.0982558
    outer loop
      vertex 10.6617 -6.15552 -0.162469
      vertex 9.94565 -7.22594 -0.476479
      vertex 10.5466 -6.4054 0.209381
    endloop
  endfacet
  facet normal 0.844319 -0.53584 0
    outer loop
      vertex 9.94282 -7.22388 -0.465844
      vertex 10.6318 -6.13826 0.00433347
      vertex 10.6318 -6.13826 0.659838
    endloop
  endfacet
  facet normal 0.844319 -0.53584 0
    outer loop
      vertex 10.6318 -6.13826 0.00433347
      vertex 9.94282 -7.22388 -0.465844
      vertex 10.6318 -6.13826 -0.167612
    endloop
  endfacet
  facet normal 0.844319 -0.53584 0
    outer loop
      vertex 10.6318 -6.13826 -0.167612
      vertex 9.94282 -7.22388 -0.465844
      vertex 10.6318 -6.13826 -0.511834
    endloop
  endfacet
  facet normal 0.844319 -0.53584 0
    outer loop
      vertex 10.6318 -6.13826 -0.511834
      vertex 9.94282 -7.22388 -0.465844
      vertex 9.94282 -7.22388 -0.511834
    endloop
  endfacet
  facet normal -0.770515 0.637422 0
    outer loop
      vertex 10.2826 -7.47075 -0.511834
      vertex 9.84088 -8.0047 -0.511834
      vertex 10.2826 -7.47075 0.171443
    endloop
  endfacet
  facet normal -0.766679 0.634455 0.0983363
    outer loop
      vertex 9.94282 -7.22388 -0.511834
      vertex 9.93202 -7.24121 -0.484225
      vertex 9.94565 -7.22594 -0.476479
    endloop
  endfacet
  facet normal -0.766787 0.634343 0.0982238
    outer loop
      vertex 9.94282 -7.22388 -0.511834
      vertex 9.88343 -7.29567 -0.511834
      vertex 9.93202 -7.24121 -0.484225
    endloop
  endfacet
  facet normal 0.770512 -0.637425 0
    outer loop
      vertex 9.94282 -7.22388 -0.465844
      vertex 9.88343 -7.29567 -0.511834
      vertex 9.94282 -7.22388 -0.511834
    endloop
  endfacet
  facet normal 0.844245 0.535957 -0
    outer loop
      vertex -10.9951 -6.34803 0.578858
      vertex -11.1379 -6.12309 1.23382
      vertex -10.9951 -6.34803 1.5
    endloop
  endfacet
  facet normal 0.844245 0.535957 0
    outer loop
      vertex -11.1379 -6.12309 1.23382
      vertex -10.9951 -6.34803 0.578858
      vertex -11.1379 -6.12309 -0.511834
    endloop
  endfacet
  facet normal 0.844245 0.535957 -0
    outer loop
      vertex -10.9951 -6.34803 0.00380164
      vertex -11.1379 -6.12309 -0.511834
      vertex -10.9951 -6.34803 0.578858
    endloop
  endfacet
  facet normal 0.844245 0.535957 -0
    outer loop
      vertex -10.9951 -6.34803 -0.147042
      vertex -11.1379 -6.12309 -0.511834
      vertex -10.9951 -6.34803 0.00380164
    endloop
  endfacet
  facet normal 0.844245 0.535957 0
    outer loop
      vertex -11.1379 -6.12309 -0.511834
      vertex -10.9951 -6.34803 -0.147042
      vertex -10.9951 -6.34803 -0.511834
    endloop
  endfacet
  facet normal -0.844311 -0.535853 0
    outer loop
      vertex -10.8134 -6.24314 -0.511834
      vertex -10.9538 -6.02192 -0.253684
      vertex -10.9538 -6.02192 -0.511834
    endloop
  endfacet
  facet normal -0.8444 -0.535713 -0.000167565
    outer loop
      vertex -10.9538 -6.02192 -0.253684
      vertex -10.8134 -6.24314 -0.511834
      vertex -10.8483 -6.18828 -0.0324583
    endloop
  endfacet
  facet normal -0.843737 -0.536756 -0
    outer loop
      vertex -10.8134 -6.24314 -0.0102857
      vertex -10.8483 -6.18828 -0.0324583
      vertex -10.8134 -6.24314 -0.511834
    endloop
  endfacet
  facet normal -0.843737 -0.536756 -0
    outer loop
      vertex -10.8134 -6.24314 0.000265927
      vertex -10.8483 -6.18828 -0.0324583
      vertex -10.8134 -6.24314 -0.0102857
    endloop
  endfacet
  facet normal -0.843737 -0.536756 0
    outer loop
      vertex -10.8483 -6.18828 -0.0324583
      vertex -10.8134 -6.24314 0.000265927
      vertex -10.8134 -6.24314 0.0404915
    endloop
  endfacet
  facet normal 0.840293 0.533157 0.0982374
    outer loop
      vertex -10.6636 -6.15663 -0.140061
      vertex -10.7698 -5.92075 -0.511834
      vertex -10.8289 -5.95325 0.170075
    endloop
  endfacet
  facet normal 0.840308 0.533137 0.09822
    outer loop
      vertex -10.7698 -5.92075 -0.511834
      vertex -10.6636 -6.15663 -0.140061
      vertex -10.6318 -6.13826 -0.511834
    endloop
  endfacet
  facet normal 0.84038 0.532991 0.0983928
    outer loop
      vertex -10.8289 -5.95325 0.170075
      vertex -10.6759 -6.16371 0.00334638
      vertex -10.6636 -6.15663 -0.140061
    endloop
  endfacet
  facet normal 0.840323 0.533121 0.0981764
    outer loop
      vertex -10.6759 -6.16371 0.00334638
      vertex -10.8289 -5.95325 0.170075
      vertex -10.7094 -6.18307 0.395213
    endloop
  endfacet
  facet normal -0.844391 -0.535727 -0
    outer loop
      vertex -10.6318 -6.13826 -0.167612
      vertex -10.7698 -5.92075 -0.511834
      vertex -10.6318 -6.13826 -0.511834
    endloop
  endfacet
  facet normal -0.844391 -0.535727 -0
    outer loop
      vertex -10.6318 -6.13826 0.00433347
      vertex -10.7698 -5.92075 -0.511834
      vertex -10.6318 -6.13826 -0.167612
    endloop
  endfacet
  facet normal -0.844391 -0.535727 0
    outer loop
      vertex -10.7698 -5.92075 -0.511834
      vertex -10.6318 -6.13826 0.00433347
      vertex -10.7698 -5.92075 0.370605
    endloop
  endfacet
  facet normal -0.844391 -0.535727 0
    outer loop
      vertex -10.7698 -5.92075 0.370605
      vertex -10.6318 -6.13826 0.00433347
      vertex -10.6318 -6.13826 0.659838
    endloop
  endfacet
  facet normal 0.904828 0.425778 -0
    outer loop
      vertex -11.1379 -6.12309 -0.511834
      vertex -11.8175 -4.67886 -0.356715
      vertex -11.1379 -6.12309 1.23382
    endloop
  endfacet
  facet normal 0.904828 0.425778 0
    outer loop
      vertex -11.8175 -4.67886 -0.356715
      vertex -11.1379 -6.12309 -0.511834
      vertex -11.8175 -4.67886 -0.511834
    endloop
  endfacet
  facet normal -0.904788 -0.425861 -0
    outer loop
      vertex -10.9538 -6.02192 -0.253684
      vertex -11.1005 -5.71024 -0.511834
      vertex -10.9538 -6.02192 -0.511834
    endloop
  endfacet
  facet normal 0.90045 0.423721 0.0982353
    outer loop
      vertex -10.7698 -5.92075 -0.511834
      vertex -10.9615 -5.62406 -0.0343831
      vertex -10.8289 -5.95325 0.170075
    endloop
  endfacet
  facet normal 0.900435 0.42376 0.098205
    outer loop
      vertex -10.7698 -5.92075 -0.511834
      vertex -11.2712 -4.85534 -0.511834
      vertex -10.9615 -5.62406 -0.0343831
    endloop
  endfacet
  facet normal -0.904809 -0.425818 -0
    outer loop
      vertex -10.7698 -5.92075 0.370605
      vertex -11.2712 -4.85534 -0.511834
      vertex -10.7698 -5.92075 -0.511834
    endloop
  endfacet
  facet normal 0.951065 0.308992 -0
    outer loop
      vertex -11.8175 -4.67886 -0.511834
      vertex -11.8665 -4.52804 -0.511834
      vertex -11.8175 -4.67886 -0.356715
    endloop
  endfacet
  facet normal 0 0 1
    outer loop
      vertex 10.8134 -6.24314 -0.511834
      vertex 10.4754 -6.77581 -0.511834
      vertex 10.5694 -6.69326 -0.511834
    endloop
  endfacet
  facet normal 0 0 1
    outer loop
      vertex 10.5694 -6.69326 -0.511834
      vertex 10.9951 -6.34803 -0.511834
      vertex 10.8134 -6.24314 -0.511834
    endloop
  endfacet
  facet normal -0 0 1
    outer loop
      vertex 10.5694 -6.69326 -0.511834
      vertex 10.2826 -7.47075 -0.511834
      vertex 10.9951 -6.34803 -0.511834
    endloop
  endfacet
  facet normal 0 0 1
    outer loop
      vertex 9.8194 -7.9923 -0.511834
      vertex 10.2826 -7.47075 -0.511834
      vertex 10.5694 -6.69326 -0.511834
    endloop
  endfacet
  facet normal 0 0 1
    outer loop
      vertex 10.2826 -7.47075 -0.511834
      vertex 9.8194 -7.9923 -0.511834
      vertex 9.84088 -8.0047 -0.511834
    endloop
  endfacet
  facet normal 0 0 1
    outer loop
      vertex -10.9538 -6.02192 -0.511834
      vertex -10.9951 -6.34803 -0.511834
      vertex -10.8134 -6.24314 -0.511834
    endloop
  endfacet
  facet normal 0 0 1
    outer loop
      vertex -11.1379 -6.12309 -0.511834
      vertex -10.9538 -6.02192 -0.511834
      vertex -11.0812 -5.80674 -0.511834
    endloop
  endfacet
  facet normal -0 -0 1
    outer loop
      vertex -11.0812 -5.80674 -0.511834
      vertex -10.9538 -6.02192 -0.511834
      vertex -11.1005 -5.71024 -0.511834
    endloop
  endfacet
  facet normal 0 0 1
    outer loop
      vertex -10.9538 -6.02192 -0.511834
      vertex -11.1379 -6.12309 -0.511834
      vertex -10.9951 -6.34803 -0.511834
    endloop
  endfacet
  facet normal 0 0 1
    outer loop
      vertex -11.3283 -5.37885 -0.511834
      vertex -11.1379 -6.12309 -0.511834
      vertex -11.0812 -5.80674 -0.511834
    endloop
  endfacet
  facet normal 0 0 1
    outer loop
      vertex -11.3283 -5.37885 -0.511834
      vertex -11.8175 -4.67886 -0.511834
      vertex -11.1379 -6.12309 -0.511834
    endloop
  endfacet
  facet normal 0 0 1
    outer loop
      vertex -11.8312 -4.5077 -0.511834
      vertex -11.8175 -4.67886 -0.511834
      vertex -11.3283 -5.37885 -0.511834
    endloop
  endfacet
  facet normal 0 0 1
    outer loop
      vertex -11.8175 -4.67886 -0.511834
      vertex -11.8312 -4.5077 -0.511834
      vertex -11.8665 -4.52804 -0.511834
    endloop
  endfacet
  facet normal 0 0 1
    outer loop
      vertex 0.798067 12.6849 -0.511834
      vertex 2.01183 12.5 -0.511834
      vertex 2.01183 12.5316 -0.511834
    endloop
  endfacet
  facet normal 0 0 1
    outer loop
      vertex 0.798067 12.6849 -0.511834
      vertex 0.511834 12.5 -0.511834
      vertex 2.01183 12.5 -0.511834
    endloop
  endfacet
  facet normal 0 -0 1
    outer loop
      vertex 0.511834 12.5 -0.511834
      vertex 0.798067 12.6849 -0.511834
      vertex 0 12.6849 -0.511834
    endloop
  endfacet
  facet normal 0 0 1
    outer loop
      vertex 0.511834 12.5 -0.511834
      vertex 0 12.4753 -0.511834
      vertex 0.584663 12.4753 -0.511834
    endloop
  endfacet
  facet normal 0 0 1
    outer loop
      vertex 0 12.4753 -0.511834
      vertex 0.511834 12.5 -0.511834
      vertex 0 12.6849 -0.511834
    endloop
  endfacet
  facet normal 0 -1 0
    outer loop
      vertex 0 12.6849 -0.511834
      vertex 0.798067 12.6849 0.701933
      vertex 0 12.6849 1.5
    endloop
  endfacet
  facet normal 0 -1 -0
    outer loop
      vertex 0.798067 12.6849 0.701933
      vertex 0 12.6849 -0.511834
      vertex 0.798067 12.6849 -0.511834
    endloop
  endfacet
  facet normal 0 1 0
    outer loop
      vertex 0.584663 12.4753 -0.511834
      vertex 0 12.4753 -0.511834
      vertex 0 12.4753 0.0728291
    endloop
  endfacet
  facet normal 6.54234e-05 -0.995162 0.0982511
    outer loop
      vertex 0 12.2657 -0.511834
      vertex 0.773762 12.2986 -0.179113
      vertex 0 12.3577 0.420012
    endloop
  endfacet
  facet normal 0 -0.995147 0.0984018
    outer loop
      vertex 0.773762 12.2986 -0.179113
      vertex 0 12.2657 -0.511834
      vertex 0.771695 12.2657 -0.511834
    endloop
  endfacet
  facet normal 0 1 0
    outer loop
      vertex 0 12.2657 -0.511834
      vertex 0.771695 12.2657 -0.0800626
      vertex 0.771695 12.2657 -0.511834
    endloop
  endfacet
  facet normal 0 1 0
    outer loop
      vertex 0.771695 12.2657 -0.0800626
      vertex 0 12.2657 -0.511834
      vertex 0 12.2657 0.691633
    endloop
  endfacet
  facet normal -0.125306 -0.992118 -0
    outer loop
      vertex 0.798067 12.6849 0.701933
      vertex 0.798067 12.6849 -0.511834
      vertex 2.01183 12.5316 -0.511834
    endloop
  endfacet
  facet normal -0.124857 -0.987283 0.0983999
    outer loop
      vertex 0.773762 12.2986 -0.179113
      vertex 0.771695 12.2657 -0.511834
      vertex 0.95343 12.2672 -0.266185
    endloop
  endfacet
  facet normal -0.124597 -0.987335 0.0982078
    outer loop
      vertex 0.95343 12.2672 -0.266185
      vertex 0.771695 12.2657 -0.511834
      vertex 1.46031 12.1788 -0.511834
    endloop
  endfacet
  facet normal 0.125202 0.992131 0
    outer loop
      vertex 1.46031 12.1788 -0.511834
      vertex 0.771695 12.2657 -0.511834
      vertex 0.771695 12.2657 -0.0800626
    endloop
  endfacet
endsolid OpenSCAD_Model
