solid OpenSCAD_Model
  facet normal 0 0 -1
    outer loop
      vertex -4.06922 -2.34936 -1.5
      vertex -5.65503 -1.50945 -1.5
      vertex -5.30859 -1.30943 -1.5
    endloop
  endfacet
  facet normal 0 0 -1
    outer loop
      vertex -4.06922 -2.34936 -1.5
      vertex -6.55127 -2.05033 -1.5
      vertex -5.65503 -1.50945 -1.5
    endloop
  endfacet
  facet normal 0 0 -1
    outer loop
      vertex -7.74125 -1.00531 -1.5
      vertex -6.55127 -2.05033 -1.5
      vertex -7.4678 -2.55605 -1.5
    endloop
  endfacet
  facet normal 0 0 -1
    outer loop
      vertex -7.53332 -4.34936 -1.5
      vertex -6.55127 -2.05033 -1.5
      vertex -4.06922 -2.34936 -1.5
    endloop
  endfacet
  facet normal 0 0 -1
    outer loop
      vertex -6.55127 -2.05033 -1.5
      vertex -7.53332 -4.34936 -1.5
      vertex -7.4678 -2.55605 -1.5
    endloop
  endfacet
  facet normal 0 0 -1
    outer loop
      vertex -7.4678 -2.55605 -1.5
      vertex -7.53332 -4.34936 -1.5
      vertex -7.81424 -2.75607 -1.5
    endloop
  endfacet
  facet normal -0 0 -1
    outer loop
      vertex -5.65503 -1.50945 -1.5
      vertex -6.55127 -2.05033 -1.5
      vertex -6.86129 -0.497268 -1.5
    endloop
  endfacet
  facet normal 0 0 -1
    outer loop
      vertex -6.55127 -2.05033 -1.5
      vertex -7.74125 -1.00531 -1.5
      vertex -7.30127 -0.751288 -1.5
    endloop
  endfacet
  facet normal 0.500001 -0.866025 1.09594e-06
    outer loop
      vertex -4.06922 -2.34936 -1.5
      vertex -4.89489 -2.82606 0.0202942
      vertex -5.80127 -3.34936 0
    endloop
  endfacet
  facet normal 0.499994 -0.866029 3.61995e-06
    outer loop
      vertex -6.70765 -3.87266 0.0202942
      vertex -7.0541 -4.07268 0.0202942
      vertex -7.53332 -4.34936 -1.5
    endloop
  endfacet
  facet normal 0.500001 -0.866025 1.85075e-06
    outer loop
      vertex -5.80127 -3.34936 0
      vertex -6.24125 -3.60338 1.5
      vertex -6.70765 -3.87266 0.0202942
    endloop
  endfacet
  facet normal 0.499996 -0.866028 0
    outer loop
      vertex -5.80127 -3.34936 0
      vertex -5.80127 -3.34936 1.5
      vertex -6.24125 -3.60338 1.5
    endloop
  endfacet
  facet normal 0.500001 -0.866025 -1.09594e-06
    outer loop
      vertex -5.80127 -3.34936 0
      vertex -6.70765 -3.87266 0.0202942
      vertex -7.53332 -4.34936 -1.5
    endloop
  endfacet
  facet normal 0.500001 -0.866025 -1.85075e-06
    outer loop
      vertex -4.89489 -2.82606 0.0202942
      vertex -5.36129 -3.09534 1.5
      vertex -5.80127 -3.34936 0
    endloop
  endfacet
  facet normal 0.499994 -0.866029 -3.61995e-06
    outer loop
      vertex -4.06922 -2.34936 -1.5
      vertex -4.54844 -2.62604 0.0202942
      vertex -4.89489 -2.82606 0.0202942
    endloop
  endfacet
  facet normal 0.5 -0.866025 0
    outer loop
      vertex -4.06922 -2.34936 -1.5
      vertex -5.80127 -3.34936 0
      vertex -7.53332 -4.34936 -1.5
    endloop
  endfacet
  facet normal 0.608188 0.724828 0.323622
    outer loop
      vertex -4.54844 -2.62604 0.0202942
      vertex -4.06922 -2.34936 -1.5
      vertex -5.30859 -1.30943 -1.5
    endloop
  endfacet
  facet normal -0.35355 0.612375 0.707106
    outer loop
      vertex -5.30859 -1.30943 -1.5
      vertex -4.89489 -2.82606 0.0202942
      vertex -4.54844 -2.62604 0.0202942
    endloop
  endfacet
  facet normal -0.353558 0.612372 0.707105
    outer loop
      vertex -4.89489 -2.82606 0.0202942
      vertex -5.30859 -1.30943 -1.5
      vertex -5.65503 -1.50945 -1.5
    endloop
  endfacet
  facet normal 0.608203 0.724821 0.323611
    outer loop
      vertex -5.36129 -3.09534 1.5
      vertex -5.65503 -1.50945 -1.5
      vertex -6.86129 -0.497268 -1.5
    endloop
  endfacet
  facet normal 0.608206 0.724819 0.323609
    outer loop
      vertex -5.36129 -3.09534 1.5
      vertex -4.89489 -2.82606 0.0202942
      vertex -5.65503 -1.50945 -1.5
    endloop
  endfacet
  facet normal -0.933781 -0.1864 0.305464
    outer loop
      vertex -6.55127 -2.05033 -1.5
      vertex -5.36129 -3.09534 1.5
      vertex -6.86129 -0.497268 -1.5
    endloop
  endfacet
  facet normal -0.933781 -0.186401 0.305463
    outer loop
      vertex -5.36129 -3.09534 1.5
      vertex -6.55127 -2.05033 -1.5
      vertex -5.80127 -3.34936 0
    endloop
  endfacet
  facet normal 0.866025 0.500001 -0
    outer loop
      vertex -5.80127 -3.34936 0
      vertex -7.30127 -0.751288 -1.5
      vertex -5.80127 -3.34936 1.5
    endloop
  endfacet
  facet normal 0.866026 0.499999 -3.99999e-06
    outer loop
      vertex -7.30127 -0.751288 -1.5
      vertex -5.80127 -3.34936 0
      vertex -6.55127 -2.05033 -1.5
    endloop
  endfacet
  facet normal -0.353551 0.612374 0.707106
    outer loop
      vertex -7.30127 -0.751288 -1.5
      vertex -6.24125 -3.60338 1.5
      vertex -5.80127 -3.34936 1.5
    endloop
  endfacet
  facet normal -0.353553 0.612373 0.707106
    outer loop
      vertex -6.24125 -3.60338 1.5
      vertex -7.30127 -0.751288 -1.5
      vertex -7.74125 -1.00531 -1.5
    endloop
  endfacet
  facet normal -0.931814 -0.164312 0.323611
    outer loop
      vertex -7.4678 -2.55605 -1.5
      vertex -6.70765 -3.87266 0.0202942
      vertex -7.74125 -1.00531 -1.5
    endloop
  endfacet
  facet normal -0.931815 -0.164313 0.323608
    outer loop
      vertex -6.70765 -3.87266 0.0202942
      vertex -6.24125 -3.60338 1.5
      vertex -7.74125 -1.00531 -1.5
    endloop
  endfacet
  facet normal -0.35355 0.612375 0.707106
    outer loop
      vertex -7.4678 -2.55605 -1.5
      vertex -7.0541 -4.07268 0.0202942
      vertex -6.70765 -3.87266 0.0202942
    endloop
  endfacet
  facet normal -0.353558 0.612372 0.707105
    outer loop
      vertex -7.0541 -4.07268 0.0202942
      vertex -7.4678 -2.55605 -1.5
      vertex -7.81424 -2.75607 -1.5
    endloop
  endfacet
  facet normal -0.931814 -0.164292 0.323622
    outer loop
      vertex -7.53332 -4.34936 -1.5
      vertex -7.0541 -4.07268 0.0202942
      vertex -7.81424 -2.75607 -1.5
    endloop
  endfacet
  facet normal 0 0 -1
    outer loop
      vertex -9.09327 -5.25 -1.5
      vertex -10.6791 -4.41009 -1.5
      vertex -10.3326 -4.21007 -1.5
    endloop
  endfacet
  facet normal 0 0 -1
    outer loop
      vertex -9.09327 -5.25 -1.5
      vertex -11.5753 -4.95096 -1.5
      vertex -10.6791 -4.41009 -1.5
    endloop
  endfacet
  facet normal 0 0 -1
    outer loop
      vertex -12.7653 -3.90594 -1.5
      vertex -11.5753 -4.95096 -1.5
      vertex -12.4918 -5.45669 -1.5
    endloop
  endfacet
  facet normal 0 0 -1
    outer loop
      vertex -12.5574 -7.25 -1.5
      vertex -11.5753 -4.95096 -1.5
      vertex -9.09327 -5.25 -1.5
    endloop
  endfacet
  facet normal 0 0 -1
    outer loop
      vertex -11.5753 -4.95096 -1.5
      vertex -12.5574 -7.25 -1.5
      vertex -12.4918 -5.45669 -1.5
    endloop
  endfacet
  facet normal 0 0 -1
    outer loop
      vertex -12.4918 -5.45669 -1.5
      vertex -12.5574 -7.25 -1.5
      vertex -12.8383 -5.65671 -1.5
    endloop
  endfacet
  facet normal -0 0 -1
    outer loop
      vertex -10.6791 -4.41009 -1.5
      vertex -11.5753 -4.95096 -1.5
      vertex -11.8853 -3.3979 -1.5
    endloop
  endfacet
  facet normal 0 0 -1
    outer loop
      vertex -11.5753 -4.95096 -1.5
      vertex -12.7653 -3.90594 -1.5
      vertex -12.3253 -3.65192 -1.5
    endloop
  endfacet
  facet normal 0.499986 -0.866034 0
    outer loop
      vertex -10.6318 -6.13826 -0.167612
      vertex -9.91893 -5.7267 0.0202942
      vertex -10.6318 -6.13826 0.00433347
    endloop
  endfacet
  facet normal 0.499988 -0.866032 -1.15335e-05
    outer loop
      vertex -9.91893 -5.7267 0.0202942
      vertex -10.6318 -6.13826 -0.167612
      vertex -9.09327 -5.25 -1.5
    endloop
  endfacet
  facet normal 0.500209 -0.865904 0
    outer loop
      vertex -10.8134 -6.24314 -0.0102857
      vertex -10.6759 -6.16371 0.00334638
      vertex -10.8134 -6.24314 0.000265927
    endloop
  endfacet
  facet normal 0.500198 -0.865911 0.000151923
    outer loop
      vertex -10.6759 -6.16371 0.00334638
      vertex -10.8134 -6.24314 -0.0102857
      vertex -10.6636 -6.15663 -0.140061
    endloop
  endfacet
  facet normal 0.500048 -0.865997 -4.54417e-05
    outer loop
      vertex -11.7317 -6.7733 0.0202942
      vertex -12.0781 -6.97332 0.0202942
      vertex -12.5574 -7.25 -1.5
    endloop
  endfacet
  facet normal 0.499991 -0.866031 5.97236e-06
    outer loop
      vertex -11.7317 -6.7733 0.0202942
      vertex -10.9951 -6.34803 0.578858
      vertex -11.2653 -6.50402 1.5
    endloop
  endfacet
  facet normal 0.499995 -0.866029 0
    outer loop
      vertex -10.9951 -6.34803 0.578858
      vertex -11.7317 -6.7733 0.0202942
      vertex -10.9951 -6.34803 0.00380164
    endloop
  endfacet
  facet normal 0.499976 -0.866039 0
    outer loop
      vertex -10.9951 -6.34803 0.578858
      vertex -10.9951 -6.34803 1.5
      vertex -11.2653 -6.50402 1.5
    endloop
  endfacet
  facet normal 0.499995 -0.866029 0
    outer loop
      vertex -11.7317 -6.7733 0.0202942
      vertex -10.9951 -6.34803 -0.147042
      vertex -10.9951 -6.34803 0.00380164
    endloop
  endfacet
  facet normal 0.499994 -0.866029 -5.65802e-06
    outer loop
      vertex -10.9951 -6.34803 -0.147042
      vertex -11.7317 -6.7733 0.0202942
      vertex -12.5574 -7.25 -1.5
    endloop
  endfacet
  facet normal 0.499968 -0.866044 -2.5637e-05
    outer loop
      vertex -10.6318 -6.13826 0.659838
      vertex -9.91893 -5.7267 0.0202942
      vertex -10.3853 -5.99598 1.5
    endloop
  endfacet
  facet normal 0.499986 -0.866034 0
    outer loop
      vertex -9.91893 -5.7267 0.0202942
      vertex -10.6318 -6.13826 0.659838
      vertex -10.6318 -6.13826 0.00433347
    endloop
  endfacet
  facet normal 0.500206 -0.865907 -1.80132e-05
    outer loop
      vertex -10.8134 -6.24314 0.0404915
      vertex -10.6759 -6.16371 0.00334638
      vertex -10.7094 -6.18307 0.395213
    endloop
  endfacet
  facet normal 0.500209 -0.865904 0
    outer loop
      vertex -10.6759 -6.16371 0.00334638
      vertex -10.8134 -6.24314 0.0404915
      vertex -10.8134 -6.24314 0.000265927
    endloop
  endfacet
  facet normal 0.500005 -0.866022 9.29342e-07
    outer loop
      vertex -9.09327 -5.25 -1.5
      vertex -9.57249 -5.52668 0.0202942
      vertex -9.91893 -5.7267 0.0202942
    endloop
  endfacet
  facet normal 0.499948 -0.866055 8.82794e-05
    outer loop
      vertex -12.5574 -7.25 -1.5
      vertex -10.8134 -6.24314 -0.511834
      vertex -10.9951 -6.34803 -0.511834
    endloop
  endfacet
  facet normal 0.499997 -0.866027 -2.68344e-05
    outer loop
      vertex -9.09327 -5.25 -1.5
      vertex -10.8134 -6.24314 -0.511834
      vertex -12.5574 -7.25 -1.5
    endloop
  endfacet
  facet normal 0.49999 -0.866031 0
    outer loop
      vertex -12.5574 -7.25 -1.5
      vertex -10.9951 -6.34803 -0.511834
      vertex -10.9951 -6.34803 -0.147042
    endloop
  endfacet
  facet normal 0.500099 -0.865968 0
    outer loop
      vertex -10.8134 -6.24314 -0.511834
      vertex -10.6636 -6.15663 -0.140061
      vertex -10.8134 -6.24314 -0.0102857
    endloop
  endfacet
  facet normal 0.500119 -0.865957 -1.03637e-05
    outer loop
      vertex -10.6636 -6.15663 -0.140061
      vertex -10.8134 -6.24314 -0.511834
      vertex -10.6318 -6.13826 -0.511834
    endloop
  endfacet
  facet normal 0.499995 -0.866028 0
    outer loop
      vertex -10.6318 -6.13826 -0.511834
      vertex -9.09327 -5.25 -1.5
      vertex -10.6318 -6.13826 -0.167612
    endloop
  endfacet
  facet normal 0.500119 -0.865957 0.000255806
    outer loop
      vertex -10.8134 -6.24314 -0.511834
      vertex -9.09327 -5.25 -1.5
      vertex -10.6318 -6.13826 -0.511834
    endloop
  endfacet
  facet normal 0.608199 0.724818 0.323624
    outer loop
      vertex -9.57249 -5.52668 0.0202942
      vertex -9.09327 -5.25 -1.5
      vertex -10.3326 -4.21007 -1.5
    endloop
  endfacet
  facet normal -0.35356 0.612375 0.707102
    outer loop
      vertex -10.3326 -4.21007 -1.5
      vertex -9.91893 -5.7267 0.0202942
      vertex -9.57249 -5.52668 0.0202942
    endloop
  endfacet
  facet normal -0.35351 0.612395 0.707109
    outer loop
      vertex -9.91893 -5.7267 0.0202942
      vertex -10.3326 -4.21007 -1.5
      vertex -10.6791 -4.41009 -1.5
    endloop
  endfacet
  facet normal 0.608228 0.724809 0.32359
    outer loop
      vertex -10.3853 -5.99598 1.5
      vertex -10.6791 -4.41009 -1.5
      vertex -11.8853 -3.3979 -1.5
    endloop
  endfacet
  facet normal 0.608209 0.724821 0.323598
    outer loop
      vertex -10.3853 -5.99598 1.5
      vertex -9.91893 -5.7267 0.0202942
      vertex -10.6791 -4.41009 -1.5
    endloop
  endfacet
  facet normal -0.933803 -0.186761 0.305177
    outer loop
      vertex -11.5753 -4.95096 -1.5
      vertex -11.0812 -5.80674 -0.511834
      vertex -11.1005 -5.71024 -0.511834
    endloop
  endfacet
  facet normal -0.933786 -0.186389 0.305455
    outer loop
      vertex -11.1005 -5.71024 -0.511834
      vertex -11.8853 -3.3979 -1.5
      vertex -11.5753 -4.95096 -1.5
    endloop
  endfacet
  facet normal -0.933913 -0.187423 0.304432
    outer loop
      vertex -10.8483 -6.18828 -0.0324583
      vertex -11.1005 -5.71024 -0.511834
      vertex -10.9538 -6.02192 -0.253684
    endloop
  endfacet
  facet normal -0.933808 -0.186437 0.305359
    outer loop
      vertex -11.1005 -5.71024 -0.511834
      vertex -10.8483 -6.18828 -0.0324583
      vertex -11.8853 -3.3979 -1.5
    endloop
  endfacet
  facet normal -0.933821 -0.186477 0.305293
    outer loop
      vertex -10.8483 -6.18828 -0.0324583
      vertex -11.2712 -4.85534 -0.511834
      vertex -11.8853 -3.3979 -1.5
    endloop
  endfacet
  facet normal -0.933718 -0.18629 0.305723
    outer loop
      vertex -11.2712 -4.85534 -0.511834
      vertex -10.8483 -6.18828 -0.0324583
      vertex -10.9615 -5.62406 -0.0343831
    endloop
  endfacet
  facet normal -0.933748 -0.186296 0.305628
    outer loop
      vertex -10.9615 -5.62406 -0.0343831
      vertex -10.8483 -6.18828 -0.0324583
      vertex -10.8289 -5.95325 0.170075
    endloop
  endfacet
  facet normal -0.933487 -0.186761 0.306142
    outer loop
      vertex -10.8134 -6.24314 0.0404915
      vertex -10.8289 -5.95325 0.170075
      vertex -10.8483 -6.18828 -0.0324583
    endloop
  endfacet
  facet normal -0.933812 -0.186425 0.305352
    outer loop
      vertex -10.8289 -5.95325 0.170075
      vertex -10.8134 -6.24314 0.0404915
      vertex -10.7094 -6.18307 0.395213
    endloop
  endfacet
  facet normal -0.933769 -0.186429 0.305482
    outer loop
      vertex -10.3853 -5.99598 1.5
      vertex -11.2712 -4.85534 -0.511834
      vertex -10.7698 -5.92075 0.370605
    endloop
  endfacet
  facet normal -0.933771 -0.186265 0.305575
    outer loop
      vertex -11.2712 -4.85534 -0.511834
      vertex -10.3853 -5.99598 1.5
      vertex -11.8853 -3.3979 -1.5
    endloop
  endfacet
  facet normal -0.933805 -0.186207 0.305508
    outer loop
      vertex -10.3853 -5.99598 1.5
      vertex -10.7698 -5.92075 0.370605
      vertex -10.6318 -6.13826 0.659838
    endloop
  endfacet
  facet normal 0.866026 0.499999 -1.3941e-05
    outer loop
      vertex -11.8312 -4.5077 -0.511834
      vertex -11.5753 -4.95096 -1.5
      vertex -12.3253 -3.65192 -1.5
    endloop
  endfacet
  facet normal 0.866051 0.499956 1.19026e-05
    outer loop
      vertex -11.5753 -4.95096 -1.5
      vertex -11.8312 -4.5077 -0.511834
      vertex -11.3283 -5.37885 -0.511834
    endloop
  endfacet
  facet normal 0.865975 0.500087 8.76346e-05
    outer loop
      vertex -11.3283 -5.37885 -0.511834
      vertex -11.0812 -5.80674 -0.511834
      vertex -11.5753 -4.95096 -1.5
    endloop
  endfacet
  facet normal -0.353025 0.612673 0.707111
    outer loop
      vertex -11.8312 -4.5077 -0.511834
      vertex -12.3253 -3.65192 -1.5
      vertex -11.8665 -4.52804 -0.511834
    endloop
  endfacet
  facet normal -0.353521 0.612355 0.707138
    outer loop
      vertex -11.1379 -6.12309 1.23382
      vertex -11.2653 -6.50402 1.5
      vertex -10.9951 -6.34803 1.5
    endloop
  endfacet
  facet normal -0.353585 0.612355 0.707106
    outer loop
      vertex -11.8175 -4.67886 -0.356715
      vertex -11.2653 -6.50402 1.5
      vertex -11.1379 -6.12309 1.23382
    endloop
  endfacet
  facet normal -0.353539 0.612391 0.707098
    outer loop
      vertex -12.7653 -3.90594 -1.5
      vertex -11.8175 -4.67886 -0.356715
      vertex -11.8665 -4.52804 -0.511834
    endloop
  endfacet
  facet normal -0.353543 0.612388 0.707099
    outer loop
      vertex -12.7653 -3.90594 -1.5
      vertex -11.8665 -4.52804 -0.511834
      vertex -12.3253 -3.65192 -1.5
    endloop
  endfacet
  facet normal -0.353578 0.612358 0.707107
    outer loop
      vertex -11.8175 -4.67886 -0.356715
      vertex -12.7653 -3.90594 -1.5
      vertex -11.2653 -6.50402 1.5
    endloop
  endfacet
  facet normal -0.931826 -0.164343 0.32356
    outer loop
      vertex -12.4918 -5.45669 -1.5
      vertex -11.7317 -6.7733 0.0202942
      vertex -12.7653 -3.90594 -1.5
    endloop
  endfacet
  facet normal -0.931815 -0.164313 0.323608
    outer loop
      vertex -11.7317 -6.7733 0.0202942
      vertex -11.2653 -6.50402 1.5
      vertex -12.7653 -3.90594 -1.5
    endloop
  endfacet
  facet normal -0.353591 0.612358 0.707101
    outer loop
      vertex -12.4918 -5.45669 -1.5
      vertex -12.0781 -6.97332 0.0202942
      vertex -11.7317 -6.7733 0.0202942
    endloop
  endfacet
  facet normal -0.353508 0.612392 0.707112
    outer loop
      vertex -12.0781 -6.97332 0.0202942
      vertex -12.4918 -5.45669 -1.5
      vertex -12.8383 -5.65671 -1.5
    endloop
  endfacet
  facet normal -0.931801 -0.164278 0.323664
    outer loop
      vertex -12.5574 -7.25 -1.5
      vertex -12.0781 -6.97332 0.0202942
      vertex -12.8383 -5.65671 -1.5
    endloop
  endfacet
  facet normal 0 0 -1
    outer loop
      vertex 0 10.5 -1.5
      vertex 1.52029 11.4534 -1.5
      vertex 1.52029 11.0534 -1.5
    endloop
  endfacet
  facet normal -0 0 -1
    outer loop
      vertex 1.52029 11.4534 -1.5
      vertex 0 10.5 -1.5
      vertex 1.5 12.5 -1.5
    endloop
  endfacet
  facet normal -0 0 -1
    outer loop
      vertex 3 11.992 -1.5
      vertex 1.52029 11.4534 -1.5
      vertex 1.5 12.5 -1.5
    endloop
  endfacet
  facet normal 0 0 -1
    outer loop
      vertex 1.5 12.5 -1.5
      vertex 3 13.008 -1.5
      vertex 3 12.5 -1.5
    endloop
  endfacet
  facet normal -0 0 -1
    outer loop
      vertex 3 13.008 -1.5
      vertex 1.5 12.5 -1.5
      vertex 1.52029 13.5466 -1.5
    endloop
  endfacet
  facet normal 0 0 -1
    outer loop
      vertex 0 14.5 -1.5
      vertex 1.52029 13.5466 -1.5
      vertex 1.5 12.5 -1.5
    endloop
  endfacet
  facet normal 0 0 -1
    outer loop
      vertex 0 14.5 -1.5
      vertex 1.5 12.5 -1.5
      vertex 0 10.5 -1.5
    endloop
  endfacet
  facet normal 0 0 -1
    outer loop
      vertex 1.52029 13.5466 -1.5
      vertex 0 14.5 -1.5
      vertex 1.52029 13.9466 -1.5
    endloop
  endfacet
  facet normal -1 0 0
    outer loop
      vertex 0 14.5 -1.5
      vertex 0 13.5466 0.0202942
      vertex 0 13.9466 0.0202942
    endloop
  endfacet
  facet normal -1 0 0
    outer loop
      vertex 0 12.6849 1.5
      vertex 0 13.5466 0.0202942
      vertex 0 12.6849 -0.511834
    endloop
  endfacet
  facet normal -1 0 0
    outer loop
      vertex 0 14.5 -1.5
      vertex 0 12.6849 -0.511834
      vertex 0 13.5466 0.0202942
    endloop
  endfacet
  facet normal -1 0 0
    outer loop
      vertex 0 14.5 -1.5
      vertex 0 12.4753 -0.511834
      vertex 0 12.6849 -0.511834
    endloop
  endfacet
  facet normal -1 0 0
    outer loop
      vertex 0 12.2657 -0.511834
      vertex 0 12.4753 0.0728291
      vertex 0 12.4753 -0.511834
    endloop
  endfacet
  facet normal -1 -0 0
    outer loop
      vertex 0 12.4753 0.0728291
      vertex 0 12.2657 -0.511834
      vertex 0 12.3577 0.420012
    endloop
  endfacet
  facet normal -1 0 0
    outer loop
      vertex 0 10.5 -1.5
      vertex 0 12.4753 -0.511834
      vertex 0 14.5 -1.5
    endloop
  endfacet
  facet normal -1 0 0
    outer loop
      vertex 0 11.4534 0.0202942
      vertex 0 12.2657 0.691633
      vertex 0 12.2657 -0.511834
    endloop
  endfacet
  facet normal -1 -0 0
    outer loop
      vertex 0 12.2657 0.691633
      vertex 0 11.4534 0.0202942
      vertex 0 11.992 1.5
    endloop
  endfacet
  facet normal -1 0 0
    outer loop
      vertex 0 10.5 -1.5
      vertex 0 11.4534 0.0202942
      vertex 0 12.2657 -0.511834
    endloop
  endfacet
  facet normal -1 -0 0
    outer loop
      vertex 0 12.4753 -0.511834
      vertex 0 10.5 -1.5
      vertex 0 12.2657 -0.511834
    endloop
  endfacet
  facet normal -1 -0 0
    outer loop
      vertex 0 11.4534 0.0202942
      vertex 0 10.5 -1.5
      vertex 0 11.0534 0.0202942
    endloop
  endfacet
  facet normal -1 0 0
    outer loop
      vertex 0 13.5466 0.0202942
      vertex 0 12.6849 1.5
      vertex 0 13.008 1.5
    endloop
  endfacet
  facet normal 0.323643 -0.889107 0.323642
    outer loop
      vertex 1.52029 11.0534 -1.5
      vertex 0 11.0534 0.0202942
      vertex 0 10.5 -1.5
    endloop
  endfacet
  facet normal 0.707108 -0 0.707106
    outer loop
      vertex 0 11.0534 0.0202942
      vertex 1.52029 11.4534 -1.5
      vertex 0 11.4534 0.0202942
    endloop
  endfacet
  facet normal 0.707108 0 0.707106
    outer loop
      vertex 1.52029 11.4534 -1.5
      vertex 0 11.0534 0.0202942
      vertex 1.52029 11.0534 -1.5
    endloop
  endfacet
  facet normal 0.323631 -0.889115 0.32363
    outer loop
      vertex 1.52029 11.4534 -1.5
      vertex 0 11.992 1.5
      vertex 0 11.4534 0.0202942
    endloop
  endfacet
  facet normal 0.32363 -0.889116 0.32363
    outer loop
      vertex 0 11.992 1.5
      vertex 1.52029 11.4534 -1.5
      vertex 3 11.992 -1.5
    endloop
  endfacet
  facet normal 0.305381 0.901934 0.30538
    outer loop
      vertex 0 11.992 1.5
      vertex 0.771695 12.2657 -0.0800626
      vertex 0 12.2657 0.691633
    endloop
  endfacet
  facet normal 0.305278 0.901983 0.305339
    outer loop
      vertex 0 11.992 1.5
      vertex 1.46031 12.1788 -0.511834
      vertex 0.771695 12.2657 -0.0800626
    endloop
  endfacet
  facet normal 0.305394 0.901913 0.30543
    outer loop
      vertex 1.5 12.5 -1.5
      vertex 0.584663 12.4753 -0.511834
      vertex 1.46031 12.1788 -0.511834
    endloop
  endfacet
  facet normal 0.305464 0.901878 0.305464
    outer loop
      vertex 3 11.992 -1.5
      vertex 1.46031 12.1788 -0.511834
      vertex 0 11.992 1.5
    endloop
  endfacet
  facet normal 0.305443 0.901898 0.305427
    outer loop
      vertex 1.5 12.5 -1.5
      vertex 1.46031 12.1788 -0.511834
      vertex 3 11.992 -1.5
    endloop
  endfacet
  facet normal 0.305796 0.901653 0.305796
    outer loop
      vertex 0.584663 12.4753 -0.511834
      vertex 1.5 12.5 -1.5
      vertex 0.511834 12.5 -0.511834
    endloop
  endfacet
  facet normal 0.305428 0.901881 0.305491
    outer loop
      vertex 0.773762 12.2986 -0.179113
      vertex 0 12.4753 0.0728291
      vertex 0 12.3577 0.420012
    endloop
  endfacet
  facet normal 0.305578 0.901894 0.305301
    outer loop
      vertex 0.584663 12.4753 -0.511834
      vertex 0.773762 12.2986 -0.179113
      vertex 0.95343 12.2672 -0.266185
    endloop
  endfacet
  facet normal 0.305379 0.901868 0.305579
    outer loop
      vertex 0.584663 12.4753 -0.511834
      vertex 0.95343 12.2672 -0.266185
      vertex 1.46031 12.1788 -0.511834
    endloop
  endfacet
  facet normal 0.305409 0.901915 0.305409
    outer loop
      vertex 0.773762 12.2986 -0.179113
      vertex 0.584663 12.4753 -0.511834
      vertex 0 12.4753 0.0728291
    endloop
  endfacet
  facet normal 0 -1 0
    outer loop
      vertex 1.5 12.5 -1.5
      vertex 2.01183 12.5 -0.511834
      vertex 0.511834 12.5 -0.511834
    endloop
  endfacet
  facet normal 0 -1 -0
    outer loop
      vertex 2.01183 12.5 -0.511834
      vertex 1.5 12.5 -1.5
      vertex 3 12.5 -1.5
    endloop
  endfacet
  facet normal 0.707107 0 0.707107
    outer loop
      vertex 0.798067 12.6849 0.701933
      vertex 0 13.008 1.5
      vertex 0 12.6849 1.5
    endloop
  endfacet
  facet normal 0.707107 0 0.707107
    outer loop
      vertex 0 13.008 1.5
      vertex 0.798067 12.6849 0.701933
      vertex 3 13.008 -1.5
    endloop
  endfacet
  facet normal 0.707107 -8.53475e-06 0.707106
    outer loop
      vertex 2.01183 12.5316 -0.511834
      vertex 3 13.008 -1.5
      vertex 0.798067 12.6849 0.701933
    endloop
  endfacet
  facet normal 0.707105 0 0.707108
    outer loop
      vertex 3 12.5 -1.5
      vertex 2.01183 12.5316 -0.511834
      vertex 2.01183 12.5 -0.511834
    endloop
  endfacet
  facet normal 0.707105 0 0.707108
    outer loop
      vertex 2.01183 12.5316 -0.511834
      vertex 3 12.5 -1.5
      vertex 3 13.008 -1.5
    endloop
  endfacet
  facet normal 0.32363 0.889116 0.32363
    outer loop
      vertex 3 13.008 -1.5
      vertex 0 13.5466 0.0202942
      vertex 0 13.008 1.5
    endloop
  endfacet
  facet normal 0.32363 0.889117 0.323629
    outer loop
      vertex 0 13.5466 0.0202942
      vertex 3 13.008 -1.5
      vertex 1.52029 13.5466 -1.5
    endloop
  endfacet
  facet normal 0.707108 -0 0.707106
    outer loop
      vertex 0 13.5466 0.0202942
      vertex 1.52029 13.9466 -1.5
      vertex 0 13.9466 0.0202942
    endloop
  endfacet
  facet normal 0.707108 0 0.707106
    outer loop
      vertex 1.52029 13.9466 -1.5
      vertex 0 13.5466 0.0202942
      vertex 1.52029 13.5466 -1.5
    endloop
  endfacet
  facet normal 0.323643 0.889107 0.323642
    outer loop
      vertex 1.52029 13.9466 -1.5
      vertex 0 14.5 -1.5
      vertex 0 13.9466 0.0202942
    endloop
  endfacet
  facet normal 0 0 -1
    outer loop
      vertex 0 4.69873 -1.5
      vertex 1.52029 5.65213 -1.5
      vertex 1.52029 5.25209 -1.5
    endloop
  endfacet
  facet normal -0 0 -1
    outer loop
      vertex 1.52029 5.65213 -1.5
      vertex 0 4.69873 -1.5
      vertex 1.5 6.69873 -1.5
    endloop
  endfacet
  facet normal -0 0 -1
    outer loop
      vertex 3 6.19069 -1.5
      vertex 1.52029 5.65213 -1.5
      vertex 1.5 6.69873 -1.5
    endloop
  endfacet
  facet normal 0 0 -1
    outer loop
      vertex 1.5 6.69873 -1.5
      vertex 3 7.20677 -1.5
      vertex 3 6.69873 -1.5
    endloop
  endfacet
  facet normal -0 0 -1
    outer loop
      vertex 3 7.20677 -1.5
      vertex 1.5 6.69873 -1.5
      vertex 1.52029 7.74533 -1.5
    endloop
  endfacet
  facet normal 0 0 -1
    outer loop
      vertex 0 8.69873 -1.5
      vertex 1.52029 7.74533 -1.5
      vertex 1.5 6.69873 -1.5
    endloop
  endfacet
  facet normal 0 0 -1
    outer loop
      vertex 0 8.69873 -1.5
      vertex 1.5 6.69873 -1.5
      vertex 0 4.69873 -1.5
    endloop
  endfacet
  facet normal 0 0 -1
    outer loop
      vertex 1.52029 7.74533 -1.5
      vertex 0 8.69873 -1.5
      vertex 1.52029 8.14537 -1.5
    endloop
  endfacet
  facet normal -1 0 0
    outer loop
      vertex 0 8.69873 -1.5
      vertex 0 7.74533 0.0202942
      vertex 0 8.14537 0.0202942
    endloop
  endfacet
  facet normal -1 0 0
    outer loop
      vertex 0 6.69873 0
      vertex 0 7.74533 0.0202942
      vertex 0 6.69873 -0.511834
    endloop
  endfacet
  facet normal -1 0 0
    outer loop
      vertex 0 8.69873 -1.5
      vertex 0 6.69873 -0.511834
      vertex 0 7.74533 0.0202942
    endloop
  endfacet
  facet normal -1 0 0
    outer loop
      vertex 0 4.69873 -1.5
      vertex 0 6.69873 -0.511834
      vertex 0 8.69873 -1.5
    endloop
  endfacet
  facet normal -1 0 0
    outer loop
      vertex 0 5.65213 0.0202942
      vertex 0 6.48873 0.62003
      vertex 0 6.48873 -0.511834
    endloop
  endfacet
  facet normal -1 -0 0
    outer loop
      vertex 0 6.48873 0.62003
      vertex 0 5.65213 0.0202942
      vertex 0 6.19069 1.5
    endloop
  endfacet
  facet normal -1 0 0
    outer loop
      vertex 0 4.69873 -1.5
      vertex 0 5.65213 0.0202942
      vertex 0 6.48873 -0.511834
    endloop
  endfacet
  facet normal -1 -0 0
    outer loop
      vertex 0 6.69873 -0.511834
      vertex 0 4.69873 -1.5
      vertex 0 6.48873 -0.511834
    endloop
  endfacet
  facet normal -1 -0 0
    outer loop
      vertex 0 5.65213 0.0202942
      vertex 0 4.69873 -1.5
      vertex 0 5.25209 0.0202942
    endloop
  endfacet
  facet normal -1 -0 0
    outer loop
      vertex 0 7.74533 0.0202942
      vertex 0 6.69873 0
      vertex 0 7.20677 1.5
    endloop
  endfacet
  facet normal -1 -0 0
    outer loop
      vertex 0 7.20677 1.5
      vertex 0 6.69873 0
      vertex 0 6.69873 1.5
    endloop
  endfacet
  facet normal 0.323625 -0.88912 0.323624
    outer loop
      vertex 1.52029 5.25209 -1.5
      vertex 0 5.25209 0.0202942
      vertex 0 4.69873 -1.5
    endloop
  endfacet
  facet normal 0.707108 -0 0.707106
    outer loop
      vertex 0 5.25209 0.0202942
      vertex 1.52029 5.65213 -1.5
      vertex 0 5.65213 0.0202942
    endloop
  endfacet
  facet normal 0.707108 0 0.707106
    outer loop
      vertex 1.52029 5.65213 -1.5
      vertex 0 5.25209 0.0202942
      vertex 1.52029 5.25209 -1.5
    endloop
  endfacet
  facet normal 0.323612 -0.889129 0.323611
    outer loop
      vertex 1.52029 5.65213 -1.5
      vertex 0 6.19069 1.5
      vertex 0 5.65213 0.0202942
    endloop
  endfacet
  facet normal 0.323611 -0.88913 0.323611
    outer loop
      vertex 0 6.19069 1.5
      vertex 1.52029 5.65213 -1.5
      vertex 3 6.19069 -1.5
    endloop
  endfacet
  facet normal 0.339056 0.891046 0.301791
    outer loop
      vertex 0 6.19069 1.5
      vertex 1.33514e-05 6.48873 0.620015
      vertex 0 6.48873 0.62003
    endloop
  endfacet
  facet normal 0.30546 0.90188 0.30546
    outer loop
      vertex 3 6.19069 -1.5
      vertex 1.33514e-05 6.48873 0.620015
      vertex 0 6.19069 1.5
    endloop
  endfacet
  facet normal 0.305461 0.90188 0.305461
    outer loop
      vertex 1.5 6.69873 -1.5
      vertex 1.33514e-05 6.48873 0.620015
      vertex 3 6.19069 -1.5
    endloop
  endfacet
  facet normal 0.305461 0.90188 0.305461
    outer loop
      vertex 1.33514e-05 6.48873 0.620015
      vertex 1.5 6.69873 -1.5
      vertex 0 6.69873 0
    endloop
  endfacet
  facet normal 0 -1 0
    outer loop
      vertex 1.5 6.69873 -1.5
      vertex 0 6.69873 1.5
      vertex 0 6.69873 0
    endloop
  endfacet
  facet normal 0 -1 0
    outer loop
      vertex 0 6.69873 1.5
      vertex 1.5 6.69873 -1.5
      vertex 3 6.69873 -1.5
    endloop
  endfacet
  facet normal 0.707107 -0 0.707107
    outer loop
      vertex 0 6.69873 1.5
      vertex 3 7.20677 -1.5
      vertex 0 7.20677 1.5
    endloop
  endfacet
  facet normal 0.707107 0 0.707107
    outer loop
      vertex 3 7.20677 -1.5
      vertex 0 6.69873 1.5
      vertex 3 6.69873 -1.5
    endloop
  endfacet
  facet normal 0.323611 0.88913 0.323611
    outer loop
      vertex 3 7.20677 -1.5
      vertex 0 7.74533 0.0202942
      vertex 0 7.20677 1.5
    endloop
  endfacet
  facet normal 0.323611 0.88913 0.32361
    outer loop
      vertex 0 7.74533 0.0202942
      vertex 3 7.20677 -1.5
      vertex 1.52029 7.74533 -1.5
    endloop
  endfacet
  facet normal 0.707108 -0 0.707106
    outer loop
      vertex 0 7.74533 0.0202942
      vertex 1.52029 8.14537 -1.5
      vertex 0 8.14537 0.0202942
    endloop
  endfacet
  facet normal 0.707108 0 0.707106
    outer loop
      vertex 1.52029 8.14537 -1.5
      vertex 0 7.74533 0.0202942
      vertex 1.52029 7.74533 -1.5
    endloop
  endfacet
  facet normal 0.323625 0.88912 0.323624
    outer loop
      vertex 1.52029 8.14537 -1.5
      vertex 0 8.69873 -1.5
      vertex 0 8.14537 0.0202942
    endloop
  endfacet
  facet normal -0 0 -1
    outer loop
      vertex 5.05127 -4.6484 -1.5
      vertex 3.86129 -5.69342 -1.5
      vertex 4.13474 -4.14268 -1.5
    endloop
  endfacet
  facet normal 0 0 -1
    outer loop
      vertex 4.74125 -6.20146 -1.5
      vertex 5.05127 -4.6484 -1.5
      vertex 5.9475 -5.18928 -1.5
    endloop
  endfacet
  facet normal 0 0 -1
    outer loop
      vertex 5.05127 -4.6484 -1.5
      vertex 4.74125 -6.20146 -1.5
      vertex 4.30127 -5.94744 -1.5
    endloop
  endfacet
  facet normal 0 0 -1
    outer loop
      vertex 5.9475 -5.18928 -1.5
      vertex 7.53332 -4.34936 -1.5
      vertex 6.29395 -5.3893 -1.5
    endloop
  endfacet
  facet normal 0 0 -1
    outer loop
      vertex 5.05127 -4.6484 -1.5
      vertex 7.53332 -4.34936 -1.5
      vertex 5.9475 -5.18928 -1.5
    endloop
  endfacet
  facet normal 0 0 -1
    outer loop
      vertex 4.06922 -2.34936 -1.5
      vertex 5.05127 -4.6484 -1.5
      vertex 4.13474 -4.14268 -1.5
    endloop
  endfacet
  facet normal 0 0 -1
    outer loop
      vertex 5.05127 -4.6484 -1.5
      vertex 4.06922 -2.34936 -1.5
      vertex 7.53332 -4.34936 -1.5
    endloop
  endfacet
  facet normal 0 -0 -1
    outer loop
      vertex 4.06922 -2.34936 -1.5
      vertex 4.13474 -4.14268 -1.5
      vertex 3.7883 -3.94266 -1.5
    endloop
  endfacet
  facet normal 0.500004 0.866023 -0
    outer loop
      vertex 5.6194 -3.24436 -0.1575
      vertex 4.89489 -2.82606 0.0202942
      vertex 5.6194 -3.24436 0.00407203
    endloop
  endfacet
  facet normal 0.500003 0.866024 -2.66689e-06
    outer loop
      vertex 4.89489 -2.82606 0.0202942
      vertex 5.6194 -3.24436 -0.1575
      vertex 4.06922 -2.34936 -1.5
    endloop
  endfacet
  facet normal 0.499994 0.866029 -3.61995e-06
    outer loop
      vertex 7.0541 -4.07268 0.0202942
      vertex 7.53332 -4.34936 -1.5
      vertex 6.70765 -3.87266 0.0202942
    endloop
  endfacet
  facet normal 0.500001 0.866025 -1.85075e-06
    outer loop
      vertex 6.24125 -3.60338 1.5
      vertex 6.70765 -3.87266 0.0202942
      vertex 5.80127 -3.34936 0
    endloop
  endfacet
  facet normal 0.499996 0.866028 0
    outer loop
      vertex 5.80127 -3.34936 1.5
      vertex 6.24125 -3.60338 1.5
      vertex 5.80127 -3.34936 0
    endloop
  endfacet
  facet normal 0.500001 0.866025 1.09594e-06
    outer loop
      vertex 6.70765 -3.87266 0.0202942
      vertex 7.53332 -4.34936 -1.5
      vertex 5.80127 -3.34936 0
    endloop
  endfacet
  facet normal 0.500003 0.866024 1.01954e-06
    outer loop
      vertex 5.6194 -3.24436 0.62003
      vertex 4.89489 -2.82606 0.0202942
      vertex 5.36129 -3.09534 1.5
    endloop
  endfacet
  facet normal 0.500004 0.866023 0
    outer loop
      vertex 4.89489 -2.82606 0.0202942
      vertex 5.6194 -3.24436 0.62003
      vertex 5.6194 -3.24436 0.00407203
    endloop
  endfacet
  facet normal 0.499994 0.866029 3.61995e-06
    outer loop
      vertex 4.54844 -2.62604 0.0202942
      vertex 4.89489 -2.82606 0.0202942
      vertex 4.06922 -2.34936 -1.5
    endloop
  endfacet
  facet normal 0.5 0.866025 0
    outer loop
      vertex 4.06922 -2.34936 -1.5
      vertex 5.80127 -3.34936 -0.511834
      vertex 7.53332 -4.34936 -1.5
    endloop
  endfacet
  facet normal 0.5 0.866025 0
    outer loop
      vertex 7.53332 -4.34936 -1.5
      vertex 5.80127 -3.34936 -0.511834
      vertex 5.80127 -3.34936 0
    endloop
  endfacet
  facet normal 0.500001 0.866025 -0
    outer loop
      vertex 5.6194 -3.24436 -0.511834
      vertex 4.06922 -2.34936 -1.5
      vertex 5.6194 -3.24436 -0.1575
    endloop
  endfacet
  facet normal 0.49999 0.866031 2.28895e-05
    outer loop
      vertex 5.80127 -3.34936 -0.511834
      vertex 4.06922 -2.34936 -1.5
      vertex 5.6194 -3.24436 -0.511834
    endloop
  endfacet
  facet normal -0.931814 0.164291 0.323622
    outer loop
      vertex 4.54844 -2.62604 0.0202942
      vertex 4.06922 -2.34936 -1.5
      vertex 3.7883 -3.94266 -1.5
    endloop
  endfacet
  facet normal -0.353549 -0.612373 0.707108
    outer loop
      vertex 4.54844 -2.62604 0.0202942
      vertex 4.13474 -4.14268 -1.5
      vertex 4.89489 -2.82606 0.0202942
    endloop
  endfacet
  facet normal -0.353557 -0.61237 0.707107
    outer loop
      vertex 4.13474 -4.14268 -1.5
      vertex 4.54844 -2.62604 0.0202942
      vertex 3.7883 -3.94266 -1.5
    endloop
  endfacet
  facet normal -0.931815 0.164312 0.323609
    outer loop
      vertex 5.36129 -3.09534 1.5
      vertex 4.13474 -4.14268 -1.5
      vertex 3.86129 -5.69342 -1.5
    endloop
  endfacet
  facet normal -0.931815 0.164314 0.323608
    outer loop
      vertex 5.36129 -3.09534 1.5
      vertex 4.89489 -2.82606 0.0202942
      vertex 4.13474 -4.14268 -1.5
    endloop
  endfacet
  facet normal 0.62832 -0.715477 0.305462
    outer loop
      vertex 5.05127 -4.6484 -1.5
      vertex 5.80127 -3.34936 0
      vertex 3.86129 -5.69342 -1.5
    endloop
  endfacet
  facet normal 0.921986 -0.232334 0.309779
    outer loop
      vertex 5.36129 -3.09534 1.5
      vertex 5.6194 -3.24438 0.620015
      vertex 5.6194 -3.24436 0.62003
    endloop
  endfacet
  facet normal 0.628326 -0.715476 0.305451
    outer loop
      vertex 5.6194 -3.24438 0.620015
      vertex 3.86129 -5.69342 -1.5
      vertex 5.80127 -3.34936 0
    endloop
  endfacet
  facet normal 0.628312 -0.715481 0.30547
    outer loop
      vertex 3.86129 -5.69342 -1.5
      vertex 5.6194 -3.24438 0.620015
      vertex 5.36129 -3.09534 1.5
    endloop
  endfacet
  facet normal -0.866026 0.499999 1.4803e-16
    outer loop
      vertex 5.80127 -3.34936 1.5
      vertex 5.05127 -4.6484 -1.5
      vertex 4.30127 -5.94744 -1.5
    endloop
  endfacet
  facet normal -0.866026 0.499999 0
    outer loop
      vertex 5.80127 -3.34936 1.5
      vertex 5.80127 -3.34936 0
      vertex 5.05127 -4.6484 -1.5
    endloop
  endfacet
  facet normal -0.353551 -0.612374 0.707107
    outer loop
      vertex 5.80127 -3.34936 1.5
      vertex 4.74125 -6.20146 -1.5
      vertex 6.24125 -3.60338 1.5
    endloop
  endfacet
  facet normal -0.353551 -0.612374 0.707107
    outer loop
      vertex 4.74125 -6.20146 -1.5
      vertex 5.80127 -3.34936 1.5
      vertex 4.30127 -5.94744 -1.5
    endloop
  endfacet
  facet normal 0.608205 -0.724819 0.323611
    outer loop
      vertex 5.9475 -5.18928 -1.5
      vertex 6.70765 -3.87266 0.0202942
      vertex 4.74125 -6.20146 -1.5
    endloop
  endfacet
  facet normal 0.608206 -0.724819 0.323609
    outer loop
      vertex 6.70765 -3.87266 0.0202942
      vertex 6.24125 -3.60338 1.5
      vertex 4.74125 -6.20146 -1.5
    endloop
  endfacet
  facet normal -0.353549 -0.612373 0.707108
    outer loop
      vertex 6.70765 -3.87266 0.0202942
      vertex 6.29395 -5.3893 -1.5
      vertex 7.0541 -4.07268 0.0202942
    endloop
  endfacet
  facet normal -0.353549 -0.612373 0.707108
    outer loop
      vertex 6.29395 -5.3893 -1.5
      vertex 6.70765 -3.87266 0.0202942
      vertex 5.9475 -5.18928 -1.5
    endloop
  endfacet
  facet normal 0.608192 -0.724825 0.323623
    outer loop
      vertex 7.53332 -4.34936 -1.5
      vertex 7.0541 -4.07268 0.0202942
      vertex 6.29395 -5.3893 -1.5
    endloop
  endfacet
  facet normal -0 0 -1
    outer loop
      vertex 10.0753 -7.54904 -1.5
      vertex 8.88534 -8.59406 -1.5
      vertex 9.15879 -7.04331 -1.5
    endloop
  endfacet
  facet normal 0 0 -1
    outer loop
      vertex 9.76529 -9.1021 -1.5
      vertex 10.0753 -7.54904 -1.5
      vertex 10.9716 -8.08991 -1.5
    endloop
  endfacet
  facet normal 0 0 -1
    outer loop
      vertex 10.0753 -7.54904 -1.5
      vertex 9.76529 -9.1021 -1.5
      vertex 9.32532 -8.84808 -1.5
    endloop
  endfacet
  facet normal 0 0 -1
    outer loop
      vertex 10.9716 -8.08991 -1.5
      vertex 12.5574 -7.25 -1.5
      vertex 11.318 -8.28993 -1.5
    endloop
  endfacet
  facet normal 0 0 -1
    outer loop
      vertex 10.0753 -7.54904 -1.5
      vertex 12.5574 -7.25 -1.5
      vertex 10.9716 -8.08991 -1.5
    endloop
  endfacet
  facet normal 0 0 -1
    outer loop
      vertex 9.09327 -5.25 -1.5
      vertex 10.0753 -7.54904 -1.5
      vertex 9.15879 -7.04331 -1.5
    endloop
  endfacet
  facet normal 0 0 -1
    outer loop
      vertex 10.0753 -7.54904 -1.5
      vertex 9.09327 -5.25 -1.5
      vertex 12.5574 -7.25 -1.5
    endloop
  endfacet
  facet normal 0 -0 -1
    outer loop
      vertex 9.09327 -5.25 -1.5
      vertex 9.15879 -7.04331 -1.5
      vertex 8.81234 -6.84329 -1.5
    endloop
  endfacet
  facet normal 0.499986 0.866034 -0
    outer loop
      vertex 10.6318 -6.13826 -0.167612
      vertex 9.91893 -5.7267 0.0202942
      vertex 10.6318 -6.13826 0.00433347
    endloop
  endfacet
  facet normal 0.499988 0.866032 1.15335e-05
    outer loop
      vertex 9.91893 -5.7267 0.0202942
      vertex 10.6318 -6.13826 -0.167612
      vertex 9.09327 -5.25 -1.5
    endloop
  endfacet
  facet normal 0.500209 0.865904 -0
    outer loop
      vertex 10.8134 -6.24314 -0.0102857
      vertex 10.6759 -6.16371 0.00334637
      vertex 10.8134 -6.24314 0.000265927
    endloop
  endfacet
  facet normal 0.500198 0.865911 -0.000151923
    outer loop
      vertex 10.6759 -6.16371 0.00334637
      vertex 10.8134 -6.24314 -0.0102857
      vertex 10.6636 -6.15663 -0.140061
    endloop
  endfacet
  facet normal 0.500048 0.865997 4.54417e-05
    outer loop
      vertex 12.0781 -6.97332 0.0202942
      vertex 12.5574 -7.25 -1.5
      vertex 11.7317 -6.7733 0.0202942
    endloop
  endfacet
  facet normal 0.499991 0.866031 -5.97236e-06
    outer loop
      vertex 11.7317 -6.7733 0.0202942
      vertex 10.9951 -6.34803 0.578858
      vertex 11.2653 -6.50402 1.5
    endloop
  endfacet
  facet normal 0.499995 0.866029 0
    outer loop
      vertex 10.9951 -6.34803 0.578858
      vertex 11.7317 -6.7733 0.0202942
      vertex 10.9951 -6.34803 0.00380164
    endloop
  endfacet
  facet normal 0.499976 0.866039 0
    outer loop
      vertex 10.9951 -6.34803 1.5
      vertex 11.2653 -6.50402 1.5
      vertex 10.9951 -6.34803 0.578858
    endloop
  endfacet
  facet normal 0.499995 0.866029 0
    outer loop
      vertex 11.7317 -6.7733 0.0202942
      vertex 10.9951 -6.34803 -0.147042
      vertex 10.9951 -6.34803 0.00380164
    endloop
  endfacet
  facet normal 0.499994 0.866029 5.65802e-06
    outer loop
      vertex 10.9951 -6.34803 -0.147042
      vertex 11.7317 -6.7733 0.0202942
      vertex 12.5574 -7.25 -1.5
    endloop
  endfacet
  facet normal 0.499968 0.866044 2.5637e-05
    outer loop
      vertex 10.6318 -6.13826 0.659838
      vertex 9.91893 -5.7267 0.0202942
      vertex 10.3853 -5.99598 1.5
    endloop
  endfacet
  facet normal 0.499986 0.866034 0
    outer loop
      vertex 9.91893 -5.7267 0.0202942
      vertex 10.6318 -6.13826 0.659838
      vertex 10.6318 -6.13826 0.00433347
    endloop
  endfacet
  facet normal 0.500206 0.865907 1.80132e-05
    outer loop
      vertex 10.8134 -6.24314 0.0404915
      vertex 10.6759 -6.16371 0.00334637
      vertex 10.7094 -6.18307 0.395213
    endloop
  endfacet
  facet normal 0.500209 0.865904 0
    outer loop
      vertex 10.6759 -6.16371 0.00334637
      vertex 10.8134 -6.24314 0.0404915
      vertex 10.8134 -6.24314 0.000265927
    endloop
  endfacet
  facet normal 0.500005 0.866022 -9.29342e-07
    outer loop
      vertex 9.57249 -5.52668 0.0202942
      vertex 9.91893 -5.7267 0.0202942
      vertex 9.09327 -5.25 -1.5
    endloop
  endfacet
  facet normal 0.499948 0.866055 -8.82794e-05
    outer loop
      vertex 12.5574 -7.25 -1.5
      vertex 10.8134 -6.24314 -0.511834
      vertex 10.9951 -6.34803 -0.511834
    endloop
  endfacet
  facet normal 0.499997 0.866027 2.68344e-05
    outer loop
      vertex 9.09327 -5.25 -1.5
      vertex 10.8134 -6.24314 -0.511834
      vertex 12.5574 -7.25 -1.5
    endloop
  endfacet
  facet normal 0.49999 0.866031 0
    outer loop
      vertex 12.5574 -7.25 -1.5
      vertex 10.9951 -6.34803 -0.511834
      vertex 10.9951 -6.34803 -0.147042
    endloop
  endfacet
  facet normal 0.499754 0.866167 0.000531651
    outer loop
      vertex 10.8134 -6.24314 -0.0102857
      vertex 10.6617 -6.15552 -0.162469
      vertex 10.6636 -6.15663 -0.140061
    endloop
  endfacet
  facet normal 0.500154 0.865936 -0
    outer loop
      vertex 10.8134 -6.24314 -0.511834
      vertex 10.6617 -6.15552 -0.162469
      vertex 10.8134 -6.24314 -0.0102857
    endloop
  endfacet
  facet normal 0.500119 0.865957 -2.04189e-05
    outer loop
      vertex 10.6617 -6.15552 -0.162469
      vertex 10.8134 -6.24314 -0.511834
      vertex 10.6318 -6.13826 -0.511834
    endloop
  endfacet
  facet normal 0.499995 0.866028 -0
    outer loop
      vertex 10.6318 -6.13826 -0.511834
      vertex 9.09327 -5.25 -1.5
      vertex 10.6318 -6.13826 -0.167612
    endloop
  endfacet
  facet normal 0.500119 0.865957 -0.000255806
    outer loop
      vertex 10.8134 -6.24314 -0.511834
      vertex 9.09327 -5.25 -1.5
      vertex 10.6318 -6.13826 -0.511834
    endloop
  endfacet
  facet normal -0.931813 0.164298 0.323622
    outer loop
      vertex 9.57249 -5.52668 0.0202942
      vertex 9.09327 -5.25 -1.5
      vertex 8.81234 -6.84329 -1.5
    endloop
  endfacet
  facet normal -0.353558 -0.612372 0.707105
    outer loop
      vertex 9.57249 -5.52668 0.0202942
      vertex 9.15879 -7.04331 -1.5
      vertex 9.91893 -5.7267 0.0202942
    endloop
  endfacet
  facet normal -0.35355 -0.612375 0.707106
    outer loop
      vertex 9.15879 -7.04331 -1.5
      vertex 9.57249 -5.52668 0.0202942
      vertex 8.81234 -6.84329 -1.5
    endloop
  endfacet
  facet normal -0.931818 0.164311 0.323599
    outer loop
      vertex 10.3853 -5.99598 1.5
      vertex 9.15879 -7.04331 -1.5
      vertex 8.88534 -8.59406 -1.5
    endloop
  endfacet
  facet normal -0.931818 0.164328 0.323593
    outer loop
      vertex 10.3853 -5.99598 1.5
      vertex 9.91893 -5.7267 0.0202942
      vertex 9.15879 -7.04331 -1.5
    endloop
  endfacet
  facet normal 0.628271 -0.715503 0.305501
    outer loop
      vertex 10.3853 -5.99598 1.5
      vertex 9.94282 -7.22388 -0.465844
      vertex 10.6318 -6.13826 0.659838
    endloop
  endfacet
  facet normal 0.62831 -0.715479 0.305478
    outer loop
      vertex 10.3853 -5.99598 1.5
      vertex 9.88343 -7.29567 -0.511834
      vertex 9.94282 -7.22388 -0.465844
    endloop
  endfacet
  facet normal 0.628323 -0.715478 0.305452
    outer loop
      vertex 10.0753 -7.54904 -1.5
      vertex 10.4754 -6.77581 -0.511834
      vertex 9.88343 -7.29567 -0.511834
    endloop
  endfacet
  facet normal 0.628308 -0.71548 0.305479
    outer loop
      vertex 8.88534 -8.59406 -1.5
      vertex 9.88343 -7.29567 -0.511834
      vertex 10.3853 -5.99598 1.5
    endloop
  endfacet
  facet normal 0.628328 -0.715474 0.305452
    outer loop
      vertex 10.0753 -7.54904 -1.5
      vertex 9.88343 -7.29567 -0.511834
      vertex 8.88534 -8.59406 -1.5
    endloop
  endfacet
  facet normal 0.628326 -0.715477 0.30545
    outer loop
      vertex 10.4754 -6.77581 -0.511834
      vertex 10.0753 -7.54904 -1.5
      vertex 10.5694 -6.69326 -0.511834
    endloop
  endfacet
  facet normal 0.628418 -0.715418 0.305396
    outer loop
      vertex 10.5466 -6.4054 0.209381
      vertex 10.8134 -6.24314 0.0404915
      vertex 10.7094 -6.18307 0.395213
    endloop
  endfacet
  facet normal 0.62833 -0.71548 0.305434
    outer loop
      vertex 10.4754 -6.77581 -0.511834
      vertex 10.5466 -6.4054 0.209381
      vertex 9.94565 -7.22594 -0.476479
    endloop
  endfacet
  facet normal 0.628313 -0.715466 0.305501
    outer loop
      vertex 10.4754 -6.77581 -0.511834
      vertex 9.93202 -7.24121 -0.484225
      vertex 9.88343 -7.29567 -0.511834
    endloop
  endfacet
  facet normal 0.628418 -0.715419 0.305395
    outer loop
      vertex 10.5466 -6.4054 0.209381
      vertex 10.4754 -6.77581 -0.511834
      vertex 10.8134 -6.24314 0.0404915
    endloop
  endfacet
  facet normal 0.628411 -0.715613 0.304954
    outer loop
      vertex 9.93202 -7.24121 -0.484225
      vertex 10.4754 -6.77581 -0.511834
      vertex 9.94565 -7.22594 -0.476479
    endloop
  endfacet
  facet normal -0.866026 0.499999 1.3941e-05
    outer loop
      vertex 10.0753 -7.54904 -1.5
      vertex 9.8194 -7.9923 -0.511834
      vertex 10.5694 -6.69326 -0.511834
    endloop
  endfacet
  facet normal -0.866031 0.499989 7.96011e-06
    outer loop
      vertex 9.8194 -7.9923 -0.511834
      vertex 10.0753 -7.54904 -1.5
      vertex 9.32532 -8.84808 -1.5
    endloop
  endfacet
  facet normal -0.353537 -0.612383 0.707106
    outer loop
      vertex 10.2826 -7.47075 0.171443
      vertex 11.2653 -6.50402 1.5
      vertex 10.9951 -6.34803 1.5
    endloop
  endfacet
  facet normal -0.353562 -0.612368 0.707106
    outer loop
      vertex 9.76529 -9.1021 -1.5
      vertex 10.2826 -7.47075 0.171443
      vertex 9.84088 -8.0047 -0.511834
    endloop
  endfacet
  facet normal -0.353549 -0.612374 0.707108
    outer loop
      vertex 10.2826 -7.47075 0.171443
      vertex 9.76529 -9.1021 -1.5
      vertex 11.2653 -6.50402 1.5
    endloop
  endfacet
  facet normal -0.353521 -0.61239 0.707107
    outer loop
      vertex 9.32532 -8.84808 -1.5
      vertex 9.84088 -8.0047 -0.511834
      vertex 9.8194 -7.9923 -0.511834
    endloop
  endfacet
  facet normal -0.353556 -0.61237 0.707108
    outer loop
      vertex 9.84088 -8.0047 -0.511834
      vertex 9.32532 -8.84808 -1.5
      vertex 9.76529 -9.1021 -1.5
    endloop
  endfacet
  facet normal 0.608184 -0.724823 0.32364
    outer loop
      vertex 10.9716 -8.08991 -1.5
      vertex 11.7317 -6.7733 0.0202942
      vertex 9.76529 -9.1021 -1.5
    endloop
  endfacet
  facet normal 0.608205 -0.72482 0.323609
    outer loop
      vertex 11.7317 -6.7733 0.0202942
      vertex 11.2653 -6.50402 1.5
      vertex 9.76529 -9.1021 -1.5
    endloop
  endfacet
  facet normal -0.353591 -0.612358 0.707101
    outer loop
      vertex 11.7317 -6.7733 0.0202942
      vertex 11.318 -8.28993 -1.5
      vertex 12.0781 -6.97332 0.0202942
    endloop
  endfacet
  facet normal -0.353591 -0.612358 0.707101
    outer loop
      vertex 11.318 -8.28993 -1.5
      vertex 11.7317 -6.7733 0.0202942
      vertex 10.9716 -8.08991 -1.5
    endloop
  endfacet
  facet normal 0.608174 -0.724828 0.32365
    outer loop
      vertex 12.5574 -7.25 -1.5
      vertex 12.0781 -6.97332 0.0202942
      vertex 11.318 -8.28993 -1.5
    endloop
  endfacet
  facet normal 0 0 -1
    outer loop
      vertex -3.90063 -0.0573683 -1.5
      vertex -4.74055 1.52845 -1.5
      vertex -4.19967 2.42468 -1.5
    endloop
  endfacet
  facet normal 0 -0 -1
    outer loop
      vertex -4.74055 1.52845 -1.5
      vertex -3.90063 -0.0573683 -1.5
      vertex -4.94057 1.182 -1.5
    endloop
  endfacet
  facet normal -0 0 -1
    outer loop
      vertex -1.90063 3.40673 -1.5
      vertex -3.69395 3.34121 -1.5
      vertex -3.49393 3.68766 -1.5
    endloop
  endfacet
  facet normal 0 0 -1
    outer loop
      vertex -4.19967 2.42468 -1.5
      vertex -1.90063 3.40673 -1.5
      vertex -3.90063 -0.0573683 -1.5
    endloop
  endfacet
  facet normal 0 0 -1
    outer loop
      vertex -1.90063 3.40673 -1.5
      vertex -4.19967 2.42468 -1.5
      vertex -3.69395 3.34121 -1.5
    endloop
  endfacet
  facet normal -0 0 -1
    outer loop
      vertex -3.69395 3.34121 -1.5
      vertex -4.19967 2.42468 -1.5
      vertex -5.24469 3.61466 -1.5
    endloop
  endfacet
  facet normal 0 0 -1
    outer loop
      vertex -5.75273 2.7347 -1.5
      vertex -4.19967 2.42468 -1.5
      vertex -4.74055 1.52845 -1.5
    endloop
  endfacet
  facet normal 0 0 -1
    outer loop
      vertex -4.19967 2.42468 -1.5
      vertex -5.75273 2.7347 -1.5
      vertex -5.49871 3.17468 -1.5
    endloop
  endfacet
  facet normal 0.866026 -0.5 -2.26755e-05
    outer loop
      vertex -2.61046 2.17728 -0.137316
      vertex -2.51125 2.34911 0.0151007
      vertex -2.6022 2.19158 0.0115735
    endloop
  endfacet
  facet normal 0.865915 -0.500192 0
    outer loop
      vertex -2.38901 2.56084 -0.511834
      vertex -2.37733 2.58106 0.0202942
      vertex -2.38901 2.56084 0.0198413
    endloop
  endfacet
  facet normal 0.866018 -0.500012 -9.12179e-06
    outer loop
      vertex -2.37733 2.58106 0.0202942
      vertex -2.38901 2.56084 -0.511834
      vertex -1.90063 3.40673 -1.5
    endloop
  endfacet
  facet normal 0.86603 -0.499993 1.28474e-05
    outer loop
      vertex -2.51125 2.34911 -0.511834
      vertex -1.90063 3.40673 -1.5
      vertex -2.38901 2.56084 -0.511834
    endloop
  endfacet
  facet normal 0.866017 -0.500015 0
    outer loop
      vertex -2.51125 2.34911 0.0151007
      vertex -2.61046 2.17728 -0.137316
      vertex -2.51125 2.34911 -0.511834
    endloop
  endfacet
  facet normal 0.866025 -0.5 2.19369e-06
    outer loop
      vertex -2.51125 2.34911 -0.511834
      vertex -2.62571 2.15086 -0.412381
      vertex -1.90063 3.40673 -1.5
    endloop
  endfacet
  facet normal 0.866027 -0.499997 1.09194e-05
    outer loop
      vertex -2.62571 2.15086 -0.412381
      vertex -2.51125 2.34911 -0.511834
      vertex -2.61046 2.17728 -0.137316
    endloop
  endfacet
  facet normal 0.866034 -0.499986 0
    outer loop
      vertex -2.79563 1.85655 -0.1575
      vertex -2.63123 2.14131 0.0104479
      vertex -2.79563 1.85655 0.00407202
    endloop
  endfacet
  facet normal 0.866034 -0.499986 0
    outer loop
      vertex -2.63123 2.14131 0.0104479
      vertex -2.79563 1.85655 -0.1575
      vertex -2.63123 2.14131 -0.404109
    endloop
  endfacet
  facet normal 0.866025 -0.500001 1.9492e-07
    outer loop
      vertex -3.42393 0.768299 0.0202942
      vertex -3.62395 0.421855 0.0202942
      vertex -3.90063 -0.0573683 -1.5
    endloop
  endfacet
  facet normal 0.866025 -0.5 4.1238e-06
    outer loop
      vertex -2.90063 1.67468 0
      vertex -3.15466 1.2347 1.5
      vertex -3.42393 0.768299 0.0202942
    endloop
  endfacet
  facet normal 0.866019 -0.500011 0
    outer loop
      vertex -2.90063 1.67468 0
      vertex -2.90063 1.67468 1.5
      vertex -3.15466 1.2347 1.5
    endloop
  endfacet
  facet normal 0.866025 -0.5 -7.73741e-08
    outer loop
      vertex -2.90063 1.67468 0
      vertex -3.42393 0.768299 0.0202942
      vertex -3.90063 -0.0573683 -1.5
    endloop
  endfacet
  facet normal 0.865915 -0.500192 0
    outer loop
      vertex -2.37733 2.58106 0.0202942
      vertex -2.38901 2.56084 0.0844659
      vertex -2.38901 2.56084 0.0198413
    endloop
  endfacet
  facet normal 0.866072 -0.49992 -3.15882e-05
    outer loop
      vertex -2.79563 1.85655 0.620029
      vertex -2.63123 2.14131 1.41546
      vertex -2.64661 2.11466 1.5
    endloop
  endfacet
  facet normal 0.866034 -0.499986 0
    outer loop
      vertex -2.63123 2.14131 1.41546
      vertex -2.79563 1.85655 0.620029
      vertex -2.63123 2.14131 0.0104479
    endloop
  endfacet
  facet normal 0.866034 -0.499986 0
    outer loop
      vertex -2.63123 2.14131 0.0104479
      vertex -2.79563 1.85655 0.620029
      vertex -2.79563 1.85655 0.00407202
    endloop
  endfacet
  facet normal 0.866003 -0.500038 2.02801e-06
    outer loop
      vertex -2.57641 2.23626 0.476805
      vertex -2.51125 2.34911 0.756186
      vertex -2.54858 2.28446 0.961286
    endloop
  endfacet
  facet normal 0.866005 -0.500035 0
    outer loop
      vertex -2.51125 2.34911 0.756186
      vertex -2.57641 2.23626 0.476805
      vertex -2.51125 2.34911 0.0151007
    endloop
  endfacet
  facet normal 0.866025 -0.5 1.12181e-05
    outer loop
      vertex -2.51125 2.34911 0.0151007
      vertex -2.57641 2.23626 0.476805
      vertex -2.6022 2.19158 0.0115735
    endloop
  endfacet
  facet normal 0.866029 -0.499994 3.61995e-06
    outer loop
      vertex -1.90063 3.40673 -1.5
      vertex -2.17731 2.92751 0.0202942
      vertex -2.37733 2.58106 0.0202942
    endloop
  endfacet
  facet normal 0.866006 -0.500034 -5.04957e-05
    outer loop
      vertex -2.63123 2.14131 -0.511834
      vertex -1.90063 3.40673 -1.5
      vertex -2.62571 2.15086 -0.412381
    endloop
  endfacet
  facet normal 0.866034 -0.499986 0
    outer loop
      vertex -2.79563 1.85655 -0.511834
      vertex -2.63123 2.14131 -0.404109
      vertex -2.79563 1.85655 -0.1575
    endloop
  endfacet
  facet normal 0.866034 -0.499986 0
    outer loop
      vertex -2.63123 2.14131 -0.404109
      vertex -2.79563 1.85655 -0.511834
      vertex -2.63123 2.14131 -0.511834
    endloop
  endfacet
  facet normal 0.866034 -0.499986 3.26482e-05
    outer loop
      vertex -2.79563 1.85655 -0.511834
      vertex -1.90063 3.40673 -1.5
      vertex -2.63123 2.14131 -0.511834
    endloop
  endfacet
  facet normal 0.866015 -0.500018 -3.58257e-05
    outer loop
      vertex -2.88629 1.69953 -0.511834
      vertex -1.90063 3.40673 -1.5
      vertex -2.79563 1.85655 -0.511834
    endloop
  endfacet
  facet normal 0.866025 -0.5 5.85185e-06
    outer loop
      vertex -2.88629 1.69953 -0.511834
      vertex -3.90063 -0.0573683 -1.5
      vertex -1.90063 3.40673 -1.5
    endloop
  endfacet
  facet normal 0.866029 -0.499993 -1.16503e-05
    outer loop
      vertex -3.90063 -0.0573683 -1.5
      vertex -2.88629 1.69953 -0.511834
      vertex -2.90063 1.67468 0
    endloop
  endfacet
  facet normal 0.164491 0.931834 0.323462
    outer loop
      vertex -2.17731 2.92751 0.0202942
      vertex -2.62085 3.19052 -0.511834
      vertex -2.61871 3.18235 -0.489386
    endloop
  endfacet
  facet normal 0.164289 0.931815 0.323621
    outer loop
      vertex -1.90063 3.40673 -1.5
      vertex -2.62085 3.19052 -0.511834
      vertex -2.17731 2.92751 0.0202942
    endloop
  endfacet
  facet normal 0.16428 0.931818 0.323616
    outer loop
      vertex -1.90063 3.40673 -1.5
      vertex -2.63815 3.19357 -0.511834
      vertex -2.62085 3.19052 -0.511834
    endloop
  endfacet
  facet normal 0.164297 0.931811 0.323627
    outer loop
      vertex -2.63815 3.19357 -0.511834
      vertex -1.90063 3.40673 -1.5
      vertex -3.49393 3.68766 -1.5
    endloop
  endfacet
  facet normal -0.612376 0.353544 0.707109
    outer loop
      vertex -2.63815 3.19357 -0.511834
      vertex -3.49393 3.68766 -1.5
      vertex -2.77522 2.95615 -0.511834
    endloop
  endfacet
  facet normal -0.612372 0.353548 0.70711
    outer loop
      vertex -3.69395 3.34121 -1.5
      vertex -2.77522 2.95615 -0.511834
      vertex -3.49393 3.68766 -1.5
    endloop
  endfacet
  facet normal -0.612355 0.353582 0.707107
    outer loop
      vertex -2.77522 2.95615 -0.511834
      vertex -3.69395 3.34121 -1.5
      vertex -2.72215 2.79632 -0.385954
    endloop
  endfacet
  facet normal -0.612367 0.353561 0.707108
    outer loop
      vertex -2.72215 2.79632 -0.385954
      vertex -3.69395 3.34121 -1.5
      vertex -2.71361 2.77521 -0.368003
    endloop
  endfacet
  facet normal -0.612362 0.353542 0.707122
    outer loop
      vertex -2.46035 2.70897 -0.115552
      vertex -2.37733 2.58106 0.0202942
      vertex -2.17731 2.92751 0.0202942
    endloop
  endfacet
  facet normal -0.612329 0.353575 0.707133
    outer loop
      vertex -2.37733 2.58106 0.0202942
      vertex -2.46035 2.70897 -0.115552
      vertex -2.407 2.59819 -0.0139632
    endloop
  endfacet
  facet normal -0.612366 0.353553 0.707113
    outer loop
      vertex -2.17731 2.92751 0.0202942
      vertex -2.52508 2.86884 -0.251543
      vertex -2.46035 2.70897 -0.115552
    endloop
  endfacet
  facet normal -0.612361 0.353587 0.7071
    outer loop
      vertex -2.17731 2.92751 0.0202942
      vertex -2.57942 3.03253 -0.380456
      vertex -2.52508 2.86884 -0.251543
    endloop
  endfacet
  facet normal -0.612388 0.353522 0.707109
    outer loop
      vertex -2.57942 3.03253 -0.380456
      vertex -2.17731 2.92751 0.0202942
      vertex -2.61871 3.18235 -0.489386
    endloop
  endfacet
  facet normal 0.164312 0.931815 0.323609
    outer loop
      vertex -2.64661 2.11466 1.5
      vertex -3.69395 3.34121 -1.5
      vertex -5.24469 3.61466 -1.5
    endloop
  endfacet
  facet normal 0.164282 0.931816 0.32362
    outer loop
      vertex -2.51125 2.34911 0.756186
      vertex -2.57571 2.3167 0.882228
      vertex -2.54858 2.28446 0.961286
    endloop
  endfacet
  facet normal 0.164298 0.931811 0.323627
    outer loop
      vertex -2.51125 2.34911 0.756186
      vertex -2.6562 2.41236 0.64766
      vertex -2.57571 2.3167 0.882228
    endloop
  endfacet
  facet normal 0.164311 0.931814 0.323612
    outer loop
      vertex -2.5717 2.45644 0.477831
      vertex -2.6562 2.41236 0.64766
      vertex -2.51125 2.34911 0.756186
    endloop
  endfacet
  facet normal 0.164304 0.931816 0.323609
    outer loop
      vertex -2.5717 2.45644 0.477831
      vertex -2.72441 2.50265 0.422306
      vertex -2.6562 2.41236 0.64766
    endloop
  endfacet
  facet normal 0.164298 0.931813 0.323622
    outer loop
      vertex -2.5717 2.45644 0.477831
      vertex -2.77504 2.56967 0.255038
      vertex -2.72441 2.50265 0.422306
    endloop
  endfacet
  facet normal 0.164303 0.931813 0.323618
    outer loop
      vertex -2.65238 2.62397 0.0364133
      vertex -2.77504 2.56967 0.255038
      vertex -2.5717 2.45644 0.477831
    endloop
  endfacet
  facet normal 0.164297 0.931815 0.323615
    outer loop
      vertex -2.65238 2.62397 0.0364133
      vertex -2.86558 2.70372 -0.0849787
      vertex -2.77504 2.56967 0.255038
    endloop
  endfacet
  facet normal 0.164308 0.93182 0.323597
    outer loop
      vertex -2.71361 2.77521 -0.368003
      vertex -2.86558 2.70372 -0.0849787
      vertex -2.65238 2.62397 0.0364133
    endloop
  endfacet
  facet normal 0.164314 0.931818 0.323599
    outer loop
      vertex -2.86558 2.70372 -0.0849787
      vertex -2.71361 2.77521 -0.368003
      vertex -2.88712 2.73561 -0.16587
    endloop
  endfacet
  facet normal 0.164321 0.931815 0.323604
    outer loop
      vertex -2.71361 2.77521 -0.368003
      vertex -2.96777 2.86998 -0.511834
      vertex -2.88712 2.73561 -0.16587
    endloop
  endfacet
  facet normal 0.164323 0.931816 0.323601
    outer loop
      vertex -2.96777 2.86998 -0.511834
      vertex -2.71361 2.77521 -0.368003
      vertex -3.69395 3.34121 -1.5
    endloop
  endfacet
  facet normal 0.164113 0.93185 0.323608
    outer loop
      vertex -2.66004 2.18556 1.30265
      vertex -2.64661 2.11466 1.5
      vertex -2.63123 2.14131 1.41546
    endloop
  endfacet
  facet normal 0.16459 0.931785 0.323553
    outer loop
      vertex -2.75789 2.35931 0.852051
      vertex -2.64661 2.11466 1.5
      vertex -2.66004 2.18556 1.30265
    endloop
  endfacet
  facet normal 0.164336 0.931814 0.323598
    outer loop
      vertex -3.69395 3.34121 -1.5
      vertex -2.75789 2.35931 0.852051
      vertex -2.8444 2.53896 0.378675
    endloop
  endfacet
  facet normal 0.164297 0.931816 0.323615
    outer loop
      vertex -2.75789 2.35931 0.852051
      vertex -3.69395 3.34121 -1.5
      vertex -2.64661 2.11466 1.5
    endloop
  endfacet
  facet normal 0.164296 0.931815 0.323617
    outer loop
      vertex -2.91923 2.72379 -0.11553
      vertex -3.69395 3.34121 -1.5
      vertex -2.8444 2.53896 0.378675
    endloop
  endfacet
  facet normal 0.164317 0.931815 0.323605
    outer loop
      vertex -3.69395 3.34121 -1.5
      vertex -2.91923 2.72379 -0.11553
      vertex -2.96777 2.86998 -0.511834
    endloop
  endfacet
  facet normal 0.164427 0.93182 0.323537
    outer loop
      vertex -2.38901 2.56084 0.0844659
      vertex -2.37733 2.58106 0.0202942
      vertex -2.407 2.59819 -0.0139632
    endloop
  endfacet
  facet normal -0.715477 -0.62832 0.305462
    outer loop
      vertex -2.90063 1.67468 0
      vertex -5.24469 3.61466 -1.5
      vertex -4.19967 2.42468 -1.5
    endloop
  endfacet
  facet normal -0.715479 -0.628315 0.305467
    outer loop
      vertex -5.24469 3.61466 -1.5
      vertex -2.79564 1.85655 0.620028
      vertex -2.64661 2.11466 1.5
    endloop
  endfacet
  facet normal -0.715476 -0.628324 0.305456
    outer loop
      vertex -5.24469 3.61466 -1.5
      vertex -2.90063 1.67468 0
      vertex -2.79564 1.85655 0.620028
    endloop
  endfacet
  facet normal -0.0285797 -0.957864 0.285797
    outer loop
      vertex -2.64661 2.11466 1.5
      vertex -2.79564 1.85655 0.620028
      vertex -2.79563 1.85655 0.620029
    endloop
  endfacet
  facet normal 0.499999 0.866026 -1.97373e-16
    outer loop
      vertex -5.49871 3.17468 -1.5
      vertex -2.90063 1.67468 0
      vertex -4.19967 2.42468 -1.5
    endloop
  endfacet
  facet normal 0.499999 0.866026 -0
    outer loop
      vertex -2.90063 1.67468 0
      vertex -5.49871 3.17468 -1.5
      vertex -2.90063 1.67468 1.5
    endloop
  endfacet
  facet normal -0.612368 0.353561 0.707107
    outer loop
      vertex -5.49871 3.17468 -1.5
      vertex -3.15466 1.2347 1.5
      vertex -2.90063 1.67468 1.5
    endloop
  endfacet
  facet normal -0.612375 0.353551 0.707106
    outer loop
      vertex -3.15466 1.2347 1.5
      vertex -5.49871 3.17468 -1.5
      vertex -5.75273 2.7347 -1.5
    endloop
  endfacet
  facet normal -0.724819 -0.608205 0.323611
    outer loop
      vertex -4.74055 1.52845 -1.5
      vertex -3.42393 0.768299 0.0202942
      vertex -5.75273 2.7347 -1.5
    endloop
  endfacet
  facet normal -0.724819 -0.608209 0.323606
    outer loop
      vertex -3.42393 0.768299 0.0202942
      vertex -3.15466 1.2347 1.5
      vertex -5.75273 2.7347 -1.5
    endloop
  endfacet
  facet normal -0.612371 0.353553 0.707109
    outer loop
      vertex -4.74055 1.52845 -1.5
      vertex -3.62395 0.421855 0.0202942
      vertex -3.42393 0.768299 0.0202942
    endloop
  endfacet
  facet normal -0.612374 0.353549 0.707108
    outer loop
      vertex -3.62395 0.421855 0.0202942
      vertex -4.74055 1.52845 -1.5
      vertex -4.94057 1.182 -1.5
    endloop
  endfacet
  facet normal -0.724824 -0.608192 0.323624
    outer loop
      vertex -3.90063 -0.0573683 -1.5
      vertex -3.62395 0.421855 0.0202942
      vertex -4.94057 1.182 -1.5
    endloop
  endfacet
  facet normal 0 0 -1
    outer loop
      vertex 3.90063 -0.0573683 -1.5
      vertex 4.74055 1.52845 -1.5
      vertex 4.94057 1.182 -1.5
    endloop
  endfacet
  facet normal -0 0 -1
    outer loop
      vertex 4.74055 1.52845 -1.5
      vertex 3.90063 -0.0573683 -1.5
      vertex 4.19967 2.42468 -1.5
    endloop
  endfacet
  facet normal 0 0 -1
    outer loop
      vertex 5.75273 2.7347 -1.5
      vertex 4.74055 1.52845 -1.5
      vertex 4.19967 2.42468 -1.5
    endloop
  endfacet
  facet normal 0 0 -1
    outer loop
      vertex 4.19967 2.42468 -1.5
      vertex 5.24469 3.61466 -1.5
      vertex 5.49871 3.17468 -1.5
    endloop
  endfacet
  facet normal 0 0 -1
    outer loop
      vertex 4.19967 2.42468 -1.5
      vertex 3.69395 3.34121 -1.5
      vertex 5.24469 3.61466 -1.5
    endloop
  endfacet
  facet normal 0 0 -1
    outer loop
      vertex 1.90063 3.40673 -1.5
      vertex 4.19967 2.42468 -1.5
      vertex 3.90063 -0.0573683 -1.5
    endloop
  endfacet
  facet normal 0 0 -1
    outer loop
      vertex 4.19967 2.42468 -1.5
      vertex 1.90063 3.40673 -1.5
      vertex 3.69395 3.34121 -1.5
    endloop
  endfacet
  facet normal 0 0 -1
    outer loop
      vertex 3.69395 3.34121 -1.5
      vertex 1.90063 3.40673 -1.5
      vertex 3.49393 3.68766 -1.5
    endloop
  endfacet
  facet normal -0.866029 -0.499993 -0
    outer loop
      vertex 3.29002 1.00025 0.0151006
      vertex 3.19081 1.17209 -0.137319
      vertex 3.29002 1.00025 -0.511834
    endloop
  endfacet
  facet normal -0.866023 -0.500003 6.4227e-06
    outer loop
      vertex 3.17556 1.1985 -0.412382
      vertex 3.29002 1.00025 -0.511834
      vertex 3.19081 1.17209 -0.137319
    endloop
  endfacet
  facet normal -0.866196 -0.499704 0
    outer loop
      vertex 3.41226 0.788528 -0.511834
      vertex 3.42393 0.768299 0.0202942
      vertex 3.41226 0.788528 0.0198413
    endloop
  endfacet
  facet normal -0.866036 -0.499981 -1.40501e-05
    outer loop
      vertex 3.41226 0.788528 -0.511834
      vertex 3.90063 -0.0573683 -1.5
      vertex 3.42393 0.768299 0.0202942
    endloop
  endfacet
  facet normal -0.866021 -0.500007 1.52766e-05
    outer loop
      vertex 3.29002 1.00025 -0.511834
      vertex 3.90063 -0.0573683 -1.5
      vertex 3.41226 0.788528 -0.511834
    endloop
  endfacet
  facet normal -0.866022 -0.500007 1.48737e-05
    outer loop
      vertex 3.90063 -0.0573683 -1.5
      vertex 3.29002 1.00025 -0.511834
      vertex 3.17556 1.1985 -0.412382
    endloop
  endfacet
  facet normal -0.866015 -0.500018 -3.78506e-05
    outer loop
      vertex 3.19081 1.17209 -0.137319
      vertex 3.29002 1.00025 0.0151006
      vertex 3.19906 1.15779 0.0115735
    endloop
  endfacet
  facet normal -0.86602 -0.500009 0
    outer loop
      vertex 3.17004 1.20806 -0.404109
      vertex 3.17004 1.20806 0.0104479
      vertex 2.90063 1.67468 0
    endloop
  endfacet
  facet normal -0.866029 -0.499994 3.61995e-06
    outer loop
      vertex 2.37733 2.58106 0.0202942
      vertex 2.17731 2.92751 0.0202942
      vertex 1.90063 3.40673 -1.5
    endloop
  endfacet
  facet normal -0.866023 -0.500004 -0
    outer loop
      vertex 2.79563 1.85655 0.620029
      vertex 2.37733 2.58106 0.0202942
      vertex 2.79563 1.85655 0.00407202
    endloop
  endfacet
  facet normal -0.866024 -0.500003 1.01954e-06
    outer loop
      vertex 2.37733 2.58106 0.0202942
      vertex 2.79563 1.85655 0.620029
      vertex 2.64661 2.11466 1.5
    endloop
  endfacet
  facet normal -0.866025 -0.5 0
    outer loop
      vertex 2.79563 1.85655 0.620029
      vertex 2.79563 1.85655 1.5
      vertex 2.64661 2.11466 1.5
    endloop
  endfacet
  facet normal -0.866024 -0.500003 -2.66689e-06
    outer loop
      vertex 2.79563 1.85655 -0.1575
      vertex 2.37733 2.58106 0.0202942
      vertex 1.90063 3.40673 -1.5
    endloop
  endfacet
  facet normal -0.866023 -0.500004 0
    outer loop
      vertex 2.37733 2.58106 0.0202942
      vertex 2.79563 1.85655 -0.1575
      vertex 2.79563 1.85655 0.00407202
    endloop
  endfacet
  facet normal -0.86602 -0.500009 -0
    outer loop
      vertex 3.17004 1.20806 1.41546
      vertex 2.90063 1.67468 0
      vertex 3.17004 1.20806 0.0104479
    endloop
  endfacet
  facet normal -0.866027 -0.499998 5.23954e-06
    outer loop
      vertex 2.90063 1.67468 0
      vertex 3.17004 1.20806 1.41546
      vertex 3.15466 1.2347 1.5
    endloop
  endfacet
  facet normal -0.866196 -0.499704 0
    outer loop
      vertex 3.42393 0.768299 0.0202942
      vertex 3.41226 0.788528 0.0844707
      vertex 3.41226 0.788528 0.0198413
    endloop
  endfacet
  facet normal -0.866015 -0.500018 -5.57016e-06
    outer loop
      vertex 3.29002 1.00025 0.0151006
      vertex 3.22486 1.1131 0.476805
      vertex 3.19906 1.15779 0.0115735
    endloop
  endfacet
  facet normal -0.866005 -0.500035 0
    outer loop
      vertex 3.22486 1.1131 0.476805
      vertex 3.29002 1.00025 0.0151006
      vertex 3.29002 1.00025 0.756188
    endloop
  endfacet
  facet normal -0.866003 -0.500038 -2.028e-06
    outer loop
      vertex 3.22486 1.1131 0.476805
      vertex 3.29002 1.00025 0.756188
      vertex 3.25269 1.0649 0.961288
    endloop
  endfacet
  facet normal -0.866025 -0.500001 1.9492e-07
    outer loop
      vertex 3.90063 -0.0573683 -1.5
      vertex 3.62395 0.421855 0.0202942
      vertex 3.42393 0.768299 0.0202942
    endloop
  endfacet
  facet normal -0.866015 -0.500018 -3.58257e-05
    outer loop
      vertex 1.90063 3.40673 -1.5
      vertex 2.88629 1.69953 -0.511834
      vertex 2.79563 1.85655 -0.511834
    endloop
  endfacet
  facet normal -0.866026 -0.5 -0
    outer loop
      vertex 3.17004 1.20806 -0.404109
      vertex 2.88629 1.69953 -0.511834
      vertex 3.17004 1.20806 -0.511834
    endloop
  endfacet
  facet normal -0.866025 -0.5 5.85185e-06
    outer loop
      vertex 3.90063 -0.0573683 -1.5
      vertex 2.88629 1.69953 -0.511834
      vertex 1.90063 3.40673 -1.5
    endloop
  endfacet
  facet normal -0.866025 -0.5 4.63312e-06
    outer loop
      vertex 3.17004 1.20806 -0.511834
      vertex 3.90063 -0.0573683 -1.5
      vertex 3.17556 1.1985 -0.412382
    endloop
  endfacet
  facet normal -0.866026 -0.5 3.94594e-06
    outer loop
      vertex 2.88629 1.69953 -0.511834
      vertex 3.90063 -0.0573683 -1.5
      vertex 3.17004 1.20806 -0.511834
    endloop
  endfacet
  facet normal -0.866025 -0.500001 0
    outer loop
      vertex 1.90063 3.40673 -1.5
      vertex 2.79563 1.85655 -0.511834
      vertex 2.79563 1.85655 -0.1575
    endloop
  endfacet
  facet normal -0.866025 -0.500002 -1.2206e-05
    outer loop
      vertex 2.88629 1.69953 -0.511834
      vertex 3.17004 1.20806 -0.404109
      vertex 2.90063 1.67468 0
    endloop
  endfacet
  facet normal 0.72481 -0.608222 0.323599
    outer loop
      vertex 4.06535 0.676695 -0.489386
      vertex 3.62395 0.421855 0.0202942
      vertex 4.0735 0.674464 -0.511834
    endloop
  endfacet
  facet normal 0.724823 -0.608194 0.323622
    outer loop
      vertex 4.0735 0.674464 -0.511834
      vertex 4.94057 1.182 -1.5
      vertex 4.08479 0.687919 -0.511834
    endloop
  endfacet
  facet normal 0.724824 -0.608192 0.323624
    outer loop
      vertex 4.0735 0.674464 -0.511834
      vertex 3.90063 -0.0573683 -1.5
      vertex 4.94057 1.182 -1.5
    endloop
  endfacet
  facet normal 0.724824 -0.608192 0.323624
    outer loop
      vertex 3.90063 -0.0573683 -1.5
      vertex 4.0735 0.674464 -0.511834
      vertex 3.62395 0.421855 0.0202942
    endloop
  endfacet
  facet normal 0.612374 0.353549 0.707107
    outer loop
      vertex 3.94772 0.925336 -0.511834
      vertex 4.94057 1.182 -1.5
      vertex 4.74055 1.52845 -1.5
    endloop
  endfacet
  facet normal 0.612375 0.353548 0.707107
    outer loop
      vertex 4.94057 1.182 -1.5
      vertex 3.94772 0.925336 -0.511834
      vertex 4.08479 0.687919 -0.511834
    endloop
  endfacet
  facet normal 0.612374 0.35355 0.707107
    outer loop
      vertex 4.74055 1.52845 -1.5
      vertex 3.78276 0.959296 -0.385954
      vertex 3.94772 0.925336 -0.511834
    endloop
  endfacet
  facet normal 0.612275 0.353718 0.707108
    outer loop
      vertex 3.78276 0.959296 -0.385954
      vertex 4.74055 1.52845 -1.5
      vertex 3.76021 0.962448 -0.368005
    endloop
  endfacet
  facet normal 0.612387 0.353535 0.707104
    outer loop
      vertex 3.62395 0.421855 0.0202942
      vertex 3.91596 0.71758 -0.380456
      vertex 3.74703 0.752357 -0.251542
    endloop
  endfacet
  facet normal 0.612363 0.353565 0.707109
    outer loop
      vertex 3.91596 0.71758 -0.380456
      vertex 3.62395 0.421855 0.0202942
      vertex 4.06535 0.676695 -0.489386
    endloop
  endfacet
  facet normal 0.612366 0.353551 0.707114
    outer loop
      vertex 3.57621 0.77624 -0.115552
      vertex 3.62395 0.421855 0.0202942
      vertex 3.74703 0.752357 -0.251542
    endloop
  endfacet
  facet normal 0.612363 0.353562 0.707111
    outer loop
      vertex 3.42393 0.768299 0.0202942
      vertex 3.57621 0.77624 -0.115552
      vertex 3.4536 0.785429 -0.0139654
    endloop
  endfacet
  facet normal 0.612366 0.353551 0.707113
    outer loop
      vertex 3.57621 0.77624 -0.115552
      vertex 3.42393 0.768299 0.0202942
      vertex 3.62395 0.421855 0.0202942
    endloop
  endfacet
  facet normal 0.72482 -0.608206 0.323608
    outer loop
      vertex 4.74055 1.52845 -1.5
      vertex 5.75273 2.7347 -1.5
      vertex 3.15466 1.2347 1.5
    endloop
  endfacet
  facet normal 0.724728 -0.608347 0.323547
    outer loop
      vertex 3.15466 1.2347 1.5
      vertex 3.17004 1.20806 1.41546
      vertex 3.22277 1.21088 1.30265
    endloop
  endfacet
  facet normal 0.724645 -0.608454 0.323532
    outer loop
      vertex 3.42216 1.20875 0.852051
      vertex 3.15466 1.2347 1.5
      vertex 3.22277 1.21088 1.30265
    endloop
  endfacet
  facet normal 0.724777 -0.608273 0.323579
    outer loop
      vertex 3.15466 1.2347 1.5
      vertex 3.42216 1.20875 0.852051
      vertex 4.74055 1.52845 -1.5
    endloop
  endfacet
  facet normal 0.724867 -0.608128 0.323649
    outer loop
      vertex 3.62101 1.19384 0.378677
      vertex 4.74055 1.52845 -1.5
      vertex 3.42216 1.20875 0.852051
    endloop
  endfacet
  facet normal 0.724825 -0.608198 0.323612
    outer loop
      vertex 3.81849 1.16623 -0.115529
      vertex 4.74055 1.52845 -1.5
      vertex 3.62101 1.19384 0.378677
    endloop
  endfacet
  facet normal 0.724814 -0.608217 0.323599
    outer loop
      vertex 3.96936 1.13517 -0.511834
      vertex 4.74055 1.52845 -1.5
      vertex 3.81849 1.16623 -0.115529
    endloop
  endfacet
  facet normal 0.724798 -0.608285 0.323509
    outer loop
      vertex 3.59861 0.985043 0.036415
      vertex 3.81266 1.13251 -0.16587
      vertex 3.77428 1.1298 -0.084978
    endloop
  endfacet
  facet normal 0.724811 -0.608214 0.323612
    outer loop
      vertex 3.59861 0.985043 0.036415
      vertex 3.77428 1.1298 -0.084978
      vertex 3.61292 1.11842 0.25504
    endloop
  endfacet
  facet normal 0.724823 -0.60819 0.32363
    outer loop
      vertex 3.41319 0.998938 0.477829
      vertex 3.61292 1.11842 0.25504
      vertex 3.52956 1.10808 0.422307
    endloop
  endfacet
  facet normal 0.724823 -0.608202 0.323607
    outer loop
      vertex 3.41319 0.998938 0.477829
      vertex 3.52956 1.10808 0.422307
      vertex 3.41726 1.09415 0.647659
    endloop
  endfacet
  facet normal 0.724847 -0.608162 0.323629
    outer loop
      vertex 3.29002 1.00025 0.756188
      vertex 3.41726 1.09415 0.647659
      vertex 3.29418 1.07228 0.882229
    endloop
  endfacet
  facet normal 0.724848 -0.608161 0.323628
    outer loop
      vertex 3.29002 1.00025 0.756188
      vertex 3.29418 1.07228 0.882229
      vertex 3.25269 1.0649 0.961288
    endloop
  endfacet
  facet normal 0.724839 -0.608188 0.323598
    outer loop
      vertex 3.41726 1.09415 0.647659
      vertex 3.29002 1.00025 0.756188
      vertex 3.41319 0.998938 0.477829
    endloop
  endfacet
  facet normal 0.724814 -0.608211 0.32361
    outer loop
      vertex 3.61292 1.11842 0.25504
      vertex 3.41319 0.998938 0.477829
      vertex 3.59861 0.985043 0.036415
    endloop
  endfacet
  facet normal 0.72483 -0.608192 0.323611
    outer loop
      vertex 3.81266 1.13251 -0.16587
      vertex 3.59861 0.985043 0.036415
      vertex 3.76021 0.962448 -0.368005
    endloop
  endfacet
  facet normal 0.724816 -0.608214 0.323602
    outer loop
      vertex 3.96936 1.13517 -0.511834
      vertex 3.76021 0.962448 -0.368005
      vertex 4.74055 1.52845 -1.5
    endloop
  endfacet
  facet normal 0.724818 -0.608201 0.323621
    outer loop
      vertex 3.81266 1.13251 -0.16587
      vertex 3.76021 0.962448 -0.368005
      vertex 3.96936 1.13517 -0.511834
    endloop
  endfacet
  facet normal 0.72478 -0.608292 0.323535
    outer loop
      vertex 3.42393 0.768299 0.0202942
      vertex 3.4536 0.785429 -0.0139654
      vertex 3.41226 0.788528 0.0844707
    endloop
  endfacet
  facet normal -0.1864 0.933781 0.305464
    outer loop
      vertex 4.19967 2.42468 -1.5
      vertex 3.15466 1.2347 1.5
      vertex 5.75273 2.7347 -1.5
    endloop
  endfacet
  facet normal -0.186399 0.933781 0.305464
    outer loop
      vertex 3.15466 1.2347 1.5
      vertex 4.19967 2.42468 -1.5
      vertex 2.90063 1.67468 0
    endloop
  endfacet
  facet normal 0.499999 -0.866026 1.97373e-16
    outer loop
      vertex 5.49871 3.17468 -1.5
      vertex 2.90063 1.67468 0
      vertex 4.19967 2.42468 -1.5
    endloop
  endfacet
  facet normal 0.499999 -0.866026 0
    outer loop
      vertex 2.90063 1.67468 0
      vertex 5.49871 3.17468 -1.5
      vertex 2.90063 1.67468 1.5
    endloop
  endfacet
  facet normal 0.612375 0.353551 0.707106
    outer loop
      vertex 2.79564 1.85655 1.5
      vertex 5.49871 3.17468 -1.5
      vertex 5.24469 3.61466 -1.5
    endloop
  endfacet
  facet normal 0.612391 0.353521 0.707107
    outer loop
      vertex 5.49871 3.17468 -1.5
      vertex 2.79564 1.85655 1.5
      vertex 2.90063 1.67468 1.5
    endloop
  endfacet
  facet normal 0.612362 0.353571 0.707107
    outer loop
      vertex 2.64661 2.11466 1.5
      vertex 2.79564 1.85655 1.5
      vertex 5.24469 3.61466 -1.5
    endloop
  endfacet
  facet normal 0 0 1
    outer loop
      vertex 2.79564 1.85655 1.5
      vertex 2.64661 2.11466 1.5
      vertex 2.79563 1.85655 1.5
    endloop
  endfacet
  facet normal -0.164312 0.931814 0.32361
    outer loop
      vertex 5.24469 3.61466 -1.5
      vertex 3.69395 3.34121 -1.5
      vertex 2.37733 2.58106 0.0202942
    endloop
  endfacet
  facet normal -0.164313 0.931815 0.323608
    outer loop
      vertex 2.64661 2.11466 1.5
      vertex 5.24469 3.61466 -1.5
      vertex 2.37733 2.58106 0.0202942
    endloop
  endfacet
  facet normal 0.612373 0.353549 0.707108
    outer loop
      vertex 3.49393 3.68766 -1.5
      vertex 2.37733 2.58106 0.0202942
      vertex 3.69395 3.34121 -1.5
    endloop
  endfacet
  facet normal 0.612373 0.353549 0.707108
    outer loop
      vertex 2.37733 2.58106 0.0202942
      vertex 3.49393 3.68766 -1.5
      vertex 2.17731 2.92751 0.0202942
    endloop
  endfacet
  facet normal -0.164297 0.931813 0.323622
    outer loop
      vertex 2.17731 2.92751 0.0202942
      vertex 3.49393 3.68766 -1.5
      vertex 1.90063 3.40673 -1.5
    endloop
  endfacet
  facet normal 0 0 -1
    outer loop
      vertex 1.55445 0.89746 -1.5
      vertex 2.6112 0.247909 -1.5
      vertex 2.50927 -1.44873 -1.5
    endloop
  endfacet
  facet normal 0 0 -1
    outer loop
      vertex 2.50927 -1.44873 -1.5
      vertex 2.6112 0.247909 -1.5
      vertex 2.7902 0.144563 -1.5
    endloop
  endfacet
  facet normal 0 0 -1
    outer loop
      vertex 2.54124 0.89746 -1.5
      vertex 3 0.389419 -1.5
      vertex 2.6112 0.247909 -1.5
    endloop
  endfacet
  facet normal 0 0 -1
    outer loop
      vertex 3 0.389419 -1.5
      vertex 2.54124 0.89746 -1.5
      vertex 3 0.89746 -1.5
    endloop
  endfacet
  facet normal -0 0 -1
    outer loop
      vertex 3 1.4055 -1.5
      vertex 2.60738 1.27252 -1.5
      vertex 2.65309 1.53176 -1.5
    endloop
  endfacet
  facet normal 0 0 -1
    outer loop
      vertex 2.40573 1.6218 -1.5
      vertex 2.65309 1.53176 -1.5
      vertex 2.60738 1.27252 -1.5
    endloop
  endfacet
  facet normal 0 0 -1
    outer loop
      vertex 2.65309 1.53176 -1.5
      vertex 2.40573 1.6218 -1.5
      vertex 2.7172 1.89532 -1.5
    endloop
  endfacet
  facet normal 0 0 -1
    outer loop
      vertex 1.63172 0.942071 -1.5
      vertex 2.60738 1.27252 -1.5
      vertex 2.54124 0.89746 -1.5
    endloop
  endfacet
  facet normal 0 -0 -1
    outer loop
      vertex 1.63172 0.942071 -1.5
      vertex 2.6112 0.247909 -1.5
      vertex 1.58092 0.89746 -1.5
    endloop
  endfacet
  facet normal -0 0 -1
    outer loop
      vertex 2.60738 1.27252 -1.5
      vertex 1.63172 0.942071 -1.5
      vertex 2.40573 1.6218 -1.5
    endloop
  endfacet
  facet normal -0 0 -1
    outer loop
      vertex 2.40573 1.6218 -1.5
      vertex 1.63172 0.942071 -1.5
      vertex 2.04784 1.75205 -1.5
    endloop
  endfacet
  facet normal 0 0 -1
    outer loop
      vertex 1.52029 2.13741 -1.5
      vertex 2.04784 1.75205 -1.5
      vertex 1.63172 0.942071 -1.5
    endloop
  endfacet
  facet normal 0 0 -1
    outer loop
      vertex 0 -1.79492 -1.5
      vertex 2.50927 -1.44873 -1.5
      vertex 1.5892 -2.22074 -1.5
    endloop
  endfacet
  facet normal 0 0 -1
    outer loop
      vertex 2.6112 0.247909 -1.5
      vertex 1.63172 0.942071 -1.5
      vertex 2.54124 0.89746 -1.5
    endloop
  endfacet
  facet normal 0 0 -1
    outer loop
      vertex -2.60738 1.27252 -1.5
      vertex -3 1.4055 -1.5
      vertex -2.65309 1.53176 -1.5
    endloop
  endfacet
  facet normal 0 0 -1
    outer loop
      vertex -1.63172 0.942071 -1.5
      vertex -2.6112 0.247909 -1.5
      vertex -2.54124 0.89746 -1.5
    endloop
  endfacet
  facet normal 0 -0 -1
    outer loop
      vertex -2.6112 0.247909 -1.5
      vertex -2.50927 -1.44873 -1.5
      vertex -2.7902 0.144563 -1.5
    endloop
  endfacet
  facet normal 0 0 -1
    outer loop
      vertex 0 2.89746 -1.5
      vertex -1.55445 0.89746 -1.5
      vertex -1.52029 2.13741 -1.5
    endloop
  endfacet
  facet normal 0 0 -1
    outer loop
      vertex -2.50927 -1.44873 -1.5
      vertex 0 -1.84936 -1.5
      vertex -1.5892 -2.22074 -1.5
    endloop
  endfacet
  facet normal 0 0 -1
    outer loop
      vertex 0 -1.84936 -1.5
      vertex -2.50927 -1.44873 -1.5
      vertex -1.55445 0.89746 -1.5
    endloop
  endfacet
  facet normal 0 0 -1
    outer loop
      vertex 0 -1.84936 -1.5
      vertex -2 -3.34936 -1.5
      vertex -1.5892 -2.22074 -1.5
    endloop
  endfacet
  facet normal 0 0 -1
    outer loop
      vertex -0.508041 -6.34936 -1.5
      vertex 0 -4.84936 -1.5
      vertex 0 -6.34936 -1.5
    endloop
  endfacet
  facet normal 0 0 -1
    outer loop
      vertex -2 -3.34936 -1.5
      vertex 0 -4.84936 -1.5
      vertex -1.0466 -4.86966 -1.5
    endloop
  endfacet
  facet normal 0 0 -1
    outer loop
      vertex -2 -3.34936 -1.5
      vertex -1.0466 -4.86966 -1.5
      vertex -1.44664 -4.86966 -1.5
    endloop
  endfacet
  facet normal 0 0 -1
    outer loop
      vertex 0 -4.84936 -1.5
      vertex -0.508041 -6.34936 -1.5
      vertex -1.0466 -4.86966 -1.5
    endloop
  endfacet
  facet normal 0 0 -1
    outer loop
      vertex 0 -4.84936 -1.5
      vertex -2 -3.34936 -1.5
      vertex 0 -1.84936 -1.5
    endloop
  endfacet
  facet normal 0 0 -1
    outer loop
      vertex 0 -1.84936 -1.5
      vertex -1.55445 0.89746 -1.5
      vertex 0 -1.79492 -1.5
    endloop
  endfacet
  facet normal 0 0 -1
    outer loop
      vertex 1.55445 0.89746 -1.5
      vertex -1.55445 0.89746 -1.5
      vertex 0 2.89746 -1.5
    endloop
  endfacet
  facet normal 0 0 -1
    outer loop
      vertex 0 2.89746 -1.5
      vertex -1.52029 2.13741 -1.5
      vertex -1.52029 2.3441 -1.5
    endloop
  endfacet
  facet normal 0 0 -1
    outer loop
      vertex 0 -1.84936 -1.5
      vertex 2 -3.34936 -1.5
      vertex 0 -4.84936 -1.5
    endloop
  endfacet
  facet normal 0 0 -1
    outer loop
      vertex 2 -3.34936 -1.5
      vertex 0 -1.84936 -1.5
      vertex 0.0116224 -1.81505 -1.5
    endloop
  endfacet
  facet normal 0 0 -1
    outer loop
      vertex 2.6112 0.247909 -1.5
      vertex 1.55445 0.89746 -1.5
      vertex 1.58092 0.89746 -1.5
    endloop
  endfacet
  facet normal -0 0 -1
    outer loop
      vertex 2.50927 -1.44873 -1.5
      vertex 0 -1.79492 -1.5
      vertex 1.55445 0.89746 -1.5
    endloop
  endfacet
  facet normal 0 0 -1
    outer loop
      vertex 1.0466 -4.86966 -1.5
      vertex 2 -3.34936 -1.5
      vertex 1.44664 -4.86966 -1.5
    endloop
  endfacet
  facet normal 0 0 -1
    outer loop
      vertex 0 -4.84936 -1.5
      vertex 2 -3.34936 -1.5
      vertex 1.0466 -4.86966 -1.5
    endloop
  endfacet
  facet normal 0 0 -1
    outer loop
      vertex 0 -1.79492 -1.5
      vertex 1.5892 -2.22074 -1.5
      vertex 0.0116224 -1.81505 -1.5
    endloop
  endfacet
  facet normal 0 0 -1
    outer loop
      vertex 2 -3.34936 -1.5
      vertex 0.0116224 -1.81505 -1.5
      vertex 1.5892 -2.22074 -1.5
    endloop
  endfacet
  facet normal 0 0 -1
    outer loop
      vertex 0 -4.84936 -1.5
      vertex 1.0466 -4.86966 -1.5
      vertex 0.508041 -6.34936 -1.5
    endloop
  endfacet
  facet normal 0 0 -1
    outer loop
      vertex -1.55445 0.89746 -1.5
      vertex 1.55445 0.89746 -1.5
      vertex 0 -1.79492 -1.5
    endloop
  endfacet
  facet normal 0 0 -1
    outer loop
      vertex 1.55445 0.89746 -1.5
      vertex 0 2.89746 -1.5
      vertex 1.52029 2.13741 -1.5
    endloop
  endfacet
  facet normal 0 0 -1
    outer loop
      vertex 1.52029 2.13741 -1.5
      vertex 0 2.89746 -1.5
      vertex 1.52029 2.3441 -1.5
    endloop
  endfacet
  facet normal -0 0 -1
    outer loop
      vertex 2.27722 2.14935 -1.5
      vertex 2.04784 1.75205 -1.5
      vertex 1.83725 2.40337 -1.5
    endloop
  endfacet
  facet normal 0 0 -1
    outer loop
      vertex 1.52029 2.13741 -1.5
      vertex 1.63172 0.942071 -1.5
      vertex 1.56768 0.920383 -1.5
    endloop
  endfacet
  facet normal 0 0 -1
    outer loop
      vertex 1.52029 2.13741 -1.5
      vertex 1.56768 0.920383 -1.5
      vertex 1.55445 0.89746 -1.5
    endloop
  endfacet
  facet normal 0 0 -1
    outer loop
      vertex 2.04784 1.75205 -1.5
      vertex 1.52029 2.13741 -1.5
      vertex 1.83725 2.40337 -1.5
    endloop
  endfacet
  facet normal 0 0 -1
    outer loop
      vertex -1.56768 0.920383 -1.5
      vertex -1.52029 2.13741 -1.5
      vertex -1.55445 0.89746 -1.5
    endloop
  endfacet
  facet normal 0 0 -1
    outer loop
      vertex -1.63172 0.942071 -1.5
      vertex -1.52029 2.13741 -1.5
      vertex -1.56768 0.920383 -1.5
    endloop
  endfacet
  facet normal 0 0 -1
    outer loop
      vertex -2.04784 1.75205 -1.5
      vertex -1.52029 2.13741 -1.5
      vertex -1.63172 0.942071 -1.5
    endloop
  endfacet
  facet normal 0 0 -1
    outer loop
      vertex -2.6112 0.247909 -1.5
      vertex -1.55445 0.89746 -1.5
      vertex -2.50927 -1.44873 -1.5
    endloop
  endfacet
  facet normal -0 0 -1
    outer loop
      vertex -1.55445 0.89746 -1.5
      vertex -2.6112 0.247909 -1.5
      vertex -1.58092 0.89746 -1.5
    endloop
  endfacet
  facet normal -0 0 -1
    outer loop
      vertex -1.52029 2.13741 -1.5
      vertex -2.04784 1.75205 -1.5
      vertex -1.83725 2.40337 -1.5
    endloop
  endfacet
  facet normal 0 0 -1
    outer loop
      vertex -2.60738 1.27252 -1.5
      vertex -1.63172 0.942071 -1.5
      vertex -2.54124 0.89746 -1.5
    endloop
  endfacet
  facet normal 0 0 -1
    outer loop
      vertex -2.6112 0.247909 -1.5
      vertex -1.63172 0.942071 -1.5
      vertex -1.58092 0.89746 -1.5
    endloop
  endfacet
  facet normal 0 0 -1
    outer loop
      vertex -1.63172 0.942071 -1.5
      vertex -2.40573 1.6218 -1.5
      vertex -2.04784 1.75205 -1.5
    endloop
  endfacet
  facet normal 0 0 -1
    outer loop
      vertex -1.63172 0.942071 -1.5
      vertex -2.60738 1.27252 -1.5
      vertex -2.40573 1.6218 -1.5
    endloop
  endfacet
  facet normal 0 0 -1
    outer loop
      vertex -2.65309 1.53176 -1.5
      vertex -2.40573 1.6218 -1.5
      vertex -2.60738 1.27252 -1.5
    endloop
  endfacet
  facet normal -0 0 -1
    outer loop
      vertex -2.40573 1.6218 -1.5
      vertex -2.65309 1.53176 -1.5
      vertex -2.7172 1.89532 -1.5
    endloop
  endfacet
  facet normal 0 0 -1
    outer loop
      vertex -1.83725 2.40337 -1.5
      vertex -2.04784 1.75205 -1.5
      vertex -2.27722 2.14935 -1.5
    endloop
  endfacet
  facet normal 0 0 -1
    outer loop
      vertex -3 0.389419 -1.5
      vertex -2.54124 0.89746 -1.5
      vertex -2.6112 0.247909 -1.5
    endloop
  endfacet
  facet normal -0 0 -1
    outer loop
      vertex -2.54124 0.89746 -1.5
      vertex -3 0.389419 -1.5
      vertex -3 0.89746 -1.5
    endloop
  endfacet
  facet normal -0.608187 -0.724829 0.323622
    outer loop
      vertex -2.50927 -1.44873 -1.5
      vertex -1.44664 -2.18254 -1.14653
      vertex -2.03005 -1.17205 0.0202942
    endloop
  endfacet
  facet normal -0.608187 -0.724828 0.323625
    outer loop
      vertex -1.44664 -2.18254 -1.14653
      vertex -2.50927 -1.44873 -1.5
      vertex -1.5892 -2.22074 -1.5
    endloop
  endfacet
  facet normal 0.353552 -0.612375 0.707105
    outer loop
      vertex -1.68361 -0.97203 0.0202942
      vertex -1.44664 -2.18254 -1.14653
      vertex -1.0466 -2.07535 -1.25372
    endloop
  endfacet
  facet normal 0.353558 -0.612373 0.707104
    outer loop
      vertex -1.44664 -2.18254 -1.14653
      vertex -1.68361 -0.97203 0.0202942
      vertex -2.03005 -1.17205 0.0202942
    endloop
  endfacet
  facet normal -0.608208 -0.724818 0.323608
    outer loop
      vertex -0.966918 -2.054 -1.05614
      vertex -0.508042 -1.93105 0.0816835
      vertex -1.2172 -0.70275 1.5
    endloop
  endfacet
  facet normal -0.608198 -0.724824 0.323612
    outer loop
      vertex -1.68361 -0.97203 0.0202942
      vertex -0.966918 -2.054 -1.05614
      vertex -1.2172 -0.70275 1.5
    endloop
  endfacet
  facet normal -0.608205 -0.724822 0.323605
    outer loop
      vertex -0.966918 -2.054 -1.05614
      vertex -1.68361 -0.97203 0.0202942
      vertex -1.0466 -2.07535 -1.25372
    endloop
  endfacet
  facet normal 0.933781 0.186401 0.305464
    outer loop
      vertex -0.498091 -1.19976 -0.39499
      vertex -0.502852 -0.923952 -0.54874
      vertex -0.777223 -0.44873 0
    endloop
  endfacet
  facet normal 0.933781 0.186402 0.305461
    outer loop
      vertex -0.490685 -1.62873 -0.155862
      vertex -0.777223 -0.44873 0
      vertex -1.2172 -0.70275 1.5
    endloop
  endfacet
  facet normal 0.933781 0.186401 0.305464
    outer loop
      vertex -0.777223 -0.44873 0
      vertex -0.490685 -1.62873 -0.155862
      vertex -0.498091 -1.19976 -0.39499
    endloop
  endfacet
  facet normal 0.933781 0.186404 0.30546
    outer loop
      vertex -0.508041 -1.93105 0.0816818
      vertex -0.490685 -1.62873 -0.155862
      vertex -1.2172 -0.70275 1.5
    endloop
  endfacet
  facet normal 0.933771 0.186421 0.305482
    outer loop
      vertex -0.490685 -1.62873 -0.155862
      vertex -0.508041 -1.93105 0.0816818
      vertex -0.474475 -1.66778 -0.181581
    endloop
  endfacet
  facet normal 0.85863 -0.0874818 0.505076
    outer loop
      vertex -0.508041 -1.93105 0.0816818
      vertex -1.2172 -0.70275 1.5
      vertex -0.508042 -1.93105 0.0816835
    endloop
  endfacet
  facet normal -0.866026 -0.499998 -6.68895e-07
    outer loop
      vertex -0.293318 -1.28688 0.238872
      vertex -0.777223 -0.44873 1.5
      vertex -0.380249 -1.13631 -0.0878926
    endloop
  endfacet
  facet normal -0.666625 -0.622017 0.410738
    outer loop
      vertex -3.36669e-07 -1.79492 -0.0544456
      vertex -0.293318 -1.28688 0.238872
      vertex -4.59898e-07 -1.79492 -0.0544458
    endloop
  endfacet
  facet normal -0.866024 -0.500002 2.41986e-06
    outer loop
      vertex -0.293318 -1.28688 0.238872
      vertex -3.36669e-07 -1.79492 -0.0544456
      vertex -0.777223 -0.44873 1.5
    endloop
  endfacet
  facet normal -0.866019 -0.500011 1.3765e-07
    outer loop
      vertex 0.0116224 -1.81505 -1.5
      vertex 1.14882e-07 -1.79492 -0.777223
      vertex 0 -1.79492 -1.5
    endloop
  endfacet
  facet normal -0.866027 -0.499997 -3.75692e-07
    outer loop
      vertex 0.224397 -2.18359 -0.503241
      vertex 1.14882e-07 -1.79492 -0.777223
      vertex 0.0116224 -1.81505 -1.5
    endloop
  endfacet
  facet normal -0.866027 -0.499997 -1.37651e-07
    outer loop
      vertex 1.14882e-07 -1.79492 -0.777223
      vertex 0.224397 -2.18359 -0.503241
      vertex 0 -1.79492 -0.0544463
    endloop
  endfacet
  facet normal -0.866026 -0.499999 -3.18487e-06
    outer loop
      vertex -0.380249 -1.13631 -0.0878926
      vertex -0.777223 -0.44873 0
      vertex -0.502852 -0.923952 -0.54874
    endloop
  endfacet
  facet normal -0.866026 -0.5 0
    outer loop
      vertex -0.777223 -0.44873 0
      vertex -0.380249 -1.13631 -0.0878926
      vertex -0.777223 -0.44873 1.5
    endloop
  endfacet
  facet normal 0.219077 -0.63875 0.737566
    outer loop
      vertex 0 -0.778836 0.825508
      vertex -3.36669e-07 -1.79492 -0.0544456
      vertex 0 -1.79492 -0.0544457
    endloop
  endfacet
  facet normal 0.353554 -0.612372 0.707107
    outer loop
      vertex -0.777223 -0.44873 1.5
      vertex 0 -0.778836 0.825508
      vertex -0.337246 -0.194709 1.5
    endloop
  endfacet
  facet normal 0.353554 -0.612372 0.707107
    outer loop
      vertex 0 -0.778836 0.825508
      vertex -0.777223 -0.44873 1.5
      vertex -3.36669e-07 -1.79492 -0.0544456
    endloop
  endfacet
  facet normal 0.353552 -0.612374 0.707107
    outer loop
      vertex 0 -1.79492 -0.0544463
      vertex 0.490684 -1.62873 -0.155862
      vertex 0.293318 -1.28688 0.238872
    endloop
  endfacet
  facet normal 0.353551 -0.612369 0.707111
    outer loop
      vertex 0.490684 -1.62873 -0.155862
      vertex 0 -1.79492 -0.0544463
      vertex 0.379506 -1.89661 -0.332262
    endloop
  endfacet
  facet normal 0.353548 -0.612374 0.707108
    outer loop
      vertex 0.379506 -1.89661 -0.332262
      vertex 0 -1.79492 -0.0544463
      vertex 0.224397 -2.18359 -0.503241
    endloop
  endfacet
  facet normal 0.931818 0.164326 0.323594
    outer loop
      vertex 0.502224 -0.960371 -0.528439
      vertex 0.502852 -0.923953 -0.548741
      vertex 0.494384 -0.938621 -0.516908
    endloop
  endfacet
  facet normal 0.931815 0.16431 0.32361
    outer loop
      vertex -0.337246 -0.194709 1.5
      vertex -8.99796e-08 -0.482678 0.675136
      vertex 0 -1.34034e-07 0.430061
    endloop
  endfacet
  facet normal 0.931815 0.164311 0.32361
    outer loop
      vertex -8.99796e-08 -0.482678 0.675136
      vertex -0.337246 -0.194709 1.5
      vertex 0 -0.778836 0.825508
    endloop
  endfacet
  facet normal 0.931814 0.164316 0.32361
    outer loop
      vertex 0.445198 -1.02381 -0.332025
      vertex 0.502224 -0.960371 -0.528439
      vertex 0.494384 -0.938621 -0.516908
    endloop
  endfacet
  facet normal 0.931814 0.164309 0.323611
    outer loop
      vertex 0.495733 -1.33633 -0.318859
      vertex 0.445198 -1.02381 -0.332025
      vertex 0.293318 -1.28688 0.238872
    endloop
  endfacet
  facet normal 0.931815 0.164309 0.323609
    outer loop
      vertex 0.445198 -1.02381 -0.332025
      vertex 0.495733 -1.33633 -0.318859
      vertex 0.502224 -0.960371 -0.528439
    endloop
  endfacet
  facet normal 0.931815 0.164306 0.323612
    outer loop
      vertex 0.495733 -1.33633 -0.318859
      vertex 0.293318 -1.28688 0.238872
      vertex 0.490684 -1.62873 -0.155862
    endloop
  endfacet
  facet normal -0.931813 -0.164298 0.323622
    outer loop
      vertex -2.50927 -1.44873 -1.5
      vertex -2.03005 -1.17205 0.0202942
      vertex -2.7902 0.144563 -1.5
    endloop
  endfacet
  facet normal -0.353557 0.612371 0.707106
    outer loop
      vertex -2.36855 0.214335 -1.3496
      vertex -2.03005 -1.17205 0.0202942
      vertex -1.68361 -0.97203 0.0202942
    endloop
  endfacet
  facet normal -0.353553 0.61237 0.70711
    outer loop
      vertex -2.7902 0.144563 -1.5
      vertex -2.36855 0.214335 -1.3496
      vertex -2.6112 0.247909 -1.5
    endloop
  endfacet
  facet normal -0.353552 0.612373 0.707107
    outer loop
      vertex -2.36855 0.214335 -1.3496
      vertex -2.7902 0.144563 -1.5
      vertex -2.03005 -1.17205 0.0202942
    endloop
  endfacet
  facet normal -0.931816 -0.164324 0.323601
    outer loop
      vertex -2.56855 1.48295 -1.28136
      vertex -2.4344 1.4055 -0.934401
      vertex -2.7172 1.89532 -1.5
    endloop
  endfacet
  facet normal -0.931818 -0.16431 0.323601
    outer loop
      vertex -2.3575 0.89746 -0.970924
      vertex -2.4344 1.4055 -0.9344
      vertex -2.51758 1.34155 -1.20639
    endloop
  endfacet
  facet normal -0.931815 -0.16431 0.323608
    outer loop
      vertex -2.29715 0.89746 -0.797149
      vertex -2.4344 1.4055 -0.9344
      vertex -2.3575 0.89746 -0.970924
    endloop
  endfacet
  facet normal -0.931814 -0.164309 0.323612
    outer loop
      vertex -2.29715 0.89746 -0.797149
      vertex -1.2172 -0.70275 1.5
      vertex -2.4344 1.4055 -0.9344
    endloop
  endfacet
  facet normal -0.931814 -0.164309 0.323612
    outer loop
      vertex -2.1599 0.389419 -0.659898
      vertex -1.2172 -0.70275 1.5
      vertex -2.29715 0.89746 -0.797149
    endloop
  endfacet
  facet normal -0.931804 -0.164282 0.323654
    outer loop
      vertex -1.68361 -0.97203 0.0202942
      vertex -2.1599 0.389419 -0.659898
      vertex -2.17101 0.380098 -0.696615
    endloop
  endfacet
  facet normal -0.931814 -0.164306 0.323613
    outer loop
      vertex -2.1599 0.389419 -0.659898
      vertex -1.68361 -0.97203 0.0202942
      vertex -1.2172 -0.70275 1.5
    endloop
  endfacet
  facet normal -0.931812 -0.164315 0.323615
    outer loop
      vertex -2.65309 1.53176 -1.5
      vertex -2.56855 1.48295 -1.28136
      vertex -2.7172 1.89532 -1.5
    endloop
  endfacet
  facet normal -0.931816 -0.164314 0.323603
    outer loop
      vertex -1.68361 -0.97203 0.0202942
      vertex -2.17101 0.380098 -0.696615
      vertex -2.36855 0.214335 -1.3496
    endloop
  endfacet
  facet normal -0.931808 -0.16432 0.323624
    outer loop
      vertex -2.54124 0.89746 -1.5
      vertex -2.51758 1.34155 -1.20639
      vertex -2.60738 1.27252 -1.5
    endloop
  endfacet
  facet normal -0.931817 -0.164307 0.323606
    outer loop
      vertex -2.51758 1.34155 -1.20639
      vertex -2.54124 0.89746 -1.5
      vertex -2.3575 0.89746 -0.970924
    endloop
  endfacet
  facet normal 0.628321 0.715476 0.305461
    outer loop
      vertex -0.777223 -0.44873 0
      vertex -1.40516 0.238848 -0.31886
      vertex -1.2172 -0.70275 1.5
    endloop
  endfacet
  facet normal 0.628319 0.715476 0.305465
    outer loop
      vertex -1.40516 0.238848 -0.31886
      vertex -0.777223 -0.44873 0
      vertex -1.05159 0.0264938 -0.548741
    endloop
  endfacet
  facet normal 0.628308 0.715484 0.305469
    outer loop
      vertex -2.4344 1.4055 -0.934401
      vertex -2.40573 1.6218 -1.5
      vertex -2.7172 1.89532 -1.5
    endloop
  endfacet
  facet normal 0.62832 0.715477 0.305462
    outer loop
      vertex -1.2172 -0.70275 1.5
      vertex -1.40516 0.238848 -0.31886
      vertex -1.65586 0.389419 -0.155862
    endloop
  endfacet
  facet normal 0.628317 0.715479 0.305464
    outer loop
      vertex -2.04513 0.89746 -0.545131
      vertex -1.2172 -0.70275 1.5
      vertex -1.65586 0.389419 -0.155862
    endloop
  endfacet
  facet normal 0.628315 0.71548 0.305466
    outer loop
      vertex -2.04513 0.89746 -0.545131
      vertex -2.4344 1.4055 -0.9344
      vertex -1.2172 -0.70275 1.5
    endloop
  endfacet
  facet normal 0.628315 0.715483 0.305456
    outer loop
      vertex -1.63172 0.942071 -1.5
      vertex -2.04513 0.89746 -0.545131
      vertex -1.58092 0.89746 -1.5
    endloop
  endfacet
  facet normal 0.62832 0.715478 0.305458
    outer loop
      vertex -2.04513 0.89746 -0.545131
      vertex -1.63172 0.942071 -1.5
      vertex -2.4344 1.4055 -0.9344
    endloop
  endfacet
  facet normal -0.866018 -0.500012 -2.2874e-05
    outer loop
      vertex -1.99964 1.66857 -1.22242
      vertex -1.9258 1.54066 -0.79715
      vertex -2.27722 2.14935 -1.5
    endloop
  endfacet
  facet normal -0.866028 -0.499996 0
    outer loop
      vertex -1.26113 0.389419 0.238872
      vertex -1.55086 0.891251 -0.0472769
      vertex -1.55086 0.891251 -0.0508611
    endloop
  endfacet
  facet normal -0.866025 -0.500002 1.9269e-06
    outer loop
      vertex -0.777223 -0.44873 0
      vertex -1.26113 0.389419 0.238872
      vertex -1.10925 0.126354 -0.332025
    endloop
  endfacet
  facet normal -0.866029 -0.499993 6.8479e-06
    outer loop
      vertex -1.26113 0.389419 0.238872
      vertex -0.777223 -0.44873 1.5
      vertex -1.55086 0.891251 -0.0472769
    endloop
  endfacet
  facet normal -0.866025 -0.500001 -0
    outer loop
      vertex -0.777223 -0.44873 1.5
      vertex -1.26113 0.389419 0.238872
      vertex -0.777223 -0.44873 0
    endloop
  endfacet
  facet normal -0.866028 -0.499995 4.56186e-06
    outer loop
      vertex -1.70204 1.1531 -0.511834
      vertex -1.79979 1.32241 -0.545131
      vertex -1.70643 1.1607 -0.929205
    endloop
  endfacet
  facet normal -0.866026 -0.499998 -1.82381e-05
    outer loop
      vertex -1.79979 1.32241 -0.545131
      vertex -1.70204 1.1531 -0.511834
      vertex -1.78314 1.29357 -0.511834
    endloop
  endfacet
  facet normal -0.866031 -0.49999 0
    outer loop
      vertex -1.55445 0.89746 -0.460308
      vertex -1.70204 1.1531 -0.349633
      vertex -1.70204 1.1531 -0.511834
    endloop
  endfacet
  facet normal -0.866029 -0.499994 4.58531e-06
    outer loop
      vertex -1.55445 0.89746 -0.777223
      vertex -1.70204 1.1531 -0.511834
      vertex -1.70643 1.1607 -0.929205
    endloop
  endfacet
  facet normal -0.86593 -0.500166 -0.000204685
    outer loop
      vertex -1.70204 1.1531 -0.349633
      vertex -1.57701 0.93655 -0.135914
      vertex -1.57928 0.940467 -0.104107
    endloop
  endfacet
  facet normal -0.866037 -0.499979 4.72413e-05
    outer loop
      vertex -1.70204 1.1531 -0.349633
      vertex -1.56731 0.919735 -0.275462
      vertex -1.57701 0.93655 -0.135914
    endloop
  endfacet
  facet normal -0.866031 -0.49999 0
    outer loop
      vertex -1.70204 1.1531 -0.511834
      vertex -1.55445 0.89746 -0.777223
      vertex -1.55445 0.89746 -0.460308
    endloop
  endfacet
  facet normal -0.866031 -0.499991 7.12528e-07
    outer loop
      vertex -1.70204 1.1531 -0.349633
      vertex -1.55445 0.89746 -0.460308
      vertex -1.56731 0.919735 -0.275462
    endloop
  endfacet
  facet normal -0.866027 -0.499998 9.56157e-06
    outer loop
      vertex -2.04784 1.75205 -1.5
      vertex -1.99964 1.66857 -1.22242
      vertex -2.27722 2.14935 -1.5
    endloop
  endfacet
  facet normal -0.86602 -0.50001 -1.67995e-05
    outer loop
      vertex -1.05159 0.0264938 -0.548741
      vertex -0.777223 -0.44873 0
      vertex -1.10925 0.126354 -0.332025
    endloop
  endfacet
  facet normal -0.866101 -0.49987 -7.76015e-05
    outer loop
      vertex -1.55445 0.89746 -1.5
      vertex -1.70643 1.1607 -0.929205
      vertex -1.56768 0.920383 -1.5
    endloop
  endfacet
  facet normal -0.866028 -0.499996 0
    outer loop
      vertex -1.70643 1.1607 -0.929205
      vertex -1.55445 0.89746 -1.5
      vertex -1.55445 0.89746 -0.777223
    endloop
  endfacet
  facet normal -0.353556 0.61237 0.707108
    outer loop
      vertex -1.83725 2.40337 -1.5
      vertex -1.9258 1.54066 -0.79715
      vertex -1.4172 1.67582 -0.6599
    endloop
  endfacet
  facet normal -0.353556 0.61237 0.707107
    outer loop
      vertex -1.9258 1.54066 -0.79715
      vertex -1.83725 2.40337 -1.5
      vertex -2.27722 2.14935 -1.5
    endloop
  endfacet
  facet normal -0.132913 0.631219 0.764132
    outer loop
      vertex -0.777223 -0.44873 1.5
      vertex -0.674492 0.389418 0.825508
      vertex -0.674493 0.389419 0.825507
    endloop
  endfacet
  facet normal -0.353554 0.612372 0.707107
    outer loop
      vertex -0.674492 0.389418 0.825508
      vertex -0.777223 -0.44873 1.5
      vertex -0.337246 -0.194709 1.5
    endloop
  endfacet
  facet normal -0.353553 0.612372 0.707107
    outer loop
      vertex -1.53773 0.887807 -0.0377275
      vertex -0.777223 -0.44873 1.5
      vertex -0.674493 0.389419 0.825507
    endloop
  endfacet
  facet normal -0.353668 0.612307 0.707107
    outer loop
      vertex -0.777223 -0.44873 1.5
      vertex -1.53773 0.887807 -0.0377275
      vertex -1.55086 0.891251 -0.0472769
    endloop
  endfacet
  facet normal -0.353513 0.612344 0.707151
    outer loop
      vertex -1.78314 1.29357 -0.511834
      vertex -1.7455 1.3153 -0.511834
      vertex -1.79979 1.32241 -0.545131
    endloop
  endfacet
  facet normal -0.353564 0.612377 0.707098
    outer loop
      vertex -1.16732 0.914794 0.124106
      vertex -1.34684 0.89746 0.0493541
      vertex -1.12022 0.89746 0.162669
    endloop
  endfacet
  facet normal -0.353566 0.612366 0.707105
    outer loop
      vertex -1.34965 0.995509 -0.0369632
      vertex -1.34684 0.89746 0.0493541
      vertex -1.16732 0.914794 0.124106
    endloop
  endfacet
  facet normal -0.353543 0.612373 0.707112
    outer loop
      vertex -1.34965 0.995509 -0.0369632
      vertex -1.42109 0.910333 0.00108223
      vertex -1.34684 0.89746 0.0493541
    endloop
  endfacet
  facet normal -0.353578 0.612388 0.707081
    outer loop
      vertex -1.34965 0.995509 -0.0369632
      vertex -1.45068 0.915464 -0.0181582
      vertex -1.42109 0.910333 0.00108223
    endloop
  endfacet
  facet normal -0.353556 0.612368 0.70711
    outer loop
      vertex -1.52644 1.08774 -0.205232
      vertex -1.45068 0.915464 -0.0181582
      vertex -1.34965 0.995509 -0.0369632
    endloop
  endfacet
  facet normal -0.353539 0.612376 0.707111
    outer loop
      vertex -1.52644 1.08774 -0.205232
      vertex -1.55162 0.935039 -0.0855784
      vertex -1.45068 0.915464 -0.0181582
    endloop
  endfacet
  facet normal -0.35357 0.612381 0.707091
    outer loop
      vertex -1.57928 0.940467 -0.104107
      vertex -1.52644 1.08774 -0.205232
      vertex -1.57031 1.11433 -0.250197
    endloop
  endfacet
  facet normal -0.353511 0.61238 0.707121
    outer loop
      vertex -1.52644 1.08774 -0.205232
      vertex -1.57613 0.939791 -0.101947
      vertex -1.55162 0.935039 -0.0855784
    endloop
  endfacet
  facet normal -0.353476 0.61238 0.707139
    outer loop
      vertex -1.52644 1.08774 -0.205232
      vertex -1.57928 0.940467 -0.104107
      vertex -1.57613 0.939791 -0.101947
    endloop
  endfacet
  facet normal -0.353509 0.612394 0.70711
    outer loop
      vertex -1.65062 1.13724 -0.310188
      vertex -1.57928 0.940467 -0.104107
      vertex -1.57031 1.11433 -0.250197
    endloop
  endfacet
  facet normal -0.35355 0.612375 0.707106
    outer loop
      vertex -1.57928 0.940467 -0.104107
      vertex -1.65062 1.13724 -0.310188
      vertex -1.70204 1.1531 -0.349633
    endloop
  endfacet
  facet normal -0.353558 0.612425 0.707059
    outer loop
      vertex -1.09095 0.954121 0.128234
      vertex -1.02014 0.988095 0.134215
      vertex -1.04805 0.992915 0.116084
    endloop
  endfacet
  facet normal -0.35354 0.612379 0.707108
    outer loop
      vertex -1.02014 0.988095 0.134215
      vertex -1.09095 0.954121 0.128234
      vertex -0.982417 0.92276 0.209658
    endloop
  endfacet
  facet normal -0.353534 0.612407 0.707086
    outer loop
      vertex -1.04805 0.992915 0.116084
      vertex -1.14507 0.969759 0.0876306
      vertex -1.09095 0.954121 0.128234
    endloop
  endfacet
  facet normal -0.353534 0.612406 0.707087
    outer loop
      vertex -1.16975 1.01661 0.0347134
      vertex -1.14507 0.969759 0.0876306
      vertex -1.04805 0.992915 0.116084
    endloop
  endfacet
  facet normal -0.353552 0.612396 0.707087
    outer loop
      vertex -1.16975 1.01661 0.0347134
      vertex -1.29035 1.02138 -0.0297193
      vertex -1.14507 0.969759 0.0876306
    endloop
  endfacet
  facet normal -0.353579 0.612328 0.707133
    outer loop
      vertex -1.2909 1.04291 -0.0486378
      vertex -1.29035 1.02138 -0.0297193
      vertex -1.16975 1.01661 0.0347134
    endloop
  endfacet
  facet normal -0.353495 0.61235 0.707155
    outer loop
      vertex -1.2909 1.04291 -0.0486378
      vertex -1.33035 1.0356 -0.0620282
      vertex -1.29035 1.02138 -0.0297193
    endloop
  endfacet
  facet normal -0.353484 0.612464 0.707062
    outer loop
      vertex -1.41147 1.07179 -0.133931
      vertex -1.33035 1.0356 -0.0620282
      vertex -1.2909 1.04291 -0.0486378
    endloop
  endfacet
  facet normal -0.353329 0.612649 0.706979
    outer loop
      vertex -1.33035 1.0356 -0.0620282
      vertex -1.41147 1.07179 -0.133931
      vertex -1.42204 1.07456 -0.141614
    endloop
  endfacet
  facet normal 0.608205 0.72482 0.32361
    outer loop
      vertex 0 -1.34034e-07 0.430061
      vertex -0.418011 0.241339 0.675136
      vertex -0.337246 -0.194709 1.5
    endloop
  endfacet
  facet normal -0 0.938772 0.344539
    outer loop
      vertex 0 2.32976e-07 0.43006
      vertex 0 -1.34034e-07 0.430061
      vertex 1.5774e-13 2.32976e-07 0.43006
    endloop
  endfacet
  facet normal 0.596915 0.753181 0.276425
    outer loop
      vertex 0 -1.34034e-07 0.430061
      vertex 0 2.32976e-07 0.43006
      vertex -0.418011 0.241339 0.675136
    endloop
  endfacet
  facet normal 0.608189 0.724814 0.323652
    outer loop
      vertex -1.83725 2.40337 -1.5
      vertex -1.3699 1.94406 -1.3496
      vertex -1.52029 2.13741 -1.5
    endloop
  endfacet
  facet normal 0.608207 0.724818 0.323609
    outer loop
      vertex -1.3699 1.94406 -1.3496
      vertex -1.83725 2.40337 -1.5
      vertex -1.4172 1.67582 -0.6599
    endloop
  endfacet
  facet normal 0.608204 0.72482 0.323611
    outer loop
      vertex -0.337246 -0.194709 1.5
      vertex -0.418011 0.241339 0.675136
      vertex -0.674492 0.389418 0.825508
    endloop
  endfacet
  facet normal 0.6082 0.724827 0.323602
    outer loop
      vertex -1.02014 0.988095 0.134215
      vertex -0.958338 0.911733 0.189101
      vertex -0.922527 0.89746 0.153765
    endloop
  endfacet
  facet normal 0.608202 0.724826 0.3236
    outer loop
      vertex -0.958338 0.911733 0.189101
      vertex -1.02014 0.988095 0.134215
      vertex -0.982417 0.92276 0.209658
    endloop
  endfacet
  facet normal 0.608196 0.724825 0.323615
    outer loop
      vertex -0.922527 0.89746 0.153765
      vertex -0.925881 0.971821 -0.00648359
      vertex -1.02014 0.988095 0.134215
    endloop
  endfacet
  facet normal 0.60821 0.724815 0.32361
    outer loop
      vertex -0.922527 0.89746 0.153765
      vertex -0.803288 0.953343 -0.195505
      vertex -0.925881 0.971821 -0.00648359
    endloop
  endfacet
  facet normal 0.608187 0.724836 0.323605
    outer loop
      vertex -0.922527 0.89746 0.153765
      vertex -0.680326 0.937489 -0.39109
      vertex -0.803288 0.953343 -0.195505
    endloop
  endfacet
  facet normal 0.608213 0.724811 0.323615
    outer loop
      vertex -0.548741 0.89746 -0.548741
      vertex -0.680326 0.937489 -0.39109
      vertex -0.922527 0.89746 0.153765
    endloop
  endfacet
  facet normal 0.608202 0.724825 0.323603
    outer loop
      vertex -0.680326 0.937489 -0.39109
      vertex -0.548741 0.89746 -0.548741
      vertex -0.606676 0.929588 -0.511816
    endloop
  endfacet
  facet normal 0.931813 -0.164298 0.323622
    outer loop
      vertex 2.50927 -1.44873 -1.5
      vertex 2.7902 0.144563 -1.5
      vertex 2.03005 -1.17205 0.0202942
    endloop
  endfacet
  facet normal 0.353553 0.61237 0.70711
    outer loop
      vertex 2.36855 0.214335 -1.3496
      vertex 2.7902 0.144563 -1.5
      vertex 2.6112 0.247909 -1.5
    endloop
  endfacet
  facet normal 0.353552 0.612373 0.707107
    outer loop
      vertex 2.36855 0.214335 -1.3496
      vertex 2.03005 -1.17205 0.0202942
      vertex 2.7902 0.144563 -1.5
    endloop
  endfacet
  facet normal 0.353557 0.612371 0.707106
    outer loop
      vertex 2.03005 -1.17205 0.0202942
      vertex 2.36855 0.214335 -1.3496
      vertex 1.68361 -0.97203 0.0202942
    endloop
  endfacet
  facet normal 0.931815 -0.164316 0.323607
    outer loop
      vertex 2.65309 1.53176 -1.5
      vertex 2.7172 1.89532 -1.5
      vertex 2.4344 1.4055 -0.934401
    endloop
  endfacet
  facet normal 0.931813 -0.164325 0.323607
    outer loop
      vertex 2.21988 1.02117 -0.511834
      vertex 2.17716 0.778924 -0.511834
      vertex 2.29715 0.89746 -0.797149
    endloop
  endfacet
  facet normal 0.931825 -0.164313 0.323579
    outer loop
      vertex 2.20794 1.01326 -0.481477
      vertex 2.14353 0.765724 -0.421691
      vertex 2.17716 0.778924 -0.511834
    endloop
  endfacet
  facet normal 0.931813 -0.1643 0.323621
    outer loop
      vertex 2.14353 0.765724 -0.421691
      vertex 2.20794 1.01326 -0.481477
      vertex 2.03592 0.715313 -0.137439
    endloop
  endfacet
  facet normal 0.931817 -0.164312 0.323602
    outer loop
      vertex 2.29715 0.89746 -0.797149
      vertex 2.4344 1.4055 -0.9344
      vertex 2.21988 1.02117 -0.511834
    endloop
  endfacet
  facet normal 0.931818 -0.164317 0.323599
    outer loop
      vertex 2.21988 1.02117 -0.511834
      vertex 2.4344 1.4055 -0.9344
      vertex 2.21035 1.01743 -0.486291
    endloop
  endfacet
  facet normal 0.93179 -0.164321 0.323675
    outer loop
      vertex 2.17716 0.778924 -0.511834
      vertex 2.21988 1.02117 -0.511834
      vertex 2.20794 1.01326 -0.481477
    endloop
  endfacet
  facet normal 0.931816 -0.164311 0.323606
    outer loop
      vertex 2.54124 0.89746 -1.5
      vertex 2.4344 1.4055 -0.9344
      vertex 2.29715 0.89746 -0.797149
    endloop
  endfacet
  facet normal 0.931812 -0.16432 0.323614
    outer loop
      vertex 2.4344 1.4055 -0.9344
      vertex 2.54124 0.89746 -1.5
      vertex 2.60738 1.27252 -1.5
    endloop
  endfacet
  facet normal 0.931814 -0.16431 0.323613
    outer loop
      vertex 2.1331 0.529057 -0.511834
      vertex 2.29715 0.89746 -0.797149
      vertex 2.17716 0.778924 -0.511834
    endloop
  endfacet
  facet normal 0.931813 -0.164326 0.323608
    outer loop
      vertex 2.1599 0.389419 -0.659899
      vertex 2.07029 0.49963 -0.345907
      vertex 1.91911 0.416602 0.0472469
    endloop
  endfacet
  facet normal 0.931813 -0.164308 0.323616
    outer loop
      vertex 2.1331 0.529057 -0.511834
      vertex 2.1599 0.389419 -0.659899
      vertex 2.29715 0.89746 -0.797149
    endloop
  endfacet
  facet normal 0.931824 -0.164285 0.323597
    outer loop
      vertex 2.07029 0.49963 -0.345907
      vertex 2.1599 0.389419 -0.659899
      vertex 2.1331 0.529057 -0.511834
    endloop
  endfacet
  facet normal 0.931801 -0.164395 0.323607
    outer loop
      vertex 1.83118 0.360698 0.272035
      vertex 2.1599 0.389419 -0.659899
      vertex 1.91911 0.416602 0.0472469
    endloop
  endfacet
  facet normal 0.931814 -0.164304 0.323614
    outer loop
      vertex 1.2172 -0.70275 1.5
      vertex 2.1599 0.389419 -0.659899
      vertex 1.83118 0.360698 0.272035
    endloop
  endfacet
  facet normal 0.931814 -0.164308 0.323612
    outer loop
      vertex 2.1599 0.389419 -0.659899
      vertex 1.2172 -0.70275 1.5
      vertex 2.32955 0.247065 -1.22067
    endloop
  endfacet
  facet normal 0.931815 -0.164306 0.323613
    outer loop
      vertex 1.68361 -0.97203 0.0202942
      vertex 2.32955 0.247065 -1.22067
      vertex 1.2172 -0.70275 1.5
    endloop
  endfacet
  facet normal 0.931819 -0.164337 0.323584
    outer loop
      vertex 2.32955 0.247065 -1.22067
      vertex 1.68361 -0.97203 0.0202942
      vertex 2.36855 0.214335 -1.3496
    endloop
  endfacet
  facet normal -0.628305 0.715481 0.305483
    outer loop
      vertex 2.41748 1.53317 -1.26825
      vertex 2.7172 1.89532 -1.5
      vertex 2.40573 1.6218 -1.5
    endloop
  endfacet
  facet normal -0.628303 0.715484 0.30548
    outer loop
      vertex 0.875306 -0.290763 -0.16825
      vertex 1.05159 0.0264938 -0.548741
      vertex 0.777223 -0.44873 0
    endloop
  endfacet
  facet normal -0.628308 0.715481 0.305475
    outer loop
      vertex 0.983309 -0.139406 -0.300614
      vertex 1.05159 0.0264938 -0.548741
      vertex 0.875306 -0.290763 -0.16825
    endloop
  endfacet
  facet normal -0.6283 0.715486 0.305481
    outer loop
      vertex 1.10079 0.00471973 -0.39655
      vertex 1.05159 0.0264938 -0.548741
      vertex 0.983309 -0.139406 -0.300614
    endloop
  endfacet
  facet normal -0.628325 0.715463 0.305485
    outer loop
      vertex 1.05159 0.0264938 -0.548741
      vertex 1.10079 0.00471973 -0.39655
      vertex 1.20834 0.120638 -0.446827
    endloop
  endfacet
  facet normal -0.628319 0.71548 0.305455
    outer loop
      vertex 1.63172 0.942071 -1.5
      vertex 1.89135 0.89746 -0.861449
      vertex 2.19964 1.26996 -1.09982
    endloop
  endfacet
  facet normal -0.628316 0.715484 0.305454
    outer loop
      vertex 1.89135 0.89746 -0.861449
      vertex 1.63172 0.942071 -1.5
      vertex 1.58092 0.89746 -1.5
    endloop
  endfacet
  facet normal -0.628322 0.715477 0.305456
    outer loop
      vertex 2.4344 1.4055 -0.934401
      vertex 2.7172 1.89532 -1.5
      vertex 2.41748 1.53317 -1.26825
    endloop
  endfacet
  facet normal -0.62832 0.715477 0.305462
    outer loop
      vertex 1.83118 0.360698 0.272035
      vertex 0.959088 -0.55373 0.620029
      vertex 1.2172 -0.70275 1.5
    endloop
  endfacet
  facet normal -0.628321 0.715477 0.305461
    outer loop
      vertex 0.959088 -0.55373 0.620029
      vertex 1.83118 0.360698 0.272035
      vertex 1.05007 -0.4072 0.46396
    endloop
  endfacet
  facet normal -0.628313 0.715474 0.305481
    outer loop
      vertex 1.05007 -0.4072 0.46396
      vertex 1.83118 0.360698 0.272035
      vertex 1.15025 -0.2668 0.341176
    endloop
  endfacet
  facet normal -0.628338 0.715491 0.305391
    outer loop
      vertex 1.77356 0.324059 0.239323
      vertex 1.15025 -0.2668 0.341176
      vertex 1.83118 0.360698 0.272035
    endloop
  endfacet
  facet normal -0.628321 0.715483 0.305447
    outer loop
      vertex 1.63424 0.222381 0.190906
      vertex 1.15025 -0.2668 0.341176
      vertex 1.77356 0.324059 0.239323
    endloop
  endfacet
  facet normal -0.628335 0.715486 0.30541
    outer loop
      vertex 1.15025 -0.2668 0.341176
      vertex 1.63424 0.222381 0.190906
      vertex 1.25923 -0.133108 0.252185
    endloop
  endfacet
  facet normal -0.628292 0.715464 0.305551
    outer loop
      vertex 1.25923 -0.133108 0.252185
      vertex 1.63424 0.222381 0.190906
      vertex 1.37654 -0.00667286 0.19735
    endloop
  endfacet
  facet normal -0.628334 0.715507 0.305362
    outer loop
      vertex 1.37654 -0.00667286 0.19735
      vertex 1.63424 0.222381 0.190906
      vertex 1.50172 0.111985 0.176897
    endloop
  endfacet
  facet normal -0.62834 0.715472 0.305431
    outer loop
      vertex 2.4344 1.4055 -0.9344
      vertex 2.04513 0.89746 -0.545131
      vertex 2.18789 1.00862 -0.511834
    endloop
  endfacet
  facet normal -0.628194 0.715538 0.305577
    outer loop
      vertex 2.4344 1.4055 -0.9344
      vertex 2.18789 1.00862 -0.511834
      vertex 2.21035 1.01743 -0.486291
    endloop
  endfacet
  facet normal -0.628318 0.715479 0.305461
    outer loop
      vertex 2.04513 0.89746 -0.545131
      vertex 2.4344 1.4055 -0.9344
      vertex 1.89135 0.89746 -0.861449
    endloop
  endfacet
  facet normal -0.62832 0.71548 0.305454
    outer loop
      vertex 1.89135 0.89746 -0.861449
      vertex 2.4344 1.4055 -0.9344
      vertex 2.19964 1.26996 -1.09982
    endloop
  endfacet
  facet normal -0.628329 0.715472 0.305454
    outer loop
      vertex 2.20794 1.01326 -0.481477
      vertex 1.97515 0.686843 -0.195759
      vertex 2.03592 0.715313 -0.137439
    endloop
  endfacet
  facet normal -0.628318 0.715476 0.305468
    outer loop
      vertex 2.04513 0.89746 -0.545131
      vertex 1.97515 0.686843 -0.195759
      vertex 2.20794 1.01326 -0.481477
    endloop
  endfacet
  facet normal -0.628327 0.715391 0.305648
    outer loop
      vertex 2.04513 0.89746 -0.545131
      vertex 2.20794 1.01326 -0.481477
      vertex 2.18789 1.00862 -0.511834
    endloop
  endfacet
  facet normal -0.628312 0.71548 0.305471
    outer loop
      vertex 1.97515 0.686843 -0.195759
      vertex 2.04513 0.89746 -0.545131
      vertex 1.81735 0.600181 -0.317351
    endloop
  endfacet
  facet normal 0.866027 -0.499998 -6.65611e-06
    outer loop
      vertex 2.04784 1.75205 -1.5
      vertex 2.27722 2.14935 -1.5
      vertex 1.9258 1.54066 -0.79715
    endloop
  endfacet
  facet normal 0.866018 -0.500012 6.2236e-06
    outer loop
      vertex 1.2243 0.325625 0.235426
      vertex 1.1742 0.238848 -0.0878937
      vertex 1.23849 0.350201 0.153762
    endloop
  endfacet
  facet normal 0.86602 -0.500009 5.14303e-06
    outer loop
      vertex 1.15754 0.21 0.619654
      vertex 1.1742 0.238848 -0.0878937
      vertex 1.2243 0.325625 0.235426
    endloop
  endfacet
  facet normal 0.866038 -0.499977 6.86033e-06
    outer loop
      vertex 1.10968 0.127102 0.835086
      vertex 1.1742 0.238848 -0.0878937
      vertex 1.15754 0.21 0.619654
    endloop
  endfacet
  facet normal 0.866027 -0.499997 3.67627e-06
    outer loop
      vertex 1.1742 0.238848 -0.0878937
      vertex 1.10968 0.127102 0.835086
      vertex 0.777223 -0.44873 1.5
    endloop
  endfacet
  facet normal 0.86593 -0.500166 -0.000204685
    outer loop
      vertex 1.57701 0.93655 -0.135914
      vertex 1.70204 1.1531 -0.349633
      vertex 1.57928 0.940467 -0.104107
    endloop
  endfacet
  facet normal 0.866026 -0.499998 -1.82381e-05
    outer loop
      vertex 1.70204 1.1531 -0.511834
      vertex 1.79979 1.32241 -0.545131
      vertex 1.78314 1.29357 -0.511834
    endloop
  endfacet
  facet normal 0.866027 -0.499998 2.26385e-05
    outer loop
      vertex 1.55445 0.89746 -0.460308
      vertex 1.70204 1.1531 -0.349633
      vertex 1.57701 0.93655 -0.135914
    endloop
  endfacet
  facet normal 0.866028 -0.499996 -2.00286e-06
    outer loop
      vertex 1.70204 1.1531 -0.511834
      vertex 1.56768 0.920383 -1.5
      vertex 1.79979 1.32241 -0.545131
    endloop
  endfacet
  facet normal 0.866031 -0.49999 0
    outer loop
      vertex 1.70204 1.1531 -0.349633
      vertex 1.55445 0.89746 -0.460308
      vertex 1.70204 1.1531 -0.511834
    endloop
  endfacet
  facet normal 0.866031 -0.499991 -3.56214e-06
    outer loop
      vertex 1.70204 1.1531 -0.511834
      vertex 1.55445 0.89746 -0.460308
      vertex 1.56768 0.920383 -1.5
    endloop
  endfacet
  facet normal 0.866101 -0.49987 0
    outer loop
      vertex 1.56768 0.920383 -1.5
      vertex 1.55445 0.89746 -0.460308
      vertex 1.55445 0.89746 -1.5
    endloop
  endfacet
  facet normal 0.866027 -0.499997 0
    outer loop
      vertex 1.55086 0.891251 -0.0472769
      vertex 1.33733 0.521403 0.162671
      vertex 1.55086 0.891251 -0.0508611
    endloop
  endfacet
  facet normal 0.866027 -0.499997 0
    outer loop
      vertex 1.33733 0.521403 0.162671
      vertex 1.55086 0.891251 -0.0472769
      vertex 1.33733 0.521403 0.379787
    endloop
  endfacet
  facet normal 0.866023 -0.500003 0
    outer loop
      vertex 0.777223 -0.44873 0
      vertex 1.1742 0.238848 -0.0878937
      vertex 0.777223 -0.44873 1.5
    endloop
  endfacet
  facet normal 0.866023 -0.500004 -1.08541e-05
    outer loop
      vertex 1.1742 0.238848 -0.0878937
      vertex 0.777223 -0.44873 0
      vertex 1.05159 0.0264938 -0.548741
    endloop
  endfacet
  facet normal 0.353556 0.61237 0.707107
    outer loop
      vertex 1.83725 2.40337 -1.5
      vertex 1.9258 1.54066 -0.79715
      vertex 2.27722 2.14935 -1.5
    endloop
  endfacet
  facet normal 0.353556 0.61237 0.707108
    outer loop
      vertex 1.9258 1.54066 -0.79715
      vertex 1.83725 2.40337 -1.5
      vertex 1.4172 1.67582 -0.6599
    endloop
  endfacet
  facet normal 0.353667 0.612308 0.707106
    outer loop
      vertex 1.53773 0.887807 -0.0377275
      vertex 1.33733 0.521403 0.379787
      vertex 1.55086 0.891251 -0.0472769
    endloop
  endfacet
  facet normal 0.353554 0.612371 0.707107
    outer loop
      vertex 0.674493 0.389419 0.825507
      vertex 1.33733 0.521403 0.379787
      vertex 1.53773 0.887807 -0.0377275
    endloop
  endfacet
  facet normal 0.353554 0.612371 0.707107
    outer loop
      vertex 1.33733 0.521403 0.379787
      vertex 0.674493 0.389419 0.825507
      vertex 1.22269 0.425901 0.519814
    endloop
  endfacet
  facet normal 0.353557 0.612364 0.707112
    outer loop
      vertex 1.22269 0.425901 0.519814
      vertex 0.674493 0.389419 0.825507
      vertex 1.07797 0.28872 0.710974
    endloop
  endfacet
  facet normal 0.353557 0.612376 0.707102
    outer loop
      vertex 1.07797 0.28872 0.710974
      vertex 0.674493 0.389419 0.825507
      vertex 0.942347 0.142549 0.905376
    endloop
  endfacet
  facet normal 0.353551 0.612371 0.707109
    outer loop
      vertex 0.942347 0.142549 0.905376
      vertex 0.674493 0.389419 0.825507
      vertex 0.816363 -0.0120115 1.10222
    endloop
  endfacet
  facet normal 0.17891 0.600468 0.779378
    outer loop
      vertex 0.674492 0.389418 0.825508
      vertex 0.816363 -0.0120115 1.10222
      vertex 0.674493 0.389419 0.825507
    endloop
  endfacet
  facet normal 0.353555 0.612372 0.707107
    outer loop
      vertex 0.337246 -0.194709 1.5
      vertex 0.816363 -0.0120115 1.10222
      vertex 0.674492 0.389418 0.825508
    endloop
  endfacet
  facet normal 0.353556 0.61237 0.707108
    outer loop
      vertex 0.816363 -0.0120115 1.10222
      vertex 0.337246 -0.194709 1.5
      vertex 0.700541 -0.174327 1.3007
    endloop
  endfacet
  facet normal 0.35355 0.612384 0.707099
    outer loop
      vertex 0.700541 -0.174327 1.3007
      vertex 0.337246 -0.194709 1.5
      vertex 0.595364 -0.343718 1.49999
    endloop
  endfacet
  facet normal 0.353844 0.612183 0.707126
    outer loop
      vertex 0.972913 -0.0678479 1.0723
      vertex 1.09275 0.104817 0.862852
      vertex 1.05016 0.0487639 0.932691
    endloop
  endfacet
  facet normal 0.354532 0.611746 0.707159
    outer loop
      vertex 0.972913 -0.0678479 1.0723
      vertex 1.10968 0.127102 0.835086
      vertex 1.09275 0.104817 0.862852
    endloop
  endfacet
  facet normal 0.353711 0.612288 0.707101
    outer loop
      vertex 0.777223 -0.44873 1.5
      vertex 0.972913 -0.0678479 1.0723
      vertex 0.944918 -0.110111 1.1229
    endloop
  endfacet
  facet normal 0.353295 0.612511 0.707116
    outer loop
      vertex 0.777223 -0.44873 1.5
      vertex 0.944918 -0.110111 1.1229
      vertex 0.866148 -0.24745 1.28122
    endloop
  endfacet
  facet normal 0.355715 0.611166 0.707067
    outer loop
      vertex 0.839303 -0.297573 1.33805
      vertex 0.866148 -0.24745 1.28122
      vertex 0.850706 -0.274373 1.31226
    endloop
  endfacet
  facet normal 0.353366 0.612475 0.707112
    outer loop
      vertex 0.866148 -0.24745 1.28122
      vertex 0.839303 -0.297573 1.33805
      vertex 0.777223 -0.44873 1.5
    endloop
  endfacet
  facet normal 0.353519 0.612393 0.707107
    outer loop
      vertex 0.972913 -0.0678479 1.0723
      vertex 0.777223 -0.44873 1.5
      vertex 1.10968 0.127102 0.835086
    endloop
  endfacet
  facet normal 0.353605 0.612357 0.707094
    outer loop
      vertex 0.767707 -0.443235 1.5
      vertex 0.777223 -0.44873 1.5
      vertex 0.839303 -0.297573 1.33805
    endloop
  endfacet
  facet normal -0.491164 -0.850577 0.187822
    outer loop
      vertex 0.595364 -0.343718 1.49999
      vertex 0.777223 -0.44873 1.5
      vertex 0.767707 -0.443235 1.5
    endloop
  endfacet
  facet normal 0.297583 0.515428 0.803604
    outer loop
      vertex 0.777223 -0.44873 1.5
      vertex 0.595364 -0.343718 1.49999
      vertex 0.337246 -0.194709 1.5
    endloop
  endfacet
  facet normal 0.35355 0.612375 0.707106
    outer loop
      vertex 1.65062 1.13724 -0.310188
      vertex 1.57928 0.940467 -0.104107
      vertex 1.70204 1.1531 -0.349633
    endloop
  endfacet
  facet normal 0.353536 0.612381 0.707107
    outer loop
      vertex 1.5314 1.10323 -0.221127
      vertex 1.57928 0.940467 -0.104107
      vertex 1.65062 1.13724 -0.310188
    endloop
  endfacet
  facet normal 0.353474 0.612384 0.707136
    outer loop
      vertex 1.57928 0.940467 -0.104107
      vertex 1.5314 1.10323 -0.221127
      vertex 1.57613 0.939791 -0.101947
    endloop
  endfacet
  facet normal 0.353539 0.61238 0.707107
    outer loop
      vertex 1.5314 1.10323 -0.221127
      vertex 1.47798 0.920758 -0.0363908
      vertex 1.57613 0.939791 -0.101947
    endloop
  endfacet
  facet normal 0.353571 0.612367 0.707103
    outer loop
      vertex 1.41147 1.07179 -0.133931
      vertex 1.47798 0.920758 -0.0363908
      vertex 1.5314 1.10323 -0.221127
    endloop
  endfacet
  facet normal 0.353518 0.612363 0.707133
    outer loop
      vertex 1.47798 0.920758 -0.0363908
      vertex 1.41147 1.07179 -0.133931
      vertex 1.45068 0.915464 -0.0181582
    endloop
  endfacet
  facet normal 0.353565 0.612359 0.707112
    outer loop
      vertex 1.41147 1.07179 -0.133931
      vertex 1.35692 0.899208 0.0428007
      vertex 1.45068 0.915464 -0.0181582
    endloop
  endfacet
  facet normal 0.353545 0.612368 0.707115
    outer loop
      vertex 1.2909 1.04291 -0.0486378
      vertex 1.35692 0.899208 0.0428007
      vertex 1.41147 1.07179 -0.133931
    endloop
  endfacet
  facet normal 0.353539 0.612368 0.707118
    outer loop
      vertex 1.35692 0.899208 0.0428007
      vertex 1.2909 1.04291 -0.0486378
      vertex 1.34684 0.89746 0.0493542
    endloop
  endfacet
  facet normal 0.353555 0.612368 0.70711
    outer loop
      vertex 1.16975 1.01661 0.0347134
      vertex 1.34684 0.89746 0.0493542
      vertex 1.2909 1.04291 -0.0486378
    endloop
  endfacet
  facet normal 0.353552 0.612375 0.707105
    outer loop
      vertex 0.96781 0.89746 0.238871
      vertex 1.16975 1.01661 0.0347134
      vertex 1.04805 0.992915 0.116084
    endloop
  endfacet
  facet normal 0.353607 0.612337 0.707111
    outer loop
      vertex 0.96781 0.89746 0.238871
      vertex 1.04805 0.992915 0.116084
      vertex 1.02014 0.988095 0.134215
    endloop
  endfacet
  facet normal 0.353557 0.612371 0.707107
    outer loop
      vertex 1.16975 1.01661 0.0347134
      vertex 0.96781 0.89746 0.238871
      vertex 1.34684 0.89746 0.0493542
    endloop
  endfacet
  facet normal 0.354409 0.610691 0.708132
    outer loop
      vertex 1.16518 1.23931 -0.155862
      vertex 1.24417 1.24764 -0.202579
      vertex 1.26267 1.25208 -0.215667
    endloop
  endfacet
  facet normal 0.353673 0.612237 0.707164
    outer loop
      vertex 1.24417 1.24764 -0.202579
      vertex 1.16518 1.23931 -0.155862
      vertex 1.15936 1.22924 -0.144233
    endloop
  endfacet
  facet normal 0.353513 0.612344 0.707151
    outer loop
      vertex 1.78314 1.29357 -0.511834
      vertex 1.79979 1.32241 -0.545131
      vertex 1.7455 1.3153 -0.511834
    endloop
  endfacet
  facet normal -0.608197 0.724824 0.323616
    outer loop
      vertex 1.52029 2.13741 -1.5
      vertex 1.38363 1.86616 -1.1493
      vertex 1.83725 2.40337 -1.5
    endloop
  endfacet
  facet normal -0.608243 0.724801 0.32358
    outer loop
      vertex 1.38363 1.86616 -1.1493
      vertex 1.52029 2.13741 -1.5
      vertex 1.3699 1.94406 -1.3496
    endloop
  endfacet
  facet normal -0.6082 0.724821 0.323616
    outer loop
      vertex 0.565679 0.89746 -0.516908
      vertex 0.580594 0.915124 -0.52844
      vertex 0.548741 0.89746 -0.548741
    endloop
  endfacet
  facet normal -0.608194 0.724824 0.323621
    outer loop
      vertex 1.4172 1.67582 -0.6599
      vertex 1.83725 2.40337 -1.5
      vertex 1.38363 1.86616 -1.1493
    endloop
  endfacet
  facet normal -0.608204 0.72482 0.32361
    outer loop
      vertex 0.674492 0.389418 0.825508
      vertex 0 -1.34034e-07 0.430061
      vertex 0.337246 -0.194709 1.5
    endloop
  endfacet
  facet normal -0.596914 0.753182 0.276425
    outer loop
      vertex 0 -1.34034e-07 0.430061
      vertex 0.674492 0.389418 0.825508
      vertex 1.5774e-13 2.32976e-07 0.43006
    endloop
  endfacet
  facet normal -0.608194 0.724828 0.323612
    outer loop
      vertex 0.925881 0.971821 -0.00648398
      vertex 0.96781 0.89746 0.238871
      vertex 1.02014 0.988095 0.134215
    endloop
  endfacet
  facet normal -0.608211 0.724814 0.323611
    outer loop
      vertex 0.803288 0.953343 -0.195505
      vertex 0.96781 0.89746 0.238871
      vertex 0.925881 0.971821 -0.00648398
    endloop
  endfacet
  facet normal -0.608223 0.724796 0.32363
    outer loop
      vertex 0.565679 0.89746 -0.516908
      vertex 0.803288 0.953343 -0.195505
      vertex 0.680326 0.937489 -0.391091
    endloop
  endfacet
  facet normal -0.608197 0.724833 0.323594
    outer loop
      vertex 0.565679 0.89746 -0.516908
      vertex 0.680326 0.937489 -0.391091
      vertex 0.606677 0.929588 -0.511817
    endloop
  endfacet
  facet normal -0.608201 0.724823 0.323608
    outer loop
      vertex 0.803288 0.953343 -0.195505
      vertex 0.565679 0.89746 -0.516908
      vertex 0.96781 0.89746 0.238871
    endloop
  endfacet
  facet normal -0.608192 0.724822 0.323627
    outer loop
      vertex 0.565679 0.89746 -0.516908
      vertex 0.606677 0.929588 -0.511817
      vertex 0.580594 0.915124 -0.52844
    endloop
  endfacet
  facet normal -0.608085 0.724986 0.323463
    outer loop
      vertex 1.15936 1.22924 -0.144233
      vertex 1.16518 1.23931 -0.155862
      vertex 1.13908 1.22484 -0.172496
    endloop
  endfacet
  facet normal 0.608187 -0.724828 0.323625
    outer loop
      vertex 2.50927 -1.44873 -1.5
      vertex 1.44664 -2.18254 -1.14653
      vertex 1.5892 -2.22074 -1.5
    endloop
  endfacet
  facet normal 0.608187 -0.724829 0.323622
    outer loop
      vertex 1.44664 -2.18254 -1.14653
      vertex 2.50927 -1.44873 -1.5
      vertex 2.03005 -1.17205 0.0202942
    endloop
  endfacet
  facet normal -0.353558 -0.612373 0.707104
    outer loop
      vertex 1.68361 -0.97203 0.0202942
      vertex 1.44664 -2.18254 -1.14653
      vertex 2.03005 -1.17205 0.0202942
    endloop
  endfacet
  facet normal -0.353552 -0.612375 0.707105
    outer loop
      vertex 1.44664 -2.18254 -1.14653
      vertex 1.68361 -0.97203 0.0202942
      vertex 1.0466 -2.07535 -1.25372
    endloop
  endfacet
  facet normal 0.608203 -0.72482 0.323613
    outer loop
      vertex 0.508042 -1.93105 0.0816835
      vertex 1.68361 -0.97203 0.0202942
      vertex 1.2172 -0.70275 1.5
    endloop
  endfacet
  facet normal 0.608203 -0.72482 0.323613
    outer loop
      vertex 1.68361 -0.97203 0.0202942
      vertex 0.508042 -1.93105 0.0816835
      vertex 0.806333 -2.01098 -0.657954
    endloop
  endfacet
  facet normal 0.608211 -0.724819 0.3236
    outer loop
      vertex 1.0466 -2.07535 -1.25372
      vertex 1.68361 -0.97203 0.0202942
      vertex 0.806333 -2.01098 -0.657954
    endloop
  endfacet
  facet normal -0.93378 0.186393 0.30547
    outer loop
      vertex 0.502224 -0.960371 -0.528439
      vertex 0.777223 -0.44873 0
      vertex 0.502852 -0.923953 -0.548741
    endloop
  endfacet
  facet normal -0.933781 0.186403 0.305461
    outer loop
      vertex 0.495733 -1.33633 -0.318859
      vertex 0.777223 -0.44873 0
      vertex 0.502224 -0.960371 -0.528439
    endloop
  endfacet
  facet normal -0.933781 0.186403 0.305461
    outer loop
      vertex 0.777223 -0.44873 0
      vertex 0.495733 -1.33633 -0.318859
      vertex 0.959081 -0.553741 0.620013
    endloop
  endfacet
  facet normal -0.933781 0.186402 0.305462
    outer loop
      vertex 0.959081 -0.553741 0.620013
      vertex 0.495733 -1.33633 -0.318859
      vertex 1.2172 -0.70275 1.5
    endloop
  endfacet
  facet normal -0.93994 0.158163 0.302486
    outer loop
      vertex 0.959088 -0.55373 0.620029
      vertex 0.959081 -0.553741 0.620013
      vertex 1.2172 -0.70275 1.5
    endloop
  endfacet
  facet normal -0.933781 0.186402 0.305462
    outer loop
      vertex 0.490684 -1.62873 -0.155862
      vertex 1.2172 -0.70275 1.5
      vertex 0.495733 -1.33633 -0.318859
    endloop
  endfacet
  facet normal -0.933782 0.1864 0.30546
    outer loop
      vertex 0.508041 -1.93105 0.0816818
      vertex 0.490684 -1.62873 -0.155862
      vertex 0.379506 -1.89661 -0.332262
    endloop
  endfacet
  facet normal -0.933781 0.186402 0.305462
    outer loop
      vertex 0.490684 -1.62873 -0.155862
      vertex 0.508041 -1.93105 0.0816818
      vertex 1.2172 -0.70275 1.5
    endloop
  endfacet
  facet normal -0.85863 -0.0874818 0.505076
    outer loop
      vertex 1.2172 -0.70275 1.5
      vertex 0.508041 -1.93105 0.0816818
      vertex 0.508042 -1.93105 0.0816835
    endloop
  endfacet
  facet normal 0.866026 -0.499999 0
    outer loop
      vertex 0.293318 -1.28688 0.238872
      vertex 0.777223 -0.44873 0
      vertex 0.777223 -0.44873 1.5
    endloop
  endfacet
  facet normal 0.866025 -0.5 -5.55536e-06
    outer loop
      vertex 0.777223 -0.44873 0
      vertex 0.293318 -1.28688 0.238872
      vertex 0.445198 -1.02381 -0.332025
    endloop
  endfacet
  facet normal 0.866024 -0.500003 3.03875e-06
    outer loop
      vertex 0.293318 -1.28688 0.238872
      vertex 0.777223 -0.44873 1.5
      vertex 0 -1.79492 -0.0544463
    endloop
  endfacet
  facet normal 0 -1 0
    outer loop
      vertex 1.14882e-07 -1.79492 -0.777223
      vertex 0 -1.79492 -0.0544463
      vertex 0 -1.79492 -0.777223
    endloop
  endfacet
  facet normal 0.86603 -0.499992 -1.06668e-05
    outer loop
      vertex 0.777223 -0.44873 0
      vertex 0.494384 -0.938621 -0.516908
      vertex 0.502852 -0.923953 -0.548741
    endloop
  endfacet
  facet normal 0.866022 -0.500006 6.47972e-06
    outer loop
      vertex 0.494384 -0.938621 -0.516908
      vertex 0.777223 -0.44873 0
      vertex 0.445198 -1.02381 -0.332025
    endloop
  endfacet
  facet normal 0 -1 0
    outer loop
      vertex 0 -1.79492 -1.5
      vertex 1.14882e-07 -1.79492 -0.777223
      vertex 0 -1.79492 -0.777223
    endloop
  endfacet
  facet normal -0.353554 -0.612372 0.707107
    outer loop
      vertex 0 -0.778836 0.825508
      vertex 0.777223 -0.44873 1.5
      vertex 0.337246 -0.194709 1.5
    endloop
  endfacet
  facet normal -0.353554 -0.612372 0.707107
    outer loop
      vertex 0 -1.79492 -0.0544457
      vertex 0.777223 -0.44873 1.5
      vertex 0 -0.778836 0.825508
    endloop
  endfacet
  facet normal 0.866025 -0.5 0
    outer loop
      vertex 0.777223 -0.44873 1.5
      vertex 0 -1.79492 -0.0544457
      vertex 0 -1.79492 -0.0544463
    endloop
  endfacet
  facet normal -0.353559 -0.612375 0.707102
    outer loop
      vertex -0.293318 -1.28688 0.238872
      vertex -0.474475 -1.66778 -0.181581
      vertex -4.59898e-07 -1.79492 -0.0544458
    endloop
  endfacet
  facet normal -0.353449 -0.612433 0.707107
    outer loop
      vertex -0.474475 -1.66778 -0.181581
      vertex -0.293318 -1.28688 0.238872
      vertex -0.490685 -1.62873 -0.155862
    endloop
  endfacet
  facet normal -0.931815 0.16431 0.32361
    outer loop
      vertex 0.337246 -0.194709 1.5
      vertex 0 -1.34034e-07 0.430061
      vertex -8.99796e-08 -0.482678 0.675136
    endloop
  endfacet
  facet normal -0.931815 0.16431 0.32361
    outer loop
      vertex 0 -0.778836 0.825508
      vertex 0.337246 -0.194709 1.5
      vertex -8.99796e-08 -0.482678 0.675136
    endloop
  endfacet
  facet normal -0.931813 0.164314 0.323614
    outer loop
      vertex -0.498091 -1.19976 -0.39499
      vertex -0.380249 -1.13631 -0.0878926
      vertex -0.502852 -0.923952 -0.54874
    endloop
  endfacet
  facet normal -0.931813 0.164311 0.323615
    outer loop
      vertex -0.490685 -1.62873 -0.155862
      vertex -0.380249 -1.13631 -0.0878926
      vertex -0.498091 -1.19976 -0.39499
    endloop
  endfacet
  facet normal -0.931815 0.164312 0.323609
    outer loop
      vertex -0.380249 -1.13631 -0.0878926
      vertex -0.490685 -1.62873 -0.155862
      vertex -0.293318 -1.28688 0.238872
    endloop
  endfacet
  facet normal 0.88912 0.323625 0.323624
    outer loop
      vertex 2 -3.34936 -1.5
      vertex 1.44664 -2.18254 -1.14653
      vertex 1.44664 -3.34936 0.0202942
    endloop
  endfacet
  facet normal 0.889121 0.323626 0.323622
    outer loop
      vertex 1.44664 -2.18254 -1.14653
      vertex 2 -3.34936 -1.5
      vertex 1.5892 -2.22074 -1.5
    endloop
  endfacet
  facet normal 6.24614e-07 0.707108 0.707106
    outer loop
      vertex 1.0466 -3.34936 0.0202942
      vertex 1.44664 -2.18254 -1.14653
      vertex 1.0466 -2.07535 -1.25372
    endloop
  endfacet
  facet normal 0 0.707108 0.707106
    outer loop
      vertex 1.44664 -2.18254 -1.14653
      vertex 1.0466 -3.34936 0.0202942
      vertex 1.44664 -3.34936 0.0202942
    endloop
  endfacet
  facet normal -0.768766 0.452218 0.452215
    outer loop
      vertex 0.508041 -3.34936 1.5
      vertex 0.508042 -1.93105 0.0816835
      vertex 0.508041 -1.93105 0.0816818
    endloop
  endfacet
  facet normal 0.88913 0.323612 0.323611
    outer loop
      vertex 1.0466 -3.34936 0.0202942
      vertex 0.508042 -1.93105 0.0816835
      vertex 0.508041 -3.34936 1.5
    endloop
  endfacet
  facet normal 0.88913 0.323612 0.323609
    outer loop
      vertex 0.508042 -1.93105 0.0816835
      vertex 1.0466 -3.34936 0.0202942
      vertex 0.806333 -2.01098 -0.657954
    endloop
  endfacet
  facet normal 0.889128 0.323613 0.323612
    outer loop
      vertex 0.806333 -2.01098 -0.657954
      vertex 1.0466 -3.34936 0.0202942
      vertex 1.0466 -2.07535 -1.25372
    endloop
  endfacet
  facet normal -0.901862 0.305503 0.305473
    outer loop
      vertex 0 -1.84936 -1.5
      vertex 0.224397 -2.18359 -0.503241
      vertex 0.0116224 -1.81505 -1.5
    endloop
  endfacet
  facet normal -0.901878 0.305464 0.305464
    outer loop
      vertex 0.224397 -2.18359 -0.503241
      vertex 0 -1.84936 -1.5
      vertex 0 -3.34936 0
    endloop
  endfacet
  facet normal -0.901879 0.305465 0.30546
    outer loop
      vertex 0.224397 -2.18359 -0.503241
      vertex 0.508041 -1.93105 0.0816818
      vertex 0.379506 -1.89661 -0.332262
    endloop
  endfacet
  facet normal -0.901879 0.305463 0.305461
    outer loop
      vertex 0 -3.34936 0
      vertex 0.508041 -1.93105 0.0816818
      vertex 0.224397 -2.18359 -0.503241
    endloop
  endfacet
  facet normal -0.901879 0.305463 0.305461
    outer loop
      vertex 0.508041 -1.93105 0.0816818
      vertex 0 -3.34936 0
      vertex 0.508041 -3.34936 1.5
    endloop
  endfacet
  facet normal 0.205545 0.69201 0.692007
    outer loop
      vertex -3.36669e-07 -1.79492 -0.0544456
      vertex 0 -3.34936 1.5
      vertex 0 -1.79492 -0.0544457
    endloop
  endfacet
  facet normal -0.222024 0.965397 0.136799
    outer loop
      vertex -0.508041 -1.93105 0.0816818
      vertex -3.36669e-07 -1.79492 -0.0544456
      vertex -4.59898e-07 -1.79492 -0.0544458
    endloop
  endfacet
  facet normal 1.90645e-06 0.707097 0.707117
    outer loop
      vertex -0.508041 -1.93105 0.0816818
      vertex -4.59898e-07 -1.79492 -0.0544458
      vertex -0.474475 -1.66778 -0.181581
    endloop
  endfacet
  facet normal -4.30133e-06 0.707108 0.707106
    outer loop
      vertex -3.36669e-07 -1.79492 -0.0544456
      vertex -0.508041 -1.93105 0.0816818
      vertex 0 -3.34936 1.5
    endloop
  endfacet
  facet normal 0 0.707109 0.707105
    outer loop
      vertex 0 -3.34936 1.5
      vertex -0.508041 -1.93105 0.0816818
      vertex -0.508041 -3.34936 1.5
    endloop
  endfacet
  facet normal -0.889131 0.32361 0.323609
    outer loop
      vertex -1.0466 -3.34936 0.0202942
      vertex -0.966918 -2.054 -1.05614
      vertex -1.0466 -2.07535 -1.25372
    endloop
  endfacet
  facet normal -0.88913 0.323612 0.323611
    outer loop
      vertex -1.0466 -3.34936 0.0202942
      vertex -0.508042 -1.93105 0.0816835
      vertex -0.966918 -2.054 -1.05614
    endloop
  endfacet
  facet normal 0.768766 0.452218 0.452215
    outer loop
      vertex -0.508042 -1.93105 0.0816835
      vertex -0.508041 -3.34936 1.5
      vertex -0.508041 -1.93105 0.0816818
    endloop
  endfacet
  facet normal -0.88913 0.323612 0.323611
    outer loop
      vertex -0.508041 -3.34936 1.5
      vertex -0.508042 -1.93105 0.0816835
      vertex -1.0466 -3.34936 0.0202942
    endloop
  endfacet
  facet normal -6.24614e-07 0.707108 0.707106
    outer loop
      vertex -1.44664 -2.18254 -1.14653
      vertex -1.0466 -3.34936 0.0202942
      vertex -1.0466 -2.07535 -1.25372
    endloop
  endfacet
  facet normal 0 0.707108 0.707106
    outer loop
      vertex -1.44664 -2.18254 -1.14653
      vertex -1.44664 -3.34936 0.0202942
      vertex -1.0466 -3.34936 0.0202942
    endloop
  endfacet
  facet normal -0.889121 0.323626 0.323622
    outer loop
      vertex -2 -3.34936 -1.5
      vertex -1.44664 -2.18254 -1.14653
      vertex -1.5892 -2.22074 -1.5
    endloop
  endfacet
  facet normal -0.88912 0.323625 0.323624
    outer loop
      vertex -1.44664 -2.18254 -1.14653
      vertex -2 -3.34936 -1.5
      vertex -1.44664 -3.34936 0.0202942
    endloop
  endfacet
  facet normal 0.889121 -0.323623 0.323624
    outer loop
      vertex 2 -3.34936 -1.5
      vertex 1.44664 -3.34936 0.0202942
      vertex 1.44664 -4.86966 -1.5
    endloop
  endfacet
  facet normal 0 -0.707105 0.707108
    outer loop
      vertex 1.0466 -4.86966 -1.5
      vertex 1.44664 -3.34936 0.0202942
      vertex 1.0466 -3.34936 0.0202942
    endloop
  endfacet
  facet normal 0 -0.707105 0.707108
    outer loop
      vertex 1.44664 -3.34936 0.0202942
      vertex 1.0466 -4.86966 -1.5
      vertex 1.44664 -4.86966 -1.5
    endloop
  endfacet
  facet normal 0.88913 -0.32361 0.323611
    outer loop
      vertex 0.508041 -3.34936 1.5
      vertex 1.0466 -4.86966 -1.5
      vertex 1.0466 -3.34936 0.0202942
    endloop
  endfacet
  facet normal 0.889129 -0.323612 0.323612
    outer loop
      vertex 1.0466 -4.86966 -1.5
      vertex 0.508041 -3.34936 1.5
      vertex 0.508041 -6.34936 -1.5
    endloop
  endfacet
  facet normal -0.90188 -0.305461 0.305461
    outer loop
      vertex 0 -4.84936 -1.5
      vertex 0.508041 -3.34936 1.5
      vertex 0 -3.34936 0
    endloop
  endfacet
  facet normal -0.90188 -0.305461 0.305461
    outer loop
      vertex 0.508041 -3.34936 1.5
      vertex 0 -4.84936 -1.5
      vertex 0.508041 -6.34936 -1.5
    endloop
  endfacet
  facet normal 1 0 0
    outer loop
      vertex 0 -3.34936 0
      vertex 0 -1.79492 -0.777223
      vertex 0 -1.79492 -0.0544463
    endloop
  endfacet
  facet normal 1 -0 0
    outer loop
      vertex 0 -3.34936 0
      vertex 0 -1.79492 -0.0544457
      vertex 0 -3.34936 1.5
    endloop
  endfacet
  facet normal 1 0 0
    outer loop
      vertex 0 -1.79492 -0.0544457
      vertex 0 -3.34936 0
      vertex 0 -1.79492 -0.0544463
    endloop
  endfacet
  facet normal 1 0 0
    outer loop
      vertex 0 -1.79492 -0.777223
      vertex 0 -3.34936 0
      vertex 0 -1.84936 -1.5
    endloop
  endfacet
  facet normal 1 0 0
    outer loop
      vertex 0 -3.34936 1.5
      vertex 0 -4.84936 -1.5
      vertex 0 -3.34936 0
    endloop
  endfacet
  facet normal 1 0 -0
    outer loop
      vertex 0 -4.84936 -1.5
      vertex 0 -3.34936 1.5
      vertex 0 -6.34936 -1.5
    endloop
  endfacet
  facet normal 1 0 -0
    outer loop
      vertex 0 -1.79492 -1.5
      vertex 0 -1.79492 -0.777223
      vertex 0 -1.84936 -1.5
    endloop
  endfacet
  facet normal 0 -0.707107 0.707107
    outer loop
      vertex -0.508041 -6.34936 -1.5
      vertex 0 -3.34936 1.5
      vertex -0.508041 -3.34936 1.5
    endloop
  endfacet
  facet normal 0 -0.707107 0.707107
    outer loop
      vertex 0 -3.34936 1.5
      vertex -0.508041 -6.34936 -1.5
      vertex 0 -6.34936 -1.5
    endloop
  endfacet
  facet normal -0.88913 -0.32361 0.323611
    outer loop
      vertex -1.0466 -4.86966 -1.5
      vertex -0.508041 -3.34936 1.5
      vertex -1.0466 -3.34936 0.0202942
    endloop
  endfacet
  facet normal -0.889129 -0.323612 0.323612
    outer loop
      vertex -0.508041 -3.34936 1.5
      vertex -1.0466 -4.86966 -1.5
      vertex -0.508041 -6.34936 -1.5
    endloop
  endfacet
  facet normal 0 -0.707105 0.707108
    outer loop
      vertex -1.44664 -4.86966 -1.5
      vertex -1.0466 -3.34936 0.0202942
      vertex -1.44664 -3.34936 0.0202942
    endloop
  endfacet
  facet normal 0 -0.707105 0.707108
    outer loop
      vertex -1.0466 -3.34936 0.0202942
      vertex -1.44664 -4.86966 -1.5
      vertex -1.0466 -4.86966 -1.5
    endloop
  endfacet
  facet normal -0.889121 -0.323623 0.323624
    outer loop
      vertex -1.44664 -4.86966 -1.5
      vertex -1.44664 -3.34936 0.0202942
      vertex -2 -3.34936 -1.5
    endloop
  endfacet
  facet normal -0.323625 0.88912 0.323624
    outer loop
      vertex 0 2.3441 0.0202942
      vertex 0 2.89746 -1.5
      vertex -1.52029 2.3441 -1.5
    endloop
  endfacet
  facet normal -0.70713 0 0.707083
    outer loop
      vertex -1.3699 1.94406 -1.3496
      vertex -1.52029 2.3441 -1.5
      vertex -1.52029 2.13741 -1.5
    endloop
  endfacet
  facet normal -0.707108 1.69415e-05 0.707106
    outer loop
      vertex -1.52029 2.3441 -1.5
      vertex -1.3699 1.94406 -1.3496
      vertex 0 2.3441 0.0202942
    endloop
  endfacet
  facet normal -0.707105 0 0.707108
    outer loop
      vertex 0 2.3441 0.0202942
      vertex -1.3699 1.94406 -1.3496
      vertex 0 1.94406 0.0202942
    endloop
  endfacet
  facet normal -0.323616 0.889127 0.323615
    outer loop
      vertex -1.99964 1.66857 -1.22242
      vertex -2.4344 1.4055 -0.934401
      vertex -1.9258 1.54066 -0.79715
    endloop
  endfacet
  facet normal -0.323593 0.889143 0.323593
    outer loop
      vertex -2.40573 1.6218 -1.5
      vertex -1.99964 1.66857 -1.22242
      vertex -2.04784 1.75205 -1.5
    endloop
  endfacet
  facet normal -0.323611 0.889126 0.323622
    outer loop
      vertex -1.99964 1.66857 -1.22242
      vertex -2.40573 1.6218 -1.5
      vertex -2.4344 1.4055 -0.934401
    endloop
  endfacet
  facet normal -0.32361 0.88913 0.323611
    outer loop
      vertex 0 1.94406 0.0202942
      vertex -1.22797 1.4055 0.272034
      vertex 0 1.4055 1.5
    endloop
  endfacet
  facet normal -0.323615 0.889133 0.323598
    outer loop
      vertex -1.22797 1.4055 0.272034
      vertex 0 1.94406 0.0202942
      vertex -1.32034 1.45369 0.04725
    endloop
  endfacet
  facet normal -0.323612 0.889127 0.323618
    outer loop
      vertex -1.4172 1.67582 -0.6599
      vertex -1.32034 1.45369 0.04725
      vertex 0 1.94406 0.0202942
    endloop
  endfacet
  facet normal -0.323583 0.889137 0.323618
    outer loop
      vertex -1.32034 1.45369 0.04725
      vertex -1.4172 1.67582 -0.6599
      vertex -1.46783 1.54311 -0.345905
    endloop
  endfacet
  facet normal -0.323623 0.889125 0.323613
    outer loop
      vertex -1.4172 1.67582 -0.6599
      vertex -1.76315 1.49601 -0.511834
      vertex -1.52473 1.58279 -0.511834
    endloop
  endfacet
  facet normal -0.323576 0.889144 0.323606
    outer loop
      vertex -1.76315 1.49601 -0.511834
      vertex -1.9258 1.54066 -0.79715
      vertex -1.90799 1.4433 -0.511834
    endloop
  endfacet
  facet normal -0.323617 0.889122 0.323626
    outer loop
      vertex -1.76315 1.49601 -0.511834
      vertex -1.4172 1.67582 -0.6599
      vertex -1.9258 1.54066 -0.79715
    endloop
  endfacet
  facet normal -0.323635 0.889124 0.323604
    outer loop
      vertex -1.46783 1.54311 -0.345905
      vertex -1.4172 1.67582 -0.6599
      vertex -1.52473 1.58279 -0.511834
    endloop
  endfacet
  facet normal -0.323609 0.889131 0.32361
    outer loop
      vertex -1.4172 1.67582 -0.6599
      vertex 0 1.94406 0.0202942
      vertex -1.3699 1.94406 -1.3496
    endloop
  endfacet
  facet normal -0.32362 0.88912 0.323628
    outer loop
      vertex -1.7349 1.47349 -0.421689
      vertex -1.8006 1.4055 -0.300595
      vertex -1.63744 1.4055 -0.137439
    endloop
  endfacet
  facet normal -0.323634 0.889118 0.32362
    outer loop
      vertex -1.8006 1.4055 -0.300595
      vertex -1.7349 1.47349 -0.421689
      vertex -1.81846 1.41143 -0.334748
    endloop
  endfacet
  facet normal -0.323584 0.889166 0.323537
    outer loop
      vertex -1.90799 1.4433 -0.511834
      vertex -1.7349 1.47349 -0.421689
      vertex -1.76315 1.49601 -0.511834
    endloop
  endfacet
  facet normal -0.323624 0.889118 0.323629
    outer loop
      vertex -1.7349 1.47349 -0.421689
      vertex -1.90799 1.4433 -0.511834
      vertex -1.81846 1.41143 -0.334748
    endloop
  endfacet
  facet normal -0.323658 0.889116 0.323602
    outer loop
      vertex -1.90799 1.4433 -0.511834
      vertex -1.9258 1.54066 -0.79715
      vertex -2.01183 1.4055 -0.511834
    endloop
  endfacet
  facet normal -0.323616 0.889125 0.323618
    outer loop
      vertex -2.4344 1.4055 -0.934401
      vertex -2.01183 1.4055 -0.511834
      vertex -1.9258 1.54066 -0.79715
    endloop
  endfacet
  facet normal -0.323604 0.88913 0.323618
    outer loop
      vertex -3 1.4055 -1.5
      vertex -2.56855 1.48295 -1.28136
      vertex -2.65309 1.53176 -1.5
    endloop
  endfacet
  facet normal 0 -1 -0
    outer loop
      vertex -2.4344 1.4055 -0.934401
      vertex -3 1.4055 -1.5
      vertex -2.01183 1.4055 -0.511834
    endloop
  endfacet
  facet normal -0.323594 0.889142 0.323595
    outer loop
      vertex -2.56855 1.48295 -1.28136
      vertex -3 1.4055 -1.5
      vertex -2.4344 1.4055 -0.934401
    endloop
  endfacet
  facet normal -0.30545 -0.901889 0.305446
    outer loop
      vertex -2.01183 1.4055 -0.511834
      vertex -1.79979 1.32241 -0.545131
      vertex -1.7455 1.3153 -0.511834
    endloop
  endfacet
  facet normal -0.305441 -0.90188 0.30548
    outer loop
      vertex -2.01183 1.4055 -0.511834
      vertex -1.70643 1.1607 -0.929205
      vertex -1.79979 1.32241 -0.545131
    endloop
  endfacet
  facet normal -0.305461 -0.901879 0.305464
    outer loop
      vertex -2.01183 1.4055 -0.511834
      vertex -2.4344 1.4055 -0.9344
      vertex -1.70643 1.1607 -0.929205
    endloop
  endfacet
  facet normal 0 1 0
    outer loop
      vertex -3 1.4055 -1.5
      vertex -2.4344 1.4055 -0.9344
      vertex -2.01183 1.4055 -0.511834
    endloop
  endfacet
  facet normal -0.305466 -0.901877 0.305466
    outer loop
      vertex -3 1.4055 -1.5
      vertex -2.51758 1.34155 -1.20639
      vertex -2.4344 1.4055 -0.9344
    endloop
  endfacet
  facet normal -0.305465 -0.901877 0.305464
    outer loop
      vertex -2.51758 1.34155 -1.20639
      vertex -3 1.4055 -1.5
      vertex -2.60738 1.27252 -1.5
    endloop
  endfacet
  facet normal -0.305462 -0.901879 0.305462
    outer loop
      vertex -1.63172 0.942071 -1.5
      vertex -1.70643 1.1607 -0.929205
      vertex -2.4344 1.4055 -0.9344
    endloop
  endfacet
  facet normal -0.305436 -0.901886 0.305468
    outer loop
      vertex -1.70643 1.1607 -0.929205
      vertex -1.63172 0.942071 -1.5
      vertex -1.56768 0.920383 -1.5
    endloop
  endfacet
  facet normal -0.305472 -0.901877 0.305458
    outer loop
      vertex 0 1.4055 1.5
      vertex -0.00994953 1.10778 0.611019
      vertex 0 1.10778 0.620969
    endloop
  endfacet
  facet normal -0.305465 -0.901879 0.305458
    outer loop
      vertex 0 1.4055 1.5
      vertex -0.172389 1.11299 0.463959
      vertex -0.00994953 1.10778 0.611019
    endloop
  endfacet
  facet normal -0.305451 -0.901884 0.305458
    outer loop
      vertex 0 1.4055 1.5
      vertex -0.34407 1.12955 0.341176
      vertex -0.172389 1.11299 0.463959
    endloop
  endfacet
  facet normal -0.305458 -0.901882 0.305459
    outer loop
      vertex -1.22797 1.4055 0.272034
      vertex -0.34407 1.12955 0.341176
      vertex 0 1.4055 1.5
    endloop
  endfacet
  facet normal -0.305459 -0.90189 0.305433
    outer loop
      vertex -1.22797 1.4055 0.272034
      vertex -0.514338 1.15708 0.252185
      vertex -0.34407 1.12955 0.341176
    endloop
  endfacet
  facet normal -0.305731 -0.901994 0.304853
    outer loop
      vertex -1.00971 1.3041 0.190902
      vertex -1.22797 1.4055 0.272034
      vertex -1.16742 1.37392 0.23932
    endloop
  endfacet
  facet normal -0.305458 -0.901889 0.305436
    outer loop
      vertex -1.22797 1.4055 0.272034
      vertex -0.682491 1.19546 0.197348
      vertex -0.514338 1.15708 0.252185
    endloop
  endfacet
  facet normal -0.305477 -0.901892 0.305409
    outer loop
      vertex -0.84784 1.24453 0.176894
      vertex -1.22797 1.4055 0.272034
      vertex -1.00971 1.3041 0.190902
    endloop
  endfacet
  facet normal -0.305437 -0.901867 0.305524
    outer loop
      vertex -1.22797 1.4055 0.272034
      vertex -0.84784 1.24453 0.176894
      vertex -0.682491 1.19546 0.197348
    endloop
  endfacet
  facet normal -0.305477 -0.901869 0.305476
    outer loop
      vertex -0.0619888 0.89779 -0.0610146
      vertex -2.97397e-05 0.89746 -2.97397e-05
      vertex -0.0103197 0.89779 -0.00934544
    endloop
  endfacet
  facet normal -0.305495 -0.901857 0.305495
    outer loop
      vertex -0.0619888 0.89779 -0.0610146
      vertex -0.548741 0.89746 -0.548741
      vertex -2.97397e-05 0.89746 -2.97397e-05
    endloop
  endfacet
  facet normal -0.305443 -0.901892 0.305443
    outer loop
      vertex -0.18594 0.90044 -0.177141
      vertex -0.548741 0.89746 -0.548741
      vertex -0.0619888 0.89779 -0.0610146
    endloop
  endfacet
  facet normal -0.305466 -0.901877 0.305465
    outer loop
      vertex -0.309805 0.905737 -0.285367
      vertex -0.548741 0.89746 -0.548741
      vertex -0.18594 0.90044 -0.177141
    endloop
  endfacet
  facet normal -0.30546 -0.901881 0.30546
    outer loop
      vertex -0.433529 0.913681 -0.385636
      vertex -0.548741 0.89746 -0.548741
      vertex -0.309805 0.905737 -0.285367
    endloop
  endfacet
  facet normal -0.305467 -0.901877 0.305465
    outer loop
      vertex -0.557055 0.924266 -0.477911
      vertex -0.548741 0.89746 -0.548741
      vertex -0.433529 0.913681 -0.385636
    endloop
  endfacet
  facet normal -0.30545 -0.901881 0.305468
    outer loop
      vertex -0.548741 0.89746 -0.548741
      vertex -0.557055 0.924266 -0.477911
      vertex -0.606676 0.929588 -0.511816
    endloop
  endfacet
  facet normal -0.305493 -0.901867 0.305468
    outer loop
      vertex -1.5824 1.36711 -0.195759
      vertex -1.59087 1.33856 -0.288521
      vertex -1.48594 1.30863 -0.271948
    endloop
  endfacet
  facet normal -0.305431 -0.901899 0.305435
    outer loop
      vertex -1.70505 1.37378 -0.298712
      vertex -1.5824 1.36711 -0.195759
      vertex -1.63744 1.4055 -0.137439
    endloop
  endfacet
  facet normal -0.305458 -0.901878 0.305468
    outer loop
      vertex -1.5824 1.36711 -0.195759
      vertex -1.70505 1.37378 -0.298712
      vertex -1.59087 1.33856 -0.288521
    endloop
  endfacet
  facet normal -0.305426 -0.901901 0.305433
    outer loop
      vertex -1.70505 1.37378 -0.298712
      vertex -1.63744 1.4055 -0.137439
      vertex -1.8006 1.4055 -0.300595
    endloop
  endfacet
  facet normal 0 1 0
    outer loop
      vertex -3 0.89746 -1.5
      vertex -2.3575 0.89746 -0.970924
      vertex -2.54124 0.89746 -1.5
    endloop
  endfacet
  facet normal 0 1 -0
    outer loop
      vertex -2.3575 0.89746 -0.970924
      vertex -3 0.89746 -1.5
      vertex -2.29715 0.89746 -0.797149
    endloop
  endfacet
  facet normal 0 1 0
    outer loop
      vertex 3 0.89746 -1.5
      vertex 2.54124 0.89746 -1.5
      vertex 2.29715 0.89746 -0.797149
    endloop
  endfacet
  facet normal 0 1 -0
    outer loop
      vertex -1.55445 0.89746 -0.777223
      vertex -1.57454 0.89746 -0.511834
      vertex -1.55445 0.89746 -0.460308
    endloop
  endfacet
  facet normal 0 1 0
    outer loop
      vertex -1.55445 0.89746 -0.777223
      vertex -2.04513 0.89746 -0.545131
      vertex -1.57454 0.89746 -0.511834
    endloop
  endfacet
  facet normal 0 1 0
    outer loop
      vertex -1.58092 0.89746 -1.5
      vertex -1.55445 0.89746 -0.777223
      vertex -1.55445 0.89746 -1.5
    endloop
  endfacet
  facet normal 0 1 0
    outer loop
      vertex -1.55445 0.89746 -0.777223
      vertex -1.58092 0.89746 -1.5
      vertex -2.04513 0.89746 -0.545131
    endloop
  endfacet
  facet normal 0 1 0
    outer loop
      vertex -1.57454 0.89746 -0.0745388
      vertex -1.57454 0.89746 -0.511834
      vertex -2.04513 0.89746 -0.545131
    endloop
  endfacet
  facet normal 0 1 0
    outer loop
      vertex 1.92997 0.89746 -0.511834
      vertex 1.89135 0.89746 -0.861449
      vertex 1.57454 0.89746 -0.511834
    endloop
  endfacet
  facet normal 0 1 0
    outer loop
      vertex 1.55445 0.89746 -1.5
      vertex 1.89135 0.89746 -0.861449
      vertex 1.58092 0.89746 -1.5
    endloop
  endfacet
  facet normal 0 1 0
    outer loop
      vertex 1.89135 0.89746 -0.861449
      vertex 1.55445 0.89746 -1.5
      vertex 1.57454 0.89746 -0.511834
    endloop
  endfacet
  facet normal 0 1 0
    outer loop
      vertex 1.57454 0.89746 -0.511834
      vertex 1.55445 0.89746 -1.5
      vertex 1.55445 0.89746 -0.460308
    endloop
  endfacet
  facet normal 0 1 0
    outer loop
      vertex 1.89135 0.89746 -0.861449
      vertex 1.92997 0.89746 -0.511834
      vertex 2.04513 0.89746 -0.545131
    endloop
  endfacet
  facet normal 0 1 0
    outer loop
      vertex 2.04513 0.89746 -0.545131
      vertex 1.92997 0.89746 -0.511834
      vertex 1.94544 0.89746 -0.44544
    endloop
  endfacet
  facet normal 0 1 0
    outer loop
      vertex 1.57454 0.89746 -0.511834
      vertex 1.92997 0.89746 -0.429967
      vertex 1.92997 0.89746 -0.511834
    endloop
  endfacet
  facet normal 0 1 0
    outer loop
      vertex 1.92997 0.89746 -0.429967
      vertex 1.57454 0.89746 -0.511834
      vertex 1.57454 0.89746 -0.0745388
    endloop
  endfacet
  facet normal 0 1 -0
    outer loop
      vertex -2.97397e-05 0.89746 -2.97397e-05
      vertex -0.664917 0.89746 0.835083
      vertex -2.97397e-05 0.89746 1.49997
    endloop
  endfacet
  facet normal 0 1 0
    outer loop
      vertex -0.664917 0.89746 0.835083
      vertex -2.97397e-05 0.89746 -2.97397e-05
      vertex -0.760635 0.89746 0.619657
    endloop
  endfacet
  facet normal 0 1 0
    outer loop
      vertex -0.760635 0.89746 0.619657
      vertex -2.97397e-05 0.89746 -2.97397e-05
      vertex -0.894148 0.89746 0.235436
    endloop
  endfacet
  facet normal 0 1 0
    outer loop
      vertex -0.894148 0.89746 0.235436
      vertex -2.97397e-05 0.89746 -2.97397e-05
      vertex -0.922527 0.89746 0.153765
    endloop
  endfacet
  facet normal 0 1 0
    outer loop
      vertex -0.922527 0.89746 0.153765
      vertex -2.97397e-05 0.89746 -2.97397e-05
      vertex -0.548741 0.89746 -0.548741
    endloop
  endfacet
  facet normal 0 1 0
    outer loop
      vertex 1.3241 0.89746 0.102911
      vertex 0.96781 0.89746 0.238871
      vertex 1.26031 0.89746 0.23969
    endloop
  endfacet
  facet normal 0 1 0
    outer loop
      vertex 0.96781 0.89746 0.238871
      vertex 1.3241 0.89746 0.102911
      vertex 1.34684 0.89746 0.0493542
    endloop
  endfacet
  facet normal 0 1 -0
    outer loop
      vertex 0.96781 0.89746 0.238871
      vertex 6.0633e-11 0.89746 1.5
      vertex 1.26031 0.89746 0.23969
    endloop
  endfacet
  facet normal 0 1 0
    outer loop
      vertex 0.96781 0.89746 0.238871
      vertex 6.0633e-11 0.89746 -6.0633e-11
      vertex 6.0633e-11 0.89746 1.5
    endloop
  endfacet
  facet normal 0 1 -0
    outer loop
      vertex 0.565679 0.89746 -0.516908
      vertex 6.0633e-11 0.89746 -6.0633e-11
      vertex 0.96781 0.89746 0.238871
    endloop
  endfacet
  facet normal 0 1 0
    outer loop
      vertex 6.0633e-11 0.89746 -6.0633e-11
      vertex 0.565679 0.89746 -0.516908
      vertex 0.548741 0.89746 -0.548741
    endloop
  endfacet
  facet normal 0 1 -0
    outer loop
      vertex -1.12022 0.89746 0.162669
      vertex -1.26031 0.89746 0.23969
      vertex -1.12022 0.89746 0.379784
    endloop
  endfacet
  facet normal 0 1 0
    outer loop
      vertex -1.26031 0.89746 0.23969
      vertex -1.12022 0.89746 0.162669
      vertex -1.28185 0.89746 0.193499
    endloop
  endfacet
  facet normal 0 1 0
    outer loop
      vertex -1.12022 0.89746 0.162669
      vertex -1.3241 0.89746 0.102911
      vertex -1.28185 0.89746 0.193499
    endloop
  endfacet
  facet normal -0 1 0
    outer loop
      vertex -1.3241 0.89746 0.102911
      vertex -1.12022 0.89746 0.162669
      vertex -1.34684 0.89746 0.0493541
    endloop
  endfacet
  facet normal -0.707107 0 0.707106
    outer loop
      vertex -3 0.389419 -1.5
      vertex -2.29715 0.89746 -0.797149
      vertex -3 0.89746 -1.5
    endloop
  endfacet
  facet normal -0.707108 9.37053e-07 0.707106
    outer loop
      vertex -2.29715 0.89746 -0.797149
      vertex -3 0.389419 -1.5
      vertex -2.1599 0.389419 -0.659898
    endloop
  endfacet
  facet normal -0.707075 7.01811e-06 0.707138
    outer loop
      vertex 0 0.389419 1.5
      vertex -0.010718 0.687802 1.48928
      vertex -0.0642328 0.687802 1.43577
    endloop
  endfacet
  facet normal -0.707115 -9.99979e-06 0.707099
    outer loop
      vertex -0.19267 0.690548 1.30733
      vertex 0 0.389419 1.5
      vertex -0.0642328 0.687802 1.43577
    endloop
  endfacet
  facet normal -0.70711 -3.62411e-06 0.707104
    outer loop
      vertex -0.321019 0.696037 1.17898
      vertex 0 0.389419 1.5
      vertex -0.19267 0.690548 1.30733
    endloop
  endfacet
  facet normal -0.707107 2.30615e-06 0.707107
    outer loop
      vertex 0 0.389419 1.5
      vertex -0.321019 0.696037 1.17898
      vertex -0.674493 0.389419 0.825507
    endloop
  endfacet
  facet normal -0.707096 -2.15337e-05 0.707117
    outer loop
      vertex -0.449223 0.704268 1.05078
      vertex -0.674493 0.389419 0.825507
      vertex -0.321019 0.696037 1.17898
    endloop
  endfacet
  facet normal -0.707115 4.82444e-06 0.707099
    outer loop
      vertex -0.57722 0.715237 0.92278
      vertex -0.674493 0.389419 0.825507
      vertex -0.449223 0.704268 1.05078
    endloop
  endfacet
  facet normal -0.707107 0 0.707107
    outer loop
      vertex -0.704954 0.728938 0.795046
      vertex -0.674493 0.389419 0.825507
      vertex -0.57722 0.715237 0.92278
    endloop
  endfacet
  facet normal -0.707107 0 0.707107
    outer loop
      vertex -0.832366 0.745366 0.667634
      vertex -0.674493 0.389419 0.825507
      vertex -0.704954 0.728938 0.795046
    endloop
  endfacet
  facet normal -0.707107 0 0.707107
    outer loop
      vertex -0.959397 0.764513 0.540603
      vertex -0.674493 0.389419 0.825507
      vertex -0.832366 0.745366 0.667634
    endloop
  endfacet
  facet normal -0.70711 -4.88295e-06 0.707104
    outer loop
      vertex -1.08599 0.78637 0.414009
      vertex -0.674493 0.389419 0.825507
      vertex -0.959397 0.764513 0.540603
    endloop
  endfacet
  facet normal -0.7071 1.67988e-05 0.707114
    outer loop
      vertex -1.21209 0.810927 0.287911
      vertex -0.674493 0.389419 0.825507
      vertex -1.08599 0.78637 0.414009
    endloop
  endfacet
  facet normal -0.707123 -4.20529e-05 0.707091
    outer loop
      vertex -1.33763 0.838174 0.162367
      vertex -0.674493 0.389419 0.825507
      vertex -1.21209 0.810927 0.287911
    endloop
  endfacet
  facet normal -0.707077 9.27545e-05 0.707137
    outer loop
      vertex -1.46257 0.868097 0.0374336
      vertex -0.674493 0.389419 0.825507
      vertex -1.33763 0.838174 0.162367
    endloop
  endfacet
  facet normal -0.707117 -3.93405e-05 0.707096
    outer loop
      vertex -0.674493 0.389419 0.825507
      vertex -1.46257 0.868097 0.0374336
      vertex -1.53773 0.887807 -0.0377275
    endloop
  endfacet
  facet normal -0.600108 3.81409e-05 0.799919
    outer loop
      vertex -1.33514e-05 0.687459 1.49999
      vertex 0 0.687802 1.5
      vertex -1.33296e-05 0.687802 1.49999
    endloop
  endfacet
  facet normal -0.59948 0 0.80039
    outer loop
      vertex -1.33514e-05 0.687459 1.49999
      vertex 0 0.389419 1.5
      vertex 0 0.687802 1.5
    endloop
  endfacet
  facet normal -0.707284 -7.96513e-06 0.70693
    outer loop
      vertex -0.010718 0.687802 1.48928
      vertex 0 0.389419 1.5
      vertex -1.33514e-05 0.687459 1.49999
    endloop
  endfacet
  facet normal -0.707108 -3.92472e-06 0.707105
    outer loop
      vertex -1.65586 0.389419 -0.155862
      vertex -1.57454 0.89746 -0.0745388
      vertex -2.04513 0.89746 -0.545131
    endloop
  endfacet
  facet normal -0.707074 -1.48257e-05 0.707139
    outer loop
      vertex -1.57454 0.89746 -0.0745388
      vertex -1.65586 0.389419 -0.155862
      vertex -1.55086 0.891251 -0.0508611
    endloop
  endfacet
  facet normal -0.70711 2.31109e-07 0.707103
    outer loop
      vertex -1.55086 0.891251 -0.0508611
      vertex -1.65586 0.389419 -0.155862
      vertex -1.26113 0.389419 0.238872
    endloop
  endfacet
  facet normal -0.707107 2.18272e-06 0.707107
    outer loop
      vertex -0.637147 0.893938 0.862853
      vertex -2.97397e-05 0.89746 1.49997
      vertex -0.664917 0.89746 0.835083
    endloop
  endfacet
  facet normal -0.707106 -7.27609e-05 0.707107
    outer loop
      vertex -0.427698 0.876491 1.0723
      vertex -2.97397e-05 0.89746 1.49997
      vertex -0.637147 0.893938 0.862853
    endloop
  endfacet
  facet normal -0.707115 0.000282216 0.707098
    outer loop
      vertex -0.218774 0.873831 1.28123
      vertex -2.97397e-05 0.89746 1.49997
      vertex -0.427698 0.876491 1.0723
    endloop
  endfacet
  facet normal -0.710181 0 0.704019
    outer loop
      vertex -2.97397e-05 0.89746 1.49997
      vertex 0 0.886802 1.5
      vertex 0 0.897459 1.5
    endloop
  endfacet
  facet normal -0.707097 0.000155091 0.707117
    outer loop
      vertex -0.427698 0.876491 1.0723
      vertex -0.637147 0.893938 0.862853
      vertex -0.567309 0.88508 0.932691
    endloop
  endfacet
  facet normal -0.70711 0.000180923 0.707104
    outer loop
      vertex -0.161944 0.875644 1.33806
      vertex -2.97397e-05 0.89746 1.49997
      vertex -0.218774 0.873831 1.28123
    endloop
  endfacet
  facet normal -0.707019 1.7763e-05 0.707195
    outer loop
      vertex 0 0.886802 1.5
      vertex -2.97397e-05 0.89746 1.49997
      vertex -0.0103426 0.885779 1.48966
    endloop
  endfacet
  facet normal -0.707109 0.000177881 0.707104
    outer loop
      vertex -0.0103426 0.885779 1.48966
      vertex -2.97397e-05 0.89746 1.49997
      vertex -0.161944 0.875644 1.33806
    endloop
  endfacet
  facet normal -0.707008 -0.00549331 0.707184
    outer loop
      vertex -0.161944 0.875644 1.33806
      vertex -0.218774 0.873831 1.28123
      vertex -0.187737 0.87392 1.31226
    endloop
  endfacet
  facet normal -0.707116 0.000156639 0.707098
    outer loop
      vertex -0.218774 0.873831 1.28123
      vertex -0.427698 0.876491 1.0723
      vertex -0.3771 0.873378 1.1229
    endloop
  endfacet
  facet normal -0.707117 -0.000363694 0.707097
    outer loop
      vertex -1.19581 0.889991 0.304188
      vertex -1.12022 0.89746 0.379784
      vertex -1.26031 0.89746 0.23969
    endloop
  endfacet
  facet normal -0.707135 -1.70377e-06 0.707079
    outer loop
      vertex -1.14512 0.885227 0.354882
      vertex -1.12022 0.89746 0.379784
      vertex -1.19581 0.889991 0.304188
    endloop
  endfacet
  facet normal -0.707088 -0.000192458 0.707126
    outer loop
      vertex -1.06914 0.878087 0.430856
      vertex -1.12022 0.89746 0.379784
      vertex -1.14512 0.885227 0.354882
    endloop
  endfacet
  facet normal -0.708005 -0.00507947 0.706189
    outer loop
      vertex -1.12022 0.89746 0.379784
      vertex -1.06914 0.878087 0.430856
      vertex -1.06719 0.877946 0.43281
    endloop
  endfacet
  facet normal -0.323639 -0.88911 0.323638
    outer loop
      vertex -3 0.389419 -1.5
      vertex -2.17101 0.380098 -0.696615
      vertex -2.1599 0.389419 -0.659898
    endloop
  endfacet
  facet normal -0.32361 -0.889132 0.323608
    outer loop
      vertex -2.17101 0.380098 -0.696615
      vertex -3 0.389419 -1.5
      vertex -2.36855 0.214335 -1.3496
    endloop
  endfacet
  facet normal -0.323611 -0.889125 0.323623
    outer loop
      vertex -2.36855 0.214335 -1.3496
      vertex -3 0.389419 -1.5
      vertex -2.6112 0.247909 -1.5
    endloop
  endfacet
  facet normal -0.707107 0 0.707107
    outer loop
      vertex 0 0.389419 1.5
      vertex -0.674493 0.389419 0.825507
      vertex -0.674492 0.389418 0.825508
    endloop
  endfacet
  facet normal -0.323609 -0.889131 0.323611
    outer loop
      vertex -0.418011 0.241339 0.675136
      vertex 0 0.389419 1.5
      vertex -0.674492 0.389418 0.825508
    endloop
  endfacet
  facet normal -0.32361 -0.88913 0.323611
    outer loop
      vertex 0 0.389419 1.5
      vertex -0.418011 0.241339 0.675136
      vertex 0 2.32976e-07 0.43006
    endloop
  endfacet
  facet normal -0.323612 -0.88913 0.323609
    outer loop
      vertex -1.40516 0.238848 -0.31886
      vertex -1.26113 0.389419 0.238872
      vertex -1.65586 0.389419 -0.155862
    endloop
  endfacet
  facet normal -0.323616 -0.889128 0.32361
    outer loop
      vertex -1.40516 0.238848 -0.31886
      vertex -1.10925 0.126354 -0.332025
      vertex -1.26113 0.389419 0.238872
    endloop
  endfacet
  facet normal -0.323618 -0.889132 0.323599
    outer loop
      vertex -1.10925 0.126354 -0.332025
      vertex -1.40516 0.238848 -0.31886
      vertex -1.05159 0.0264938 -0.548741
    endloop
  endfacet
  facet normal 0.323625 0.88912 0.323624
    outer loop
      vertex 1.52029 2.3441 -1.5
      vertex 0 2.89746 -1.5
      vertex 0 2.3441 0.0202942
    endloop
  endfacet
  facet normal 0.707108 1.69415e-05 0.707106
    outer loop
      vertex 1.3699 1.94406 -1.3496
      vertex 1.52029 2.3441 -1.5
      vertex 0 2.3441 0.0202942
    endloop
  endfacet
  facet normal 0.707105 0 0.707108
    outer loop
      vertex 1.3699 1.94406 -1.3496
      vertex 0 2.3441 0.0202942
      vertex 0 1.94406 0.0202942
    endloop
  endfacet
  facet normal 0.70713 0 0.707083
    outer loop
      vertex 1.52029 2.3441 -1.5
      vertex 1.3699 1.94406 -1.3496
      vertex 1.52029 2.13741 -1.5
    endloop
  endfacet
  facet normal 0.323658 0.889116 0.323602
    outer loop
      vertex 1.9258 1.54066 -0.79715
      vertex 1.90799 1.4433 -0.511834
      vertex 2.01183 1.4055 -0.511834
    endloop
  endfacet
  facet normal 0.323613 0.889132 0.323604
    outer loop
      vertex 1.90799 1.4433 -0.511834
      vertex 1.9258 1.54066 -0.79715
      vertex 1.4172 1.67582 -0.6599
    endloop
  endfacet
  facet normal 0.323616 0.889125 0.323618
    outer loop
      vertex 2.01183 1.4055 -0.511834
      vertex 2.4344 1.4055 -0.934401
      vertex 1.9258 1.54066 -0.79715
    endloop
  endfacet
  facet normal 0 -1 0
    outer loop
      vertex 3 1.4055 -1.5
      vertex 2.4344 1.4055 -0.934401
      vertex 2.01183 1.4055 -0.511834
    endloop
  endfacet
  facet normal 0.323606 0.889134 0.323606
    outer loop
      vertex 2.4344 1.4055 -0.934401
      vertex 3 1.4055 -1.5
      vertex 2.65309 1.53176 -1.5
    endloop
  endfacet
  facet normal 0.323611 0.88913 0.323611
    outer loop
      vertex 1.8006 1.4055 -0.300595
      vertex 0 1.94406 0.0202942
      vertex 0 1.4055 1.5
    endloop
  endfacet
  facet normal 0.323615 0.889128 0.323611
    outer loop
      vertex 1.4172 1.67582 -0.6599
      vertex 1.8006 1.4055 -0.300595
      vertex 1.81846 1.41143 -0.334748
    endloop
  endfacet
  facet normal 0.323606 0.889128 0.323622
    outer loop
      vertex 1.4172 1.67582 -0.6599
      vertex 1.81846 1.41143 -0.334748
      vertex 1.90799 1.4433 -0.511834
    endloop
  endfacet
  facet normal 0.323611 0.889128 0.323616
    outer loop
      vertex 1.8006 1.4055 -0.300595
      vertex 1.4172 1.67582 -0.6599
      vertex 0 1.94406 0.0202942
    endloop
  endfacet
  facet normal 0.323608 0.889132 0.323608
    outer loop
      vertex 1.38363 1.86616 -1.1493
      vertex 0 1.94406 0.0202942
      vertex 1.4172 1.67582 -0.6599
    endloop
  endfacet
  facet normal 0.323613 0.889128 0.323614
    outer loop
      vertex 0 1.94406 0.0202942
      vertex 1.38363 1.86616 -1.1493
      vertex 1.3699 1.94406 -1.3496
    endloop
  endfacet
  facet normal 0.323616 0.889126 0.323617
    outer loop
      vertex 2.41748 1.53317 -1.26825
      vertex 1.9258 1.54066 -0.79715
      vertex 2.4344 1.4055 -0.934401
    endloop
  endfacet
  facet normal 0.323589 0.889131 0.323631
    outer loop
      vertex 2.04784 1.75205 -1.5
      vertex 2.41748 1.53317 -1.26825
      vertex 2.40573 1.6218 -1.5
    endloop
  endfacet
  facet normal 0.323606 0.889133 0.323606
    outer loop
      vertex 2.41748 1.53317 -1.26825
      vertex 2.04784 1.75205 -1.5
      vertex 1.9258 1.54066 -0.79715
    endloop
  endfacet
  facet normal 0.305463 -0.901878 0.305466
    outer loop
      vertex 2.01183 1.4055 -0.511834
      vertex 2.19964 1.26996 -1.09982
      vertex 2.4344 1.4055 -0.9344
    endloop
  endfacet
  facet normal 0.305435 -0.901884 0.305474
    outer loop
      vertex 1.63172 0.942071 -1.5
      vertex 1.79979 1.32241 -0.545131
      vertex 1.56768 0.920383 -1.5
    endloop
  endfacet
  facet normal 0.305455 -0.901879 0.305468
    outer loop
      vertex 1.79979 1.32241 -0.545131
      vertex 1.63172 0.942071 -1.5
      vertex 2.19964 1.26996 -1.09982
    endloop
  endfacet
  facet normal 0.30545 -0.901889 0.305446
    outer loop
      vertex 1.79979 1.32241 -0.545131
      vertex 2.01183 1.4055 -0.511834
      vertex 1.7455 1.3153 -0.511834
    endloop
  endfacet
  facet normal 0.305445 -0.901885 0.305462
    outer loop
      vertex 2.19964 1.26996 -1.09982
      vertex 2.01183 1.4055 -0.511834
      vertex 1.79979 1.32241 -0.545131
    endloop
  endfacet
  facet normal 0 1 0
    outer loop
      vertex 2.4344 1.4055 -0.9344
      vertex 3 1.4055 -1.5
      vertex 2.01183 1.4055 -0.511834
    endloop
  endfacet
  facet normal 0.305465 -0.901877 0.305465
    outer loop
      vertex 3 1.4055 -1.5
      vertex 2.4344 1.4055 -0.9344
      vertex 2.60738 1.27252 -1.5
    endloop
  endfacet
  facet normal 0.305454 -0.901863 0.305517
    outer loop
      vertex 1.1274 1.2223 -0.168302
      vertex 1.16518 1.23931 -0.155862
      vertex 1.01011 1.19946 -0.118458
    endloop
  endfacet
  facet normal 0.305667 -0.901963 0.305008
    outer loop
      vertex 1.16518 1.23931 -0.155862
      vertex 1.1274 1.2223 -0.168302
      vertex 1.13908 1.22484 -0.172496
    endloop
  endfacet
  facet normal 0.30546 -0.901881 0.305459
    outer loop
      vertex 0.0597448 1.10778 0.561224
      vertex 0 1.4055 1.5
      vertex 0 1.10778 0.620969
    endloop
  endfacet
  facet normal 0.305436 -0.901888 0.30546
    outer loop
      vertex 0.179209 1.11033 0.449298
      vertex 0 1.4055 1.5
      vertex 0.0597448 1.10778 0.561224
    endloop
  endfacet
  facet normal 0.305495 -0.901867 0.305464
    outer loop
      vertex 0.298591 1.11544 0.344991
      vertex 0 1.4055 1.5
      vertex 0.179209 1.11033 0.449298
    endloop
  endfacet
  facet normal 0.30541 -0.901901 0.30545
    outer loop
      vertex 0.417835 1.12309 0.248351
      vertex 0 1.4055 1.5
      vertex 0.298591 1.11544 0.344991
    endloop
  endfacet
  facet normal 0.305529 -0.901851 0.305479
    outer loop
      vertex 0.53689 1.1333 0.159419
      vertex 0 1.4055 1.5
      vertex 0.417835 1.12309 0.248351
    endloop
  endfacet
  facet normal 0.30542 -0.901899 0.305445
    outer loop
      vertex 0.6557 1.14604 0.0782365
      vertex 0 1.4055 1.5
      vertex 0.53689 1.1333 0.159419
    endloop
  endfacet
  facet normal 0.305464 -0.901879 0.305462
    outer loop
      vertex 0.774209 1.16132 0.00484095
      vertex 0 1.4055 1.5
      vertex 0.6557 1.14604 0.0782365
    endloop
  endfacet
  facet normal 0.305454 -0.901889 0.305442
    outer loop
      vertex 1.16518 1.23931 -0.155862
      vertex 0.774209 1.16132 0.00484095
      vertex 0.892365 1.17913 -0.0607316
    endloop
  endfacet
  facet normal 0.305431 -0.901928 0.30535
    outer loop
      vertex 1.16518 1.23931 -0.155862
      vertex 0.892365 1.17913 -0.0607316
      vertex 1.01011 1.19946 -0.118458
    endloop
  endfacet
  facet normal 0.30546 -0.901881 0.30546
    outer loop
      vertex 0.774209 1.16132 0.00484095
      vertex 1.16518 1.23931 -0.155862
      vertex 0 1.4055 1.5
    endloop
  endfacet
  facet normal 0.305389 -0.901984 0.305226
    outer loop
      vertex 1.36038 1.27548 -0.244279
      vertex 1.16518 1.23931 -0.155862
      vertex 1.26267 1.25208 -0.215667
    endloop
  endfacet
  facet normal 0.305468 -0.901884 0.305441
    outer loop
      vertex 1.47596 1.30579 -0.270372
      vertex 1.16518 1.23931 -0.155862
      vertex 1.36038 1.27548 -0.244279
    endloop
  endfacet
  facet normal 0.305437 -0.901933 0.305328
    outer loop
      vertex 1.59087 1.33856 -0.288521
      vertex 1.16518 1.23931 -0.155862
      vertex 1.47596 1.30579 -0.270372
    endloop
  endfacet
  facet normal 0.305446 -0.901915 0.305372
    outer loop
      vertex 1.8006 1.4055 -0.300595
      vertex 1.16518 1.23931 -0.155862
      vertex 1.59087 1.33856 -0.288521
    endloop
  endfacet
  facet normal 0.305465 -0.902046 0.304965
    outer loop
      vertex 1.8006 1.4055 -0.300595
      vertex 1.59087 1.33856 -0.288521
      vertex 1.70505 1.37378 -0.298712
    endloop
  endfacet
  facet normal 0.305457 -0.901882 0.305458
    outer loop
      vertex 1.16518 1.23931 -0.155862
      vertex 1.8006 1.4055 -0.300595
      vertex 0 1.4055 1.5
    endloop
  endfacet
  facet normal 0.305483 -0.901865 0.305483
    outer loop
      vertex 6.0633e-11 0.89746 -6.0633e-11
      vertex 0.0619888 0.89779 -0.0610146
      vertex 2.10396e-08 0.89779 0.000974224
    endloop
  endfacet
  facet normal 0.305449 -0.901882 0.305468
    outer loop
      vertex 0.557055 0.924266 -0.477911
      vertex 0.580594 0.915124 -0.52844
      vertex 0.606677 0.929588 -0.511817
    endloop
  endfacet
  facet normal 0.305467 -0.901877 0.305465
    outer loop
      vertex 0.548741 0.89746 -0.548741
      vertex 0.557055 0.924266 -0.477911
      vertex 0.433529 0.913681 -0.385636
    endloop
  endfacet
  facet normal 0.30546 -0.901881 0.30546
    outer loop
      vertex 0.548741 0.89746 -0.548741
      vertex 0.433529 0.913681 -0.385636
      vertex 0.309805 0.905737 -0.285367
    endloop
  endfacet
  facet normal 0.305466 -0.901877 0.305465
    outer loop
      vertex 0.548741 0.89746 -0.548741
      vertex 0.309805 0.905737 -0.285367
      vertex 0.18594 0.90044 -0.177141
    endloop
  endfacet
  facet normal 0.305451 -0.901881 0.305468
    outer loop
      vertex 0.557055 0.924266 -0.477911
      vertex 0.548741 0.89746 -0.548741
      vertex 0.580594 0.915124 -0.52844
    endloop
  endfacet
  facet normal 0.305443 -0.901892 0.305443
    outer loop
      vertex 0.0619888 0.89779 -0.0610146
      vertex 0.548741 0.89746 -0.548741
      vertex 0.18594 0.90044 -0.177141
    endloop
  endfacet
  facet normal 0.305495 -0.901857 0.305495
    outer loop
      vertex 0.548741 0.89746 -0.548741
      vertex 0.0619888 0.89779 -0.0610146
      vertex 6.0633e-11 0.89746 -6.0633e-11
    endloop
  endfacet
  facet normal 0.707107 -2.27388e-07 0.707106
    outer loop
      vertex 3 0.389419 -1.5
      vertex 2.29715 0.89746 -0.797149
      vertex 2.1599 0.389419 -0.659899
    endloop
  endfacet
  facet normal 0.707107 0 0.707106
    outer loop
      vertex 2.29715 0.89746 -0.797149
      vertex 3 0.389419 -1.5
      vertex 3 0.89746 -1.5
    endloop
  endfacet
  facet normal 0.707091 0 0.707122
    outer loop
      vertex 0 0.687802 1.5
      vertex 0 0.389419 1.5
      vertex 0.0642328 0.687802 1.43577
    endloop
  endfacet
  facet normal 0.707115 -9.99979e-06 0.707099
    outer loop
      vertex 0 0.389419 1.5
      vertex 0.19267 0.690548 1.30733
      vertex 0.0642328 0.687802 1.43577
    endloop
  endfacet
  facet normal 0.70711 -3.62411e-06 0.707104
    outer loop
      vertex 0 0.389419 1.5
      vertex 0.321019 0.696037 1.17898
      vertex 0.19267 0.690548 1.30733
    endloop
  endfacet
  facet normal 0.707107 2.30615e-06 0.707107
    outer loop
      vertex 0.674493 0.389419 0.825507
      vertex 0.321019 0.696037 1.17898
      vertex 0 0.389419 1.5
    endloop
  endfacet
  facet normal 0.707096 -2.15337e-05 0.707117
    outer loop
      vertex 0.321019 0.696037 1.17898
      vertex 0.674493 0.389419 0.825507
      vertex 0.449223 0.704268 1.05078
    endloop
  endfacet
  facet normal 0.707115 4.82444e-06 0.707099
    outer loop
      vertex 0.449223 0.704268 1.05078
      vertex 0.674493 0.389419 0.825507
      vertex 0.57722 0.715237 0.92278
    endloop
  endfacet
  facet normal 0.707107 0 0.707107
    outer loop
      vertex 0.57722 0.715237 0.92278
      vertex 0.674493 0.389419 0.825507
      vertex 0.704954 0.728938 0.795046
    endloop
  endfacet
  facet normal 0.707107 0 0.707107
    outer loop
      vertex 0.704954 0.728938 0.795046
      vertex 0.674493 0.389419 0.825507
      vertex 0.832366 0.745366 0.667634
    endloop
  endfacet
  facet normal 0.707107 0 0.707107
    outer loop
      vertex 0.832366 0.745366 0.667634
      vertex 0.674493 0.389419 0.825507
      vertex 0.959397 0.764513 0.540603
    endloop
  endfacet
  facet normal 0.70711 -4.88295e-06 0.707104
    outer loop
      vertex 0.959397 0.764513 0.540603
      vertex 0.674493 0.389419 0.825507
      vertex 1.08599 0.78637 0.414009
    endloop
  endfacet
  facet normal 0.7071 1.67988e-05 0.707114
    outer loop
      vertex 1.08599 0.78637 0.414009
      vertex 0.674493 0.389419 0.825507
      vertex 1.21209 0.810927 0.287911
    endloop
  endfacet
  facet normal 0.707123 -4.20529e-05 0.707091
    outer loop
      vertex 1.21209 0.810927 0.287911
      vertex 0.674493 0.389419 0.825507
      vertex 1.33763 0.838174 0.162367
    endloop
  endfacet
  facet normal 0.707077 9.27545e-05 0.707137
    outer loop
      vertex 1.33763 0.838174 0.162367
      vertex 0.674493 0.389419 0.825507
      vertex 1.46257 0.868097 0.0374336
    endloop
  endfacet
  facet normal 0.707117 -3.93405e-05 0.707096
    outer loop
      vertex 1.46257 0.868097 0.0374336
      vertex 0.674493 0.389419 0.825507
      vertex 1.53773 0.887807 -0.0377275
    endloop
  endfacet
  facet normal 0.70711 -9.41888e-05 0.707103
    outer loop
      vertex 1.88566 0.862929 -0.385664
      vertex 2.04513 0.89746 -0.545131
      vertex 1.94544 0.89746 -0.44544
    endloop
  endfacet
  facet normal 0.70736 -0.000123451 0.706854
    outer loop
      vertex 1.81735 0.600181 -0.317351
      vertex 1.88566 0.862929 -0.385664
      vertex 1.87566 0.856305 -0.375658
    endloop
  endfacet
  facet normal 0.707118 -1.34037e-05 0.707096
    outer loop
      vertex 1.81735 0.600181 -0.317351
      vertex 1.87566 0.856305 -0.375658
      vertex 1.71994 0.753217 -0.219935
    endloop
  endfacet
  facet normal 0.707045 -9.11444e-05 0.707168
    outer loop
      vertex 1.81217 0.597335 -0.312169
      vertex 1.71994 0.753217 -0.219935
      vertex 1.69784 0.73658 -0.197841
    endloop
  endfacet
  facet normal 0.707116 -3.32596e-07 0.707098
    outer loop
      vertex 1.65526 0.497569 -0.15526
      vertex 1.69784 0.73658 -0.197841
      vertex 1.56203 0.634316 -0.0620275
    endloop
  endfacet
  facet normal 0.707101 -2.04456e-05 0.707112
    outer loop
      vertex 1.65526 0.497569 -0.15526
      vertex 1.56203 0.634316 -0.0620275
      vertex 1.52972 0.606782 -0.0297188
    endloop
  endfacet
  facet normal 0.707099 1.222e-05 0.707115
    outer loop
      vertex 1.88566 0.862929 -0.385664
      vertex 1.81735 0.600181 -0.317351
      vertex 2.04513 0.89746 -0.545131
    endloop
  endfacet
  facet normal 0.707214 0.000108195 0.707
    outer loop
      vertex 1.71994 0.753217 -0.219935
      vertex 1.81217 0.597335 -0.312169
      vertex 1.81735 0.600181 -0.317351
    endloop
  endfacet
  facet normal 0.707107 -5.37519e-06 0.707107
    outer loop
      vertex 1.50707 0.389419 -0.00707046
      vertex 1.52972 0.606782 -0.0297188
      vertex 1.41237 0.506775 0.0876304
    endloop
  endfacet
  facet normal 0.707103 4.24179e-06 0.70711
    outer loop
      vertex 1.69784 0.73658 -0.197841
      vertex 1.65526 0.497569 -0.15526
      vertex 1.81217 0.597335 -0.312169
    endloop
  endfacet
  facet normal 0.707126 2.5568e-05 0.707088
    outer loop
      vertex 1.50707 0.389419 -0.00707046
      vertex 1.41237 0.506775 0.0876304
      vertex 1.37177 0.467726 0.128234
    endloop
  endfacet
  facet normal 0.707103 -5.45923e-05 0.707111
    outer loop
      vertex 1.50707 0.389419 -0.00707046
      vertex 1.37177 0.467726 0.128234
      vertex 1.29034 0.389419 0.209657
    endloop
  endfacet
  facet normal 0.707108 -5.59709e-06 0.707106
    outer loop
      vertex 1.52972 0.606782 -0.0297188
      vertex 1.50707 0.389419 -0.00707046
      vertex 1.65526 0.497569 -0.15526
    endloop
  endfacet
  facet normal 0.70709 -4.2873e-05 0.707124
    outer loop
      vertex 0.062172 0.880652 1.43783
      vertex 6.0633e-11 0.89746 1.5
      vertex 0 0.897459 1.5
    endloop
  endfacet
  facet normal 0.707106 0.000934914 0.707106
    outer loop
      vertex 6.0633e-11 0.89746 1.5
      vertex 1.24072 0.895191 0.259283
      vertex 1.26031 0.89746 0.23969
    endloop
  endfacet
  facet normal 0.707106 -0.000210969 0.707108
    outer loop
      vertex 6.0633e-11 0.89746 1.5
      vertex 1.12113 0.882972 0.378869
      vertex 1.24072 0.895191 0.259283
    endloop
  endfacet
  facet normal 0.707095 0 0.707118
    outer loop
      vertex 0.062172 0.880652 1.43783
      vertex 0 0.897459 1.5
      vertex 0 0.886802 1.5
    endloop
  endfacet
  facet normal 0.707296 -0.00404452 0.706906
    outer loop
      vertex 1.24072 0.895191 0.259283
      vertex 1.12113 0.882972 0.378869
      vertex 1.19581 0.889991 0.304188
    endloop
  endfacet
  facet normal 0.707098 1.57822e-05 0.707116
    outer loop
      vertex 6.0633e-11 0.89746 1.5
      vertex 0.062172 0.880652 1.43783
      vertex 0.169835 0.872303 1.33017
    endloop
  endfacet
  facet normal 0.707109 0.00030586 0.707104
    outer loop
      vertex 6.0633e-11 0.89746 1.5
      vertex 1.00159 0.873204 0.498414
      vertex 1.12113 0.882972 0.378869
    endloop
  endfacet
  facet normal 0.707345 -0.00574441 0.706846
    outer loop
      vertex 1.12113 0.882972 0.378869
      vertex 1.00159 0.873204 0.498414
      vertex 1.06914 0.878087 0.430856
    endloop
  endfacet
  facet normal 0.707162 0.000883179 0.707052
    outer loop
      vertex 6.0633e-11 0.89746 1.5
      vertex 0.169835 0.872303 1.33017
      vertex 0.186884 0.87098 1.31312
    endloop
  endfacet
  facet normal 0.707158 0.000833029 0.707055
    outer loop
      vertex 6.0633e-11 0.89746 1.5
      vertex 0.186884 0.87098 1.31312
      vertex 0.287796 0.865305 1.2122
    endloop
  endfacet
  facet normal 0.707102 -0.000243652 0.707111
    outer loop
      vertex 6.0633e-11 0.89746 1.5
      vertex 0.88213 0.865873 0.61787
      vertex 1.00159 0.873204 0.498414
    endloop
  endfacet
  facet normal 0.707161 -0.00221749 0.707049
    outer loop
      vertex 1.00159 0.873204 0.498414
      vertex 0.88213 0.865873 0.61787
      vertex 0.942515 0.868934 0.557485
    endloop
  endfacet
  facet normal 0.706982 -0.0022809 0.707227
    outer loop
      vertex 6.0633e-11 0.89746 1.5
      vertex 0.287796 0.865305 1.2122
      vertex 0.31204 0.863941 1.18796
    endloop
  endfacet
  facet normal 0.707118 0.000207304 0.707096
    outer loop
      vertex 6.0633e-11 0.89746 1.5
      vertex 0.31204 0.863941 1.18796
      vertex 0.406118 0.860657 1.09388
    endloop
  endfacet
  facet normal 0.707107 -6.31899e-10 0.707107
    outer loop
      vertex 6.0633e-11 0.89746 1.5
      vertex 0.762809 0.860968 0.737191
      vertex 0.88213 0.865873 0.61787
    endloop
  endfacet
  facet normal 0.707107 0 0.707107
    outer loop
      vertex 0.88213 0.865873 0.61787
      vertex 0.762809 0.860968 0.737191
      vertex 0.815986 0.862521 0.684014
    endloop
  endfacet
  facet normal 0.707105 -8.13962e-05 0.707109
    outer loop
      vertex 6.0633e-11 0.89746 1.5
      vertex 0.406118 0.860657 1.09388
      vertex 0.762809 0.860968 0.737191
    endloop
  endfacet
  facet normal 0.707096 0.00428339 0.707104
    outer loop
      vertex 0.437585 0.859558 1.06242
      vertex 0.762809 0.860968 0.737191
      vertex 0.406118 0.860657 1.09388
    endloop
  endfacet
  facet normal 0.707113 -0.000654299 0.7071
    outer loop
      vertex 0.643669 0.858472 0.856331
      vertex 0.762809 0.860968 0.737191
      vertex 0.437585 0.859558 1.06242
    endloop
  endfacet
  facet normal 0.707107 0 0.707107
    outer loop
      vertex 0.762809 0.860968 0.737191
      vertex 0.643669 0.858472 0.856331
      vertex 0.689615 0.85883 0.810385
    endloop
  endfacet
  facet normal 0.707105 -0.00281137 0.707103
    outer loop
      vertex 0.524758 0.858373 0.975242
      vertex 0.643669 0.858472 0.856331
      vertex 0.437585 0.859558 1.06242
    endloop
  endfacet
  facet normal 0.707107 0 0.707107
    outer loop
      vertex 0.643669 0.858472 0.856331
      vertex 0.524758 0.858373 0.975242
      vertex 0.563463 0.857848 0.936537
    endloop
  endfacet
  facet normal 0.707082 -7.31419e-05 0.707132
    outer loop
      vertex 1.70523 0.778068 -0.205232
      vertex 1.57454 0.89746 -0.0745388
      vertex 1.55086 0.891251 -0.0508611
    endloop
  endfacet
  facet normal 0.707105 -8.29952e-05 0.707109
    outer loop
      vertex 1.57454 0.89746 -0.0745388
      vertex 1.88001 0.874056 -0.38001
      vertex 1.92997 0.89746 -0.429967
    endloop
  endfacet
  facet normal 0.707108 -1.73682e-05 0.707106
    outer loop
      vertex 1.57454 0.89746 -0.0745388
      vertex 1.70523 0.778068 -0.205232
      vertex 1.88001 0.874056 -0.38001
    endloop
  endfacet
  facet normal 0.707107 -4.54611e-06 0.707106
    outer loop
      vertex 1.55086 0.891251 -0.0508611
      vertex 1.53696 0.67108 -0.0369625
      vertex 1.70523 0.778068 -0.205232
    endloop
  endfacet
  facet normal 0.707103 -3.98711e-06 0.707111
    outer loop
      vertex 1.55086 0.891251 -0.0508611
      vertex 1.37589 0.55353 0.124105
      vertex 1.53696 0.67108 -0.0369625
    endloop
  endfacet
  facet normal 0.70721 -0.000114649 0.707004
    outer loop
      vertex 1.37589 0.55353 0.124105
      vertex 1.55086 0.891251 -0.0508611
      vertex 1.33733 0.521403 0.162671
    endloop
  endfacet
  facet normal 0.3236 -0.889138 0.323601
    outer loop
      vertex 2.6112 0.247909 -1.5
      vertex 2.32955 0.247065 -1.22067
      vertex 2.36855 0.214335 -1.3496
    endloop
  endfacet
  facet normal 0.323613 -0.889128 0.323614
    outer loop
      vertex 2.32955 0.247065 -1.22067
      vertex 2.6112 0.247909 -1.5
      vertex 3 0.389419 -1.5
    endloop
  endfacet
  facet normal 0.323612 -0.889129 0.323611
    outer loop
      vertex 2.32955 0.247065 -1.22067
      vertex 3 0.389419 -1.5
      vertex 2.1599 0.389419 -0.659899
    endloop
  endfacet
  facet normal 0 -0.939695 0.342014
    outer loop
      vertex 1.5774e-13 2.32976e-07 0.43006
      vertex 0 0.389419 1.5
      vertex 0 2.32976e-07 0.43006
    endloop
  endfacet
  facet normal 0.323609 -0.88913 0.323611
    outer loop
      vertex 0 0.389419 1.5
      vertex 1.5774e-13 2.32976e-07 0.43006
      vertex 0.674492 0.389418 0.825508
    endloop
  endfacet
  facet normal 0.707107 0 0.707107
    outer loop
      vertex 0 0.389419 1.5
      vertex 0.674492 0.389418 0.825508
      vertex 0.674493 0.389419 0.825507
    endloop
  endfacet
  facet normal 0.323626 -0.889114 0.323639
    outer loop
      vertex 1.50507 0.387956 -0.00908538
      vertex 1.26875 0.374078 0.189099
      vertex 1.23849 0.350201 0.153762
    endloop
  endfacet
  facet normal 0.323617 -0.889122 0.323627
    outer loop
      vertex 1.26875 0.374078 0.189099
      vertex 1.50507 0.387956 -0.00908538
      vertex 1.29034 0.389419 0.209657
    endloop
  endfacet
  facet normal 0.323909 -0.888911 0.323913
    outer loop
      vertex 1.29034 0.389419 0.209657
      vertex 1.50507 0.387956 -0.00908538
      vertex 1.50707 0.389419 -0.00707046
    endloop
  endfacet
  facet normal 0.323611 -0.88913 0.323611
    outer loop
      vertex 1.1742 0.238848 -0.0878937
      vertex 1.50507 0.387956 -0.00908538
      vertex 1.23849 0.350201 0.153762
    endloop
  endfacet
  facet normal 0.323616 -0.889133 0.323597
    outer loop
      vertex 1.1742 0.238848 -0.0878937
      vertex 1.3622 0.268944 -0.193211
      vertex 1.50507 0.387956 -0.00908538
    endloop
  endfacet
  facet normal 0.323621 -0.889127 0.323609
    outer loop
      vertex 1.1742 0.238848 -0.0878937
      vertex 1.22726 0.141024 -0.409731
      vertex 1.3622 0.268944 -0.193211
    endloop
  endfacet
  facet normal 0.323606 -0.889133 0.323608
    outer loop
      vertex 1.05159 0.0264938 -0.548741
      vertex 1.22726 0.141024 -0.409731
      vertex 1.1742 0.238848 -0.0878937
    endloop
  endfacet
  facet normal 0.323654 -0.889136 0.32355
    outer loop
      vertex 1.22726 0.141024 -0.409731
      vertex 1.05159 0.0264938 -0.548741
      vertex 1.20834 0.120638 -0.446827
    endloop
  endfacet
  facet normal 0.499919 0.866072 0
    outer loop
      vertex 5.6194 -3.24438 -0.511834
      vertex 5.80127 -3.34936 0
      vertex 5.80127 -3.34936 -0.511834
    endloop
  endfacet
  facet normal 0.499919 0.866072 0
    outer loop
      vertex 5.80127 -3.34936 0
      vertex 5.6194 -3.24438 -0.511834
      vertex 5.6194 -3.24438 0.620015
    endloop
  endfacet
  facet normal 0.500055 0.865993 0
    outer loop
      vertex 0.767707 -0.443235 1.5
      vertex 0.595364 -0.343718 -0.511834
      vertex 0.595364 -0.343718 1.49999
    endloop
  endfacet
  facet normal 0.500054 0.865994 -0
    outer loop
      vertex 0.959081 -0.553741 -0.511834
      vertex 0.777223 -0.44873 0
      vertex 0.959081 -0.553741 0.620013
    endloop
  endfacet
  facet normal 0.500054 0.865994 0
    outer loop
      vertex 0.777223 -0.44873 0
      vertex 0.959081 -0.553741 -0.511834
      vertex 0.777223 -0.44873 -0.511834
    endloop
  endfacet
  facet normal 1 -0 0
    outer loop
      vertex 5.6194 -3.24438 0.620015
      vertex 5.6194 -3.24436 0.00407203
      vertex 5.6194 -3.24436 0.62003
    endloop
  endfacet
  facet normal 1 0 0
    outer loop
      vertex 5.6194 -3.24436 0.00407203
      vertex 5.6194 -3.24438 0.620015
      vertex 5.6194 -3.24436 -0.1575
    endloop
  endfacet
  facet normal 1 0 0
    outer loop
      vertex 5.6194 -3.24438 -0.511834
      vertex 5.6194 -3.24436 -0.1575
      vertex 5.6194 -3.24438 0.620015
    endloop
  endfacet
  facet normal 1 0 0
    outer loop
      vertex 5.6194 -3.24436 -0.1575
      vertex 5.6194 -3.24438 -0.511834
      vertex 5.6194 -3.24436 -0.511834
    endloop
  endfacet
  facet normal 0.263975 0.964529 -2.08209e-05
    outer loop
      vertex 3.91596 0.71758 -0.511834
      vertex 4.06535 0.676695 -0.489386
      vertex 4.0735 0.674464 -0.511834
    endloop
  endfacet
  facet normal 0.263972 0.96453 0
    outer loop
      vertex 4.06535 0.676695 -0.489386
      vertex 3.91596 0.71758 -0.511834
      vertex 3.91596 0.71758 -0.380456
    endloop
  endfacet
  facet normal 0.201638 0.97946 0
    outer loop
      vertex 3.74703 0.752357 -0.511834
      vertex 3.91596 0.71758 -0.380456
      vertex 3.91596 0.71758 -0.511834
    endloop
  endfacet
  facet normal 0.201638 0.97946 0
    outer loop
      vertex 3.91596 0.71758 -0.380456
      vertex 3.74703 0.752357 -0.511834
      vertex 3.74703 0.752357 -0.251542
    endloop
  endfacet
  facet normal -0.20164 -0.97946 -0
    outer loop
      vertex 3.78276 0.959296 -0.385954
      vertex 3.78276 0.959296 -0.511834
      vertex 3.94772 0.925336 -0.511834
    endloop
  endfacet
  facet normal 0.200666 0.974707 0.0983831
    outer loop
      vertex 3.81849 1.16623 -0.511834
      vertex 3.81266 1.13251 -0.16587
      vertex 3.96936 1.13517 -0.511834
    endloop
  endfacet
  facet normal -0.201644 -0.979459 -0
    outer loop
      vertex 3.81849 1.16623 -0.115529
      vertex 3.81849 1.16623 -0.511834
      vertex 3.96936 1.13517 -0.511834
    endloop
  endfacet
  facet normal 0.138467 0.990367 0
    outer loop
      vertex 3.57621 0.77624 -0.511834
      vertex 3.74703 0.752357 -0.251542
      vertex 3.74703 0.752357 -0.511834
    endloop
  endfacet
  facet normal 0.138467 0.990367 0
    outer loop
      vertex 3.74703 0.752357 -0.251542
      vertex 3.57621 0.77624 -0.511834
      vertex 3.57621 0.77624 -0.115552
    endloop
  endfacet
  facet normal -0.138474 -0.990366 0
    outer loop
      vertex 3.59861 0.985043 -0.511834
      vertex 3.76021 0.962448 -0.368005
      vertex 3.59861 0.985043 0.036415
    endloop
  endfacet
  facet normal -0.138469 -0.990367 -5.76023e-06
    outer loop
      vertex 3.78276 0.959296 -0.511834
      vertex 3.76021 0.962448 -0.368005
      vertex 3.59861 0.985043 -0.511834
    endloop
  endfacet
  facet normal -0.138432 -0.990372 0
    outer loop
      vertex 3.76021 0.962448 -0.368005
      vertex 3.78276 0.959296 -0.511834
      vertex 3.78276 0.959296 -0.385954
    endloop
  endfacet
  facet normal 0.137764 0.985567 0.0983816
    outer loop
      vertex 3.81849 1.16623 -0.511834
      vertex 3.77428 1.1298 -0.084978
      vertex 3.81266 1.13251 -0.16587
    endloop
  endfacet
  facet normal 0.137793 0.985563 0.0983842
    outer loop
      vertex 3.62101 1.19384 -0.511834
      vertex 3.77428 1.1298 -0.084978
      vertex 3.81849 1.16623 -0.511834
    endloop
  endfacet
  facet normal 0.137801 0.985562 0.0983811
    outer loop
      vertex 3.77428 1.1298 -0.084978
      vertex 3.62101 1.19384 -0.511834
      vertex 3.61292 1.11842 0.25504
    endloop
  endfacet
  facet normal -0.138465 -0.990367 0
    outer loop
      vertex 3.62101 1.19384 -0.511834
      vertex 3.81849 1.16623 -0.115529
      vertex 3.62101 1.19384 0.378677
    endloop
  endfacet
  facet normal -0.138465 -0.990367 -0
    outer loop
      vertex 3.81849 1.16623 -0.115529
      vertex 3.62101 1.19384 -0.511834
      vertex 3.81849 1.16623 -0.511834
    endloop
  endfacet
  facet normal 0.074754 0.997202 0
    outer loop
      vertex 3.4536 0.785429 -0.0139654
      vertex 3.41226 0.788528 0.0198413
      vertex 3.41226 0.788528 0.0844707
    endloop
  endfacet
  facet normal 0.0747366 0.997203 1.454e-06
    outer loop
      vertex 3.41226 0.788528 -0.511834
      vertex 3.4536 0.785429 -0.0139654
      vertex 3.57621 0.77624 -0.115552
    endloop
  endfacet
  facet normal 0.07474 0.997203 0
    outer loop
      vertex 3.41226 0.788528 -0.511834
      vertex 3.57621 0.77624 -0.115552
      vertex 3.57621 0.77624 -0.511834
    endloop
  endfacet
  facet normal 0.074754 0.997202 0
    outer loop
      vertex 3.4536 0.785429 -0.0139654
      vertex 3.41226 0.788528 -0.511834
      vertex 3.41226 0.788528 0.0198413
    endloop
  endfacet
  facet normal -0.0747284 -0.997204 0
    outer loop
      vertex 3.41319 0.998938 -0.511834
      vertex 3.59861 0.985043 0.036415
      vertex 3.41319 0.998938 0.477829
    endloop
  endfacet
  facet normal -0.0747284 -0.997204 -0
    outer loop
      vertex 3.59861 0.985043 0.036415
      vertex 3.41319 0.998938 -0.511834
      vertex 3.59861 0.985043 -0.511834
    endloop
  endfacet
  facet normal 0.0743135 0.99237 0.0983809
    outer loop
      vertex 3.62101 1.19384 -0.511834
      vertex 3.52956 1.10808 0.422307
      vertex 3.61292 1.11842 0.25504
    endloop
  endfacet
  facet normal 0.0744085 0.992362 0.0983895
    outer loop
      vertex 3.42216 1.20875 -0.511834
      vertex 3.52956 1.10808 0.422307
      vertex 3.62101 1.19384 -0.511834
    endloop
  endfacet
  facet normal 0.0743551 0.992366 0.098396
    outer loop
      vertex 3.52956 1.10808 0.422307
      vertex 3.42216 1.20875 -0.511834
      vertex 3.41726 1.09415 0.647659
    endloop
  endfacet
  facet normal -0.0747712 -0.997201 0
    outer loop
      vertex 3.42216 1.20875 -0.511834
      vertex 3.62101 1.19384 0.378677
      vertex 3.42216 1.20875 0.852051
    endloop
  endfacet
  facet normal -0.0747712 -0.997201 -0
    outer loop
      vertex 3.62101 1.19384 0.378677
      vertex 3.42216 1.20875 -0.511834
      vertex 3.62101 1.19384 -0.511834
    endloop
  endfacet
  facet normal -0.0106513 -0.999943 0
    outer loop
      vertex 3.29002 1.00025 0.0151006
      vertex 3.41319 0.998938 0.477829
      vertex 3.29002 1.00025 0.756188
    endloop
  endfacet
  facet normal -0.0106513 -0.999943 0
    outer loop
      vertex 3.41319 0.998938 -0.511834
      vertex 3.29002 1.00025 0.0151006
      vertex 3.29002 1.00025 -0.511834
    endloop
  endfacet
  facet normal -0.0106513 -0.999943 0
    outer loop
      vertex 3.29002 1.00025 0.0151006
      vertex 3.41319 0.998938 -0.511834
      vertex 3.41319 0.998938 0.477829
    endloop
  endfacet
  facet normal 0.0107101 0.99509 0.0983962
    outer loop
      vertex 3.42216 1.20875 -0.511834
      vertex 3.29418 1.07228 0.882229
      vertex 3.41726 1.09415 0.647659
    endloop
  endfacet
  facet normal 0.0104928 0.995092 0.0983965
    outer loop
      vertex 3.29418 1.07228 0.882229
      vertex 3.22486 1.1131 0.476805
      vertex 3.25269 1.0649 0.961288
    endloop
  endfacet
  facet normal 0.0105687 0.995092 0.0983835
    outer loop
      vertex 3.42216 1.20875 -0.511834
      vertex 3.22486 1.1131 0.476805
      vertex 3.29418 1.07228 0.882229
    endloop
  endfacet
  facet normal 0.0106301 0.995091 0.0983956
    outer loop
      vertex 3.22486 1.1131 0.476805
      vertex 3.42216 1.20875 -0.511834
      vertex 3.22277 1.21088 -0.511834
    endloop
  endfacet
  facet normal -0.010682 -0.999943 0
    outer loop
      vertex 3.22277 1.21088 -0.511834
      vertex 3.42216 1.20875 0.852051
      vertex 3.22277 1.21088 1.30265
    endloop
  endfacet
  facet normal -0.010682 -0.999943 -0
    outer loop
      vertex 3.42216 1.20875 0.852051
      vertex 3.22277 1.21088 -0.511834
      vertex 3.42216 1.20875 -0.511834
    endloop
  endfacet
  facet normal -0.052981 0.993736 0.0983961
    outer loop
      vertex 3.22277 1.21088 -0.511834
      vertex 3.19906 1.15779 0.0115735
      vertex 3.22486 1.1131 0.476805
    endloop
  endfacet
  facet normal -0.0531756 0.993727 0.0983863
    outer loop
      vertex 3.19906 1.15779 0.0115735
      vertex 3.22277 1.21088 -0.511834
      vertex 3.19081 1.17209 -0.137319
    endloop
  endfacet
  facet normal -0.053361 0.993718 0.0983697
    outer loop
      vertex 3.22277 1.21088 -0.511834
      vertex 3.17556 1.1985 -0.412382
      vertex 3.19081 1.17209 -0.137319
    endloop
  endfacet
  facet normal -0.0531441 0.99372 0.0984728
    outer loop
      vertex 3.17556 1.1985 -0.412382
      vertex 3.22277 1.21088 -0.511834
      vertex 3.17004 1.20806 -0.511834
    endloop
  endfacet
  facet normal 0.0534037 -0.998573 0
    outer loop
      vertex 3.17004 1.20806 0.0104479
      vertex 3.22277 1.21088 1.30265
      vertex 3.17004 1.20806 1.41546
    endloop
  endfacet
  facet normal 0.0534037 -0.998573 0
    outer loop
      vertex 3.22277 1.21088 -0.511834
      vertex 3.17004 1.20806 0.0104479
      vertex 3.17004 1.20806 -0.404109
    endloop
  endfacet
  facet normal 0.0534037 -0.998573 0
    outer loop
      vertex 3.22277 1.21088 -0.511834
      vertex 3.17004 1.20806 -0.404109
      vertex 3.17004 1.20806 -0.511834
    endloop
  endfacet
  facet normal 0.0534037 -0.998573 0
    outer loop
      vertex 3.17004 1.20806 0.0104479
      vertex 3.22277 1.21088 -0.511834
      vertex 3.22277 1.21088 1.30265
    endloop
  endfacet
  facet normal 0.36537 -0.930862 0
    outer loop
      vertex 2.14353 0.765724 -0.421691
      vertex 2.14353 0.765724 -0.511834
      vertex 2.17716 0.778924 -0.511834
    endloop
  endfacet
  facet normal -0.363437 0.926403 0.0984421
    outer loop
      vertex 2.21988 1.02117 -0.511834
      vertex 2.18789 1.00862 -0.511834
      vertex 2.20794 1.01326 -0.481477
    endloop
  endfacet
  facet normal 0.365211 -0.930925 -4.68242e-05
    outer loop
      vertex 2.21035 1.01743 -0.486291
      vertex 2.18789 1.00862 -0.511834
      vertex 2.21988 1.02117 -0.511834
    endloop
  endfacet
  facet normal -0.424254 0.905543 0
    outer loop
      vertex 2.1331 0.529057 -0.511834
      vertex 2.07029 0.49963 -0.511834
      vertex 2.07029 0.49963 -0.345907
    endloop
  endfacet
  facet normal 0.424234 -0.905553 6.93032e-06
    outer loop
      vertex 1.97515 0.686843 -0.195759
      vertex 2.14353 0.765724 -0.421691
      vertex 2.03592 0.715313 -0.137439
    endloop
  endfacet
  facet normal 0.424226 -0.905556 0
    outer loop
      vertex 1.97515 0.686843 -0.511834
      vertex 2.14353 0.765724 -0.421691
      vertex 1.97515 0.686843 -0.195759
    endloop
  endfacet
  facet normal 0.424226 -0.905556 0
    outer loop
      vertex 2.14353 0.765724 -0.421691
      vertex 1.97515 0.686843 -0.511834
      vertex 2.14353 0.765724 -0.511834
    endloop
  endfacet
  facet normal -0.422157 0.90117 0.0983639
    outer loop
      vertex 1.88001 0.874056 -0.511834
      vertex 1.94544 0.89746 -0.44544
      vertex 1.92997 0.89746 -0.511834
    endloop
  endfacet
  facet normal -0.42217 0.901163 0.0983791
    outer loop
      vertex 1.94544 0.89746 -0.44544
      vertex 1.88001 0.874056 -0.511834
      vertex 1.88566 0.862929 -0.385664
    endloop
  endfacet
  facet normal 0.424215 -0.905562 0
    outer loop
      vertex 1.88001 0.874056 -0.511834
      vertex 1.92997 0.89746 -0.429967
      vertex 1.88001 0.874056 -0.38001
    endloop
  endfacet
  facet normal 0.424215 -0.905562 0
    outer loop
      vertex 1.92997 0.89746 -0.429967
      vertex 1.88001 0.874056 -0.511834
      vertex 1.92997 0.89746 -0.511834
    endloop
  endfacet
  facet normal -0.48138 0.876512 0
    outer loop
      vertex 1.91911 0.416602 -0.511834
      vertex 2.07029 0.49963 -0.345907
      vertex 2.07029 0.49963 -0.511834
    endloop
  endfacet
  facet normal -0.48138 0.876512 0
    outer loop
      vertex 2.07029 0.49963 -0.345907
      vertex 1.91911 0.416602 -0.511834
      vertex 1.91911 0.416602 0.0472469
    endloop
  endfacet
  facet normal 0.481529 -0.87643 0
    outer loop
      vertex 1.81217 0.597335 -0.312169
      vertex 1.81217 0.597335 -0.511834
      vertex 1.81735 0.600181 -0.317351
    endloop
  endfacet
  facet normal 0.481378 -0.876513 5.24412e-06
    outer loop
      vertex 1.97515 0.686843 -0.511834
      vertex 1.81735 0.600181 -0.317351
      vertex 1.81217 0.597335 -0.511834
    endloop
  endfacet
  facet normal 0.481373 -0.876516 0
    outer loop
      vertex 1.81735 0.600181 -0.317351
      vertex 1.97515 0.686843 -0.511834
      vertex 1.97515 0.686843 -0.195759
    endloop
  endfacet
  facet normal -0.479269 0.872137 0.0983763
    outer loop
      vertex 1.88001 0.874056 -0.511834
      vertex 1.87566 0.856305 -0.375658
      vertex 1.88566 0.862929 -0.385664
    endloop
  endfacet
  facet normal -0.47904 0.872261 0.0983997
    outer loop
      vertex 1.70523 0.778068 -0.511834
      vertex 1.87566 0.856305 -0.375658
      vertex 1.88001 0.874056 -0.511834
    endloop
  endfacet
  facet normal -0.479041 0.87226 0.0984012
    outer loop
      vertex 1.87566 0.856305 -0.375658
      vertex 1.70523 0.778068 -0.511834
      vertex 1.71994 0.753217 -0.219935
    endloop
  endfacet
  facet normal 0.481376 -0.876514 0
    outer loop
      vertex 1.70523 0.778068 -0.511834
      vertex 1.88001 0.874056 -0.38001
      vertex 1.70523 0.778068 -0.205232
    endloop
  endfacet
  facet normal 0.481376 -0.876514 0
    outer loop
      vertex 1.88001 0.874056 -0.38001
      vertex 1.70523 0.778068 -0.511834
      vertex 1.88001 0.874056 -0.511834
    endloop
  endfacet
  facet normal -0.53657 0.843856 -2.55252e-05
    outer loop
      vertex 1.91911 0.416602 0.0472469
      vertex 1.77356 0.324059 0.239323
      vertex 1.83118 0.360698 0.272035
    endloop
  endfacet
  facet normal -0.536546 0.843871 0
    outer loop
      vertex 1.77356 0.324059 -0.511834
      vertex 1.91911 0.416602 0.0472469
      vertex 1.91911 0.416602 -0.511834
    endloop
  endfacet
  facet normal -0.536546 0.843871 0
    outer loop
      vertex 1.91911 0.416602 0.0472469
      vertex 1.77356 0.324059 -0.511834
      vertex 1.77356 0.324059 0.239323
    endloop
  endfacet
  facet normal 0.536547 -0.84387 0
    outer loop
      vertex 1.65526 0.497569 -0.511834
      vertex 1.81217 0.597335 -0.312169
      vertex 1.65526 0.497569 -0.15526
    endloop
  endfacet
  facet normal 0.536547 -0.84387 0
    outer loop
      vertex 1.81217 0.597335 -0.312169
      vertex 1.65526 0.497569 -0.511834
      vertex 1.81217 0.597335 -0.511834
    endloop
  endfacet
  facet normal -0.533854 0.839832 0.0984027
    outer loop
      vertex 1.70523 0.778068 -0.511834
      vertex 1.69784 0.73658 -0.197841
      vertex 1.71994 0.753217 -0.219935
    endloop
  endfacet
  facet normal -0.53394 0.839778 0.0983935
    outer loop
      vertex 1.53696 0.67108 -0.511834
      vertex 1.69784 0.73658 -0.197841
      vertex 1.70523 0.778068 -0.511834
    endloop
  endfacet
  facet normal -0.533945 0.839774 0.0983967
    outer loop
      vertex 1.69784 0.73658 -0.197841
      vertex 1.53696 0.67108 -0.511834
      vertex 1.56203 0.634316 -0.0620275
    endloop
  endfacet
  facet normal 0.536544 -0.843872 0
    outer loop
      vertex 1.53696 0.67108 -0.511834
      vertex 1.70523 0.778068 -0.205232
      vertex 1.53696 0.67108 -0.0369625
    endloop
  endfacet
  facet normal 0.536544 -0.843872 0
    outer loop
      vertex 1.70523 0.778068 -0.205232
      vertex 1.53696 0.67108 -0.511834
      vertex 1.70523 0.778068 -0.511834
    endloop
  endfacet
  facet normal -0.589515 0.807758 0
    outer loop
      vertex 1.77356 0.324059 -0.511834
      vertex 1.63424 0.222381 0.190906
      vertex 1.77356 0.324059 0.239323
    endloop
  endfacet
  facet normal -0.589515 0.807758 0
    outer loop
      vertex 1.63424 0.222381 0.190906
      vertex 1.77356 0.324059 -0.511834
      vertex 1.63424 0.222381 -0.511834
    endloop
  endfacet
  facet normal 0.589954 -0.807437 0.000681226
    outer loop
      vertex 1.50507 0.387956 -0.00908538
      vertex 1.65526 0.497569 -0.15526
      vertex 1.50707 0.389419 -0.00707046
    endloop
  endfacet
  facet normal 0.589521 -0.807753 0
    outer loop
      vertex 1.50507 0.387956 -0.511834
      vertex 1.65526 0.497569 -0.15526
      vertex 1.50507 0.387956 -0.00908538
    endloop
  endfacet
  facet normal 0.589521 -0.807753 0
    outer loop
      vertex 1.65526 0.497569 -0.15526
      vertex 1.50507 0.387956 -0.511834
      vertex 1.65526 0.497569 -0.511834
    endloop
  endfacet
  facet normal -0.586635 0.803852 0.0983973
    outer loop
      vertex 1.53696 0.67108 -0.511834
      vertex 1.52972 0.606782 -0.0297188
      vertex 1.56203 0.634316 -0.0620275
    endloop
  endfacet
  facet normal -0.586649 0.803841 0.0983957
    outer loop
      vertex 1.37589 0.55353 -0.511834
      vertex 1.52972 0.606782 -0.0297188
      vertex 1.53696 0.67108 -0.511834
    endloop
  endfacet
  facet normal -0.586648 0.803842 0.0983954
    outer loop
      vertex 1.52972 0.606782 -0.0297188
      vertex 1.37589 0.55353 -0.511834
      vertex 1.41237 0.506775 0.0876304
    endloop
  endfacet
  facet normal 0.58951 -0.807761 0
    outer loop
      vertex 1.37589 0.55353 -0.511834
      vertex 1.53696 0.67108 -0.0369625
      vertex 1.37589 0.55353 0.124105
    endloop
  endfacet
  facet normal 0.58951 -0.807761 0
    outer loop
      vertex 1.53696 0.67108 -0.0369625
      vertex 1.37589 0.55353 -0.511834
      vertex 1.53696 0.67108 -0.511834
    endloop
  endfacet
  facet normal -0.640057 0.768328 0
    outer loop
      vertex 1.63424 0.222381 -0.511834
      vertex 1.50172 0.111985 0.176897
      vertex 1.63424 0.222381 0.190906
    endloop
  endfacet
  facet normal -0.640057 0.768328 0
    outer loop
      vertex 1.50172 0.111985 0.176897
      vertex 1.63424 0.222381 -0.511834
      vertex 1.50172 0.111985 -0.511834
    endloop
  endfacet
  facet normal 0.640037 -0.768344 0
    outer loop
      vertex 1.50507 0.387956 -0.511834
      vertex 1.3622 0.268944 -0.193211
      vertex 1.3622 0.268944 -0.511834
    endloop
  endfacet
  facet normal 0.640037 -0.768344 0
    outer loop
      vertex 1.3622 0.268944 -0.193211
      vertex 1.50507 0.387956 -0.511834
      vertex 1.50507 0.387956 -0.00908538
    endloop
  endfacet
  facet normal -0.63697 0.764583 0.0983958
    outer loop
      vertex 1.37589 0.55353 -0.511834
      vertex 1.37177 0.467726 0.128234
      vertex 1.41237 0.506775 0.0876304
    endloop
  endfacet
  facet normal -0.636947 0.764609 0.0983466
    outer loop
      vertex 1.37177 0.467726 0.128234
      vertex 1.26875 0.374078 0.189099
      vertex 1.29034 0.389419 0.209657
    endloop
  endfacet
  facet normal -0.636967 0.764586 0.0983961
    outer loop
      vertex 1.22269 0.425901 -0.511834
      vertex 1.37177 0.467726 0.128234
      vertex 1.37589 0.55353 -0.511834
    endloop
  endfacet
  facet normal -0.636931 0.764617 0.0983857
    outer loop
      vertex 1.37177 0.467726 0.128234
      vertex 1.22269 0.425901 -0.511834
      vertex 1.26875 0.374078 0.189099
    endloop
  endfacet
  facet normal 0.64006 -0.768325 0
    outer loop
      vertex 1.22269 0.425901 0.519814
      vertex 1.33733 0.521403 0.162671
      vertex 1.33733 0.521403 0.379787
    endloop
  endfacet
  facet normal 0.64006 -0.768325 0
    outer loop
      vertex 1.22269 0.425901 -0.511834
      vertex 1.33733 0.521403 0.162671
      vertex 1.22269 0.425901 0.519814
    endloop
  endfacet
  facet normal 0.640103 -0.768289 -1.21734e-05
    outer loop
      vertex 1.22269 0.425901 -0.511834
      vertex 1.37589 0.55353 0.124105
      vertex 1.33733 0.521403 0.162671
    endloop
  endfacet
  facet normal 0.640073 -0.768314 0
    outer loop
      vertex 1.37589 0.55353 0.124105
      vertex 1.22269 0.425901 -0.511834
      vertex 1.37589 0.55353 -0.511834
    endloop
  endfacet
  facet normal -0.687947 0.725761 0
    outer loop
      vertex 1.37654 -0.00667286 -0.511834
      vertex 1.50172 0.111985 0.176897
      vertex 1.50172 0.111985 -0.511834
    endloop
  endfacet
  facet normal -0.687947 0.725761 0
    outer loop
      vertex 1.50172 0.111985 0.176897
      vertex 1.37654 -0.00667286 -0.511834
      vertex 1.37654 -0.00667286 0.19735
    endloop
  endfacet
  facet normal 0.687977 -0.725732 0
    outer loop
      vertex 1.3622 0.268944 -0.511834
      vertex 1.22726 0.141024 -0.409731
      vertex 1.22726 0.141024 -0.511834
    endloop
  endfacet
  facet normal 0.687977 -0.725732 0
    outer loop
      vertex 1.22726 0.141024 -0.409731
      vertex 1.3622 0.268944 -0.511834
      vertex 1.3622 0.268944 -0.193211
    endloop
  endfacet
  facet normal -0.684709 0.722145 0.0983852
    outer loop
      vertex 1.26875 0.374078 0.189099
      vertex 1.22269 0.425901 -0.511834
      vertex 1.23849 0.350201 0.153762
    endloop
  endfacet
  facet normal -0.684607 0.722241 0.0983937
    outer loop
      vertex 1.2243 0.325625 0.235426
      vertex 1.23849 0.350201 0.153762
      vertex 1.22269 0.425901 -0.511834
    endloop
  endfacet
  facet normal -0.684612 0.722236 0.098393
    outer loop
      vertex 1.07797 0.28872 -0.511834
      vertex 1.2243 0.325625 0.235426
      vertex 1.22269 0.425901 -0.511834
    endloop
  endfacet
  facet normal -0.684607 0.722242 0.0983917
    outer loop
      vertex 1.2243 0.325625 0.235426
      vertex 1.07797 0.28872 -0.511834
      vertex 1.15754 0.21 0.619654
    endloop
  endfacet
  facet normal 0.68795 -0.725758 0
    outer loop
      vertex 1.07797 0.28872 -0.511834
      vertex 1.22269 0.425901 0.519814
      vertex 1.07797 0.28872 0.710974
    endloop
  endfacet
  facet normal 0.68795 -0.725758 0
    outer loop
      vertex 1.22269 0.425901 0.519814
      vertex 1.07797 0.28872 -0.511834
      vertex 1.22269 0.425901 -0.511834
    endloop
  endfacet
  facet normal -0.733065 0.680158 0
    outer loop
      vertex 1.25923 -0.133108 -0.511834
      vertex 1.37654 -0.00667286 0.19735
      vertex 1.37654 -0.00667286 -0.511834
    endloop
  endfacet
  facet normal -0.733065 0.680158 0
    outer loop
      vertex 1.37654 -0.00667286 0.19735
      vertex 1.25923 -0.133108 -0.511834
      vertex 1.25923 -0.133108 0.252185
    endloop
  endfacet
  facet normal 0.73297 -0.680261 0
    outer loop
      vertex 1.20834 0.120638 -0.446827
      vertex 1.22726 0.141024 -0.511834
      vertex 1.22726 0.141024 -0.409731
    endloop
  endfacet
  facet normal 0.733072 -0.680151 0
    outer loop
      vertex 1.10079 0.00471973 -0.511834
      vertex 1.20834 0.120638 -0.446827
      vertex 1.10079 0.00471973 -0.39655
    endloop
  endfacet
  facet normal 0.733057 -0.680167 5.45502e-05
    outer loop
      vertex 1.20834 0.120638 -0.446827
      vertex 1.10079 0.00471973 -0.511834
      vertex 1.22726 0.141024 -0.511834
    endloop
  endfacet
  facet normal -0.729511 0.676856 0.0983919
    outer loop
      vertex 1.09275 0.104817 0.862852
      vertex 1.15754 0.21 0.619654
      vertex 1.07797 0.28872 -0.511834
    endloop
  endfacet
  facet normal -0.72957 0.676797 0.0983509
    outer loop
      vertex 1.15754 0.21 0.619654
      vertex 1.09275 0.104817 0.862852
      vertex 1.10968 0.127102 0.835086
    endloop
  endfacet
  facet normal -0.729504 0.676862 0.0983927
    outer loop
      vertex 0.942347 0.142549 -0.511834
      vertex 1.09275 0.104817 0.862852
      vertex 1.07797 0.28872 -0.511834
    endloop
  endfacet
  facet normal -0.729495 0.676872 0.0983919
    outer loop
      vertex 1.09275 0.104817 0.862852
      vertex 0.942347 0.142549 -0.511834
      vertex 1.05016 0.0487639 0.932691
    endloop
  endfacet
  facet normal 0.733062 -0.680162 0
    outer loop
      vertex 0.942347 0.142549 -0.511834
      vertex 1.07797 0.28872 0.710974
      vertex 0.942347 0.142549 0.905376
    endloop
  endfacet
  facet normal 0.733062 -0.680162 0
    outer loop
      vertex 1.07797 0.28872 0.710974
      vertex 0.942347 0.142549 -0.511834
      vertex 1.07797 0.28872 -0.511834
    endloop
  endfacet
  facet normal -0.775105 0.631832 0
    outer loop
      vertex 1.15025 -0.2668 -0.511834
      vertex 1.25923 -0.133108 0.252185
      vertex 1.25923 -0.133108 -0.511834
    endloop
  endfacet
  facet normal -0.775105 0.631832 0
    outer loop
      vertex 1.25923 -0.133108 0.252185
      vertex 1.15025 -0.2668 -0.511834
      vertex 1.15025 -0.2668 0.341176
    endloop
  endfacet
  facet normal 0.775116 -0.631819 0
    outer loop
      vertex 0.983309 -0.139406 -0.511834
      vertex 1.10079 0.00471973 -0.39655
      vertex 0.983309 -0.139406 -0.300614
    endloop
  endfacet
  facet normal 0.775116 -0.631819 0
    outer loop
      vertex 1.10079 0.00471973 -0.39655
      vertex 0.983309 -0.139406 -0.511834
      vertex 1.10079 0.00471973 -0.511834
    endloop
  endfacet
  facet normal -0.771349 0.62876 0.0983921
    outer loop
      vertex 1.05016 0.0487639 0.932691
      vertex 0.942347 0.142549 -0.511834
      vertex 0.972913 -0.0678479 1.0723
    endloop
  endfacet
  facet normal -0.771361 0.628745 0.0983904
    outer loop
      vertex 0.816363 -0.0120115 -0.511834
      vertex 0.972913 -0.0678479 1.0723
      vertex 0.942347 0.142549 -0.511834
    endloop
  endfacet
  facet normal -0.77136 0.628747 0.0983903
    outer loop
      vertex 0.972913 -0.0678479 1.0723
      vertex 0.816363 -0.0120115 -0.511834
      vertex 0.944918 -0.110111 1.1229
    endloop
  endfacet
  facet normal 0.775122 -0.631811 0
    outer loop
      vertex 0.816363 -0.0120115 -0.511834
      vertex 0.942347 0.142549 0.905376
      vertex 0.816363 -0.0120115 1.10222
    endloop
  endfacet
  facet normal 0.775122 -0.631811 0
    outer loop
      vertex 0.942347 0.142549 0.905376
      vertex 0.816363 -0.0120115 -0.511834
      vertex 0.942347 0.142549 -0.511834
    endloop
  endfacet
  facet normal -0.814023 0.580832 0
    outer loop
      vertex 1.05007 -0.4072 -0.511834
      vertex 1.15025 -0.2668 0.341176
      vertex 1.15025 -0.2668 -0.511834
    endloop
  endfacet
  facet normal -0.814023 0.580832 0
    outer loop
      vertex 1.15025 -0.2668 0.341176
      vertex 1.05007 -0.4072 -0.511834
      vertex 1.05007 -0.4072 0.46396
    endloop
  endfacet
  facet normal 0.814011 -0.580849 0
    outer loop
      vertex 0.875306 -0.290763 -0.511834
      vertex 0.983309 -0.139406 -0.300614
      vertex 0.875306 -0.290763 -0.16825
    endloop
  endfacet
  facet normal 0.814011 -0.580849 0
    outer loop
      vertex 0.983309 -0.139406 -0.300614
      vertex 0.875306 -0.290763 -0.511834
      vertex 0.983309 -0.139406 -0.511834
    endloop
  endfacet
  facet normal -0.810063 0.578028 0.0983903
    outer loop
      vertex 0.944918 -0.110111 1.1229
      vertex 0.816363 -0.0120115 -0.511834
      vertex 0.866148 -0.24745 1.28122
    endloop
  endfacet
  facet normal -0.810063 0.578029 0.0983904
    outer loop
      vertex 0.700541 -0.174327 -0.511834
      vertex 0.866148 -0.24745 1.28122
      vertex 0.816363 -0.0120115 -0.511834
    endloop
  endfacet
  facet normal -0.810049 0.578048 0.0983899
    outer loop
      vertex 0.866148 -0.24745 1.28122
      vertex 0.700541 -0.174327 -0.511834
      vertex 0.850706 -0.274373 1.31226
    endloop
  endfacet
  facet normal 0.814012 -0.580847 0
    outer loop
      vertex 0.700541 -0.174327 -0.511834
      vertex 0.816363 -0.0120115 1.10222
      vertex 0.700541 -0.174327 1.3007
    endloop
  endfacet
  facet normal 0.814012 -0.580847 0
    outer loop
      vertex 0.816363 -0.0120115 1.10222
      vertex 0.700541 -0.174327 -0.511834
      vertex 0.816363 -0.0120115 -0.511834
    endloop
  endfacet
  facet normal -0.849556 0.527499 0
    outer loop
      vertex 0.959081 -0.553741 -0.511834
      vertex 1.05007 -0.4072 0.46396
      vertex 1.05007 -0.4072 -0.511834
    endloop
  endfacet
  facet normal -0.849556 0.527499 0
    outer loop
      vertex 1.05007 -0.4072 0.46396
      vertex 0.959081 -0.553741 -0.511834
      vertex 0.959081 -0.553741 0.620013
    endloop
  endfacet
  facet normal -0.847056 0.531479 0.00519508
    outer loop
      vertex 1.05007 -0.4072 0.46396
      vertex 0.959081 -0.553741 0.620013
      vertex 0.959088 -0.55373 0.620029
    endloop
  endfacet
  facet normal 0 0 1
    outer loop
      vertex 5.6194 -3.24436 -0.511834
      vertex 5.6194 -3.24438 -0.511834
      vertex 5.80127 -3.34936 -0.511834
    endloop
  endfacet
  facet normal -0 0 1
    outer loop
      vertex 2.14353 0.765724 -0.511834
      vertex 2.1331 0.529057 -0.511834
      vertex 2.17716 0.778924 -0.511834
    endloop
  endfacet
  facet normal -0 0 1
    outer loop
      vertex 1.97515 0.686843 -0.511834
      vertex 2.1331 0.529057 -0.511834
      vertex 2.14353 0.765724 -0.511834
    endloop
  endfacet
  facet normal 0 0 1
    outer loop
      vertex 2.1331 0.529057 -0.511834
      vertex 1.97515 0.686843 -0.511834
      vertex 2.07029 0.49963 -0.511834
    endloop
  endfacet
  facet normal 0 0 1
    outer loop
      vertex 1.97515 0.686843 -0.511834
      vertex 1.91911 0.416602 -0.511834
      vertex 2.07029 0.49963 -0.511834
    endloop
  endfacet
  facet normal -0 0 1
    outer loop
      vertex 1.81217 0.597335 -0.511834
      vertex 1.91911 0.416602 -0.511834
      vertex 1.97515 0.686843 -0.511834
    endloop
  endfacet
  facet normal 0 0 1
    outer loop
      vertex 1.81217 0.597335 -0.511834
      vertex 1.77356 0.324059 -0.511834
      vertex 1.91911 0.416602 -0.511834
    endloop
  endfacet
  facet normal -0 0 1
    outer loop
      vertex 1.65526 0.497569 -0.511834
      vertex 1.77356 0.324059 -0.511834
      vertex 1.81217 0.597335 -0.511834
    endloop
  endfacet
  facet normal 0 0 1
    outer loop
      vertex 1.65526 0.497569 -0.511834
      vertex 1.63424 0.222381 -0.511834
      vertex 1.77356 0.324059 -0.511834
    endloop
  endfacet
  facet normal -0 0 1
    outer loop
      vertex 1.50507 0.387956 -0.511834
      vertex 1.63424 0.222381 -0.511834
      vertex 1.65526 0.497569 -0.511834
    endloop
  endfacet
  facet normal 0 0 1
    outer loop
      vertex 1.50507 0.387956 -0.511834
      vertex 1.50172 0.111985 -0.511834
      vertex 1.63424 0.222381 -0.511834
    endloop
  endfacet
  facet normal -0 0 1
    outer loop
      vertex 1.3622 0.268944 -0.511834
      vertex 1.50172 0.111985 -0.511834
      vertex 1.50507 0.387956 -0.511834
    endloop
  endfacet
  facet normal 0 0 1
    outer loop
      vertex 1.50172 0.111985 -0.511834
      vertex 1.3622 0.268944 -0.511834
      vertex 1.37654 -0.00667286 -0.511834
    endloop
  endfacet
  facet normal -0 0 1
    outer loop
      vertex 1.22726 0.141024 -0.511834
      vertex 1.37654 -0.00667286 -0.511834
      vertex 1.3622 0.268944 -0.511834
    endloop
  endfacet
  facet normal 0 0 1
    outer loop
      vertex 1.37654 -0.00667286 -0.511834
      vertex 1.22726 0.141024 -0.511834
      vertex 1.25923 -0.133108 -0.511834
    endloop
  endfacet
  facet normal -0 0 1
    outer loop
      vertex 1.10079 0.00471973 -0.511834
      vertex 1.25923 -0.133108 -0.511834
      vertex 1.22726 0.141024 -0.511834
    endloop
  endfacet
  facet normal 0 0 1
    outer loop
      vertex 1.25923 -0.133108 -0.511834
      vertex 1.10079 0.00471973 -0.511834
      vertex 1.15025 -0.2668 -0.511834
    endloop
  endfacet
  facet normal -0 0 1
    outer loop
      vertex 0.983309 -0.139406 -0.511834
      vertex 1.15025 -0.2668 -0.511834
      vertex 1.10079 0.00471973 -0.511834
    endloop
  endfacet
  facet normal 0 0 1
    outer loop
      vertex 1.15025 -0.2668 -0.511834
      vertex 0.983309 -0.139406 -0.511834
      vertex 1.05007 -0.4072 -0.511834
    endloop
  endfacet
  facet normal -0 0 1
    outer loop
      vertex 0.875306 -0.290763 -0.511834
      vertex 1.05007 -0.4072 -0.511834
      vertex 0.983309 -0.139406 -0.511834
    endloop
  endfacet
  facet normal 0 0 1
    outer loop
      vertex 1.05007 -0.4072 -0.511834
      vertex 0.875306 -0.290763 -0.511834
      vertex 0.959081 -0.553741 -0.511834
    endloop
  endfacet
  facet normal 0 0 1
    outer loop
      vertex 0.959081 -0.553741 -0.511834
      vertex 0.875306 -0.290763 -0.511834
      vertex 0.777223 -0.44873 -0.511834
    endloop
  endfacet
  facet normal -0 0 1
    outer loop
      vertex 3.91596 0.71758 -0.511834
      vertex 4.08479 0.687919 -0.511834
      vertex 3.94772 0.925336 -0.511834
    endloop
  endfacet
  facet normal 0 0 1
    outer loop
      vertex 4.08479 0.687919 -0.511834
      vertex 3.91596 0.71758 -0.511834
      vertex 4.0735 0.674464 -0.511834
    endloop
  endfacet
  facet normal 0 0 1
    outer loop
      vertex 3.74703 0.752357 -0.511834
      vertex 3.94772 0.925336 -0.511834
      vertex 3.78276 0.959296 -0.511834
    endloop
  endfacet
  facet normal 0 0 1
    outer loop
      vertex 3.94772 0.925336 -0.511834
      vertex 3.74703 0.752357 -0.511834
      vertex 3.91596 0.71758 -0.511834
    endloop
  endfacet
  facet normal 0 0 1
    outer loop
      vertex 3.59861 0.985043 -0.511834
      vertex 3.74703 0.752357 -0.511834
      vertex 3.78276 0.959296 -0.511834
    endloop
  endfacet
  facet normal 0 0 1
    outer loop
      vertex 3.59861 0.985043 -0.511834
      vertex 3.57621 0.77624 -0.511834
      vertex 3.74703 0.752357 -0.511834
    endloop
  endfacet
  facet normal 0 0 1
    outer loop
      vertex 3.41226 0.788528 -0.511834
      vertex 3.59861 0.985043 -0.511834
      vertex 3.41319 0.998938 -0.511834
    endloop
  endfacet
  facet normal 0 0 1
    outer loop
      vertex 3.59861 0.985043 -0.511834
      vertex 3.41226 0.788528 -0.511834
      vertex 3.57621 0.77624 -0.511834
    endloop
  endfacet
  facet normal 0 -0 1
    outer loop
      vertex 3.41226 0.788528 -0.511834
      vertex 3.41319 0.998938 -0.511834
      vertex 3.29002 1.00025 -0.511834
    endloop
  endfacet
  facet normal 0.849557 -0.527497 0
    outer loop
      vertex 0.777223 -0.44873 -0.511834
      vertex 0.875306 -0.290763 -0.16825
      vertex 0.777223 -0.44873 0
    endloop
  endfacet
  facet normal 0.849557 -0.527497 0
    outer loop
      vertex 0.875306 -0.290763 -0.16825
      vertex 0.777223 -0.44873 -0.511834
      vertex 0.875306 -0.290763 -0.511834
    endloop
  endfacet
  facet normal -0.845433 0.524941 0.0983903
    outer loop
      vertex 0.839303 -0.297573 1.33805
      vertex 0.595364 -0.343718 -0.511834
      vertex 0.767707 -0.443235 1.5
    endloop
  endfacet
  facet normal -0.845433 0.52494 0.09839
    outer loop
      vertex 0.595364 -0.343718 -0.511834
      vertex 0.850706 -0.274373 1.31226
      vertex 0.700541 -0.174327 -0.511834
    endloop
  endfacet
  facet normal -0.845445 0.52492 0.0983924
    outer loop
      vertex 0.850706 -0.274373 1.31226
      vertex 0.595364 -0.343718 -0.511834
      vertex 0.839303 -0.297573 1.33805
    endloop
  endfacet
  facet normal 0.849555 -0.5275 0
    outer loop
      vertex 0.595364 -0.343718 -0.511834
      vertex 0.700541 -0.174327 1.3007
      vertex 0.595364 -0.343718 1.49999
    endloop
  endfacet
  facet normal 0.849555 -0.5275 0
    outer loop
      vertex 0.700541 -0.174327 1.3007
      vertex 0.595364 -0.343718 -0.511834
      vertex 0.700541 -0.174327 -0.511834
    endloop
  endfacet
  facet normal 0.866052 -0.499955 0
    outer loop
      vertex -2.90063 1.67468 0
      vertex -2.79564 1.85655 -0.511834
      vertex -2.79564 1.85655 0.620028
    endloop
  endfacet
  facet normal 0.866039 -0.499977 -1.06218e-05
    outer loop
      vertex -2.79564 1.85655 -0.511834
      vertex -2.90063 1.67468 0
      vertex -2.88629 1.69953 -0.511834
    endloop
  endfacet
  facet normal -0.866039 -0.499977 -1.06218e-05
    outer loop
      vertex 2.90063 1.67468 0
      vertex 2.79564 1.85655 -0.511834
      vertex 2.88629 1.69953 -0.511834
    endloop
  endfacet
  facet normal -0.866052 -0.499955 0
    outer loop
      vertex 2.79564 1.85655 -0.511834
      vertex 2.90063 1.67468 0
      vertex 2.79564 1.85655 1.5
    endloop
  endfacet
  facet normal -0.866052 -0.499955 0
    outer loop
      vertex 2.79564 1.85655 1.5
      vertex 2.90063 1.67468 0
      vertex 2.90063 1.67468 1.5
    endloop
  endfacet
  facet normal 0 -1 0
    outer loop
      vertex -2.79564 1.85655 0.620028
      vertex -2.79563 1.85655 0.00407202
      vertex -2.79563 1.85655 0.620029
    endloop
  endfacet
  facet normal 0 -1 0
    outer loop
      vertex -2.79564 1.85655 0.620028
      vertex -2.79563 1.85655 -0.1575
      vertex -2.79563 1.85655 0.00407202
    endloop
  endfacet
  facet normal 0 -1 0
    outer loop
      vertex -2.79564 1.85655 -0.511834
      vertex -2.79563 1.85655 -0.1575
      vertex -2.79564 1.85655 0.620028
    endloop
  endfacet
  facet normal 0 -1 -0
    outer loop
      vertex -2.79563 1.85655 -0.1575
      vertex -2.79564 1.85655 -0.511834
      vertex -2.79563 1.85655 -0.511834
    endloop
  endfacet
  facet normal -0 0 1
    outer loop
      vertex -2.79564 1.85655 -0.511834
      vertex -2.88629 1.69953 -0.511834
      vertex -2.79563 1.85655 -0.511834
    endloop
  endfacet
  facet normal 0 0 1
    outer loop
      vertex 2.79564 1.85655 -0.511834
      vertex 2.79563 1.85655 -0.511834
      vertex 2.88629 1.69953 -0.511834
    endloop
  endfacet
  facet normal -0 0 1
    outer loop
      vertex 1.81846 1.41143 -0.511834
      vertex 2.01183 1.4055 -0.511834
      vertex 1.90799 1.4433 -0.511834
    endloop
  endfacet
  facet normal 0 0 1
    outer loop
      vertex 1.81846 1.41143 -0.511834
      vertex 1.7455 1.3153 -0.511834
      vertex 2.01183 1.4055 -0.511834
    endloop
  endfacet
  facet normal 0 -0 1
    outer loop
      vertex 1.7455 1.3153 -0.511834
      vertex 1.81846 1.41143 -0.511834
      vertex 1.70505 1.37378 -0.511834
    endloop
  endfacet
  facet normal 0 0 1
    outer loop
      vertex 1.7455 1.3153 -0.511834
      vertex 1.70204 1.1531 -0.511834
      vertex 1.78314 1.29357 -0.511834
    endloop
  endfacet
  facet normal -0 0 1
    outer loop
      vertex 1.59087 1.33856 -0.511834
      vertex 1.7455 1.3153 -0.511834
      vertex 1.70505 1.37378 -0.511834
    endloop
  endfacet
  facet normal 0 0 1
    outer loop
      vertex 1.7455 1.3153 -0.511834
      vertex 1.59087 1.33856 -0.511834
      vertex 1.70204 1.1531 -0.511834
    endloop
  endfacet
  facet normal 0 0 1
    outer loop
      vertex 1.70204 1.1531 -0.511834
      vertex 1.59087 1.33856 -0.511834
      vertex 1.65062 1.13724 -0.511834
    endloop
  endfacet
  facet normal 0 0 1
    outer loop
      vertex 1.59087 1.33856 -0.511834
      vertex 1.5314 1.10323 -0.511834
      vertex 1.65062 1.13724 -0.511834
    endloop
  endfacet
  facet normal -0 0 1
    outer loop
      vertex 1.47596 1.30579 -0.511834
      vertex 1.5314 1.10323 -0.511834
      vertex 1.59087 1.33856 -0.511834
    endloop
  endfacet
  facet normal 0 0 1
    outer loop
      vertex 1.47596 1.30579 -0.511834
      vertex 1.41147 1.07179 -0.511834
      vertex 1.5314 1.10323 -0.511834
    endloop
  endfacet
  facet normal -0 0 1
    outer loop
      vertex 1.36038 1.27548 -0.511834
      vertex 1.41147 1.07179 -0.511834
      vertex 1.47596 1.30579 -0.511834
    endloop
  endfacet
  facet normal 0 0 1
    outer loop
      vertex 1.36038 1.27548 -0.511834
      vertex 1.2909 1.04291 -0.511834
      vertex 1.41147 1.07179 -0.511834
    endloop
  endfacet
  facet normal -0 0 1
    outer loop
      vertex 1.24417 1.24764 -0.511834
      vertex 1.2909 1.04291 -0.511834
      vertex 1.36038 1.27548 -0.511834
    endloop
  endfacet
  facet normal 0 0 1
    outer loop
      vertex 1.24417 1.24764 -0.511834
      vertex 1.16975 1.01661 -0.511834
      vertex 1.2909 1.04291 -0.511834
    endloop
  endfacet
  facet normal -0 0 1
    outer loop
      vertex 1.1274 1.2223 -0.511834
      vertex 1.16975 1.01661 -0.511834
      vertex 1.24417 1.24764 -0.511834
    endloop
  endfacet
  facet normal 0 0 1
    outer loop
      vertex 1.1274 1.2223 -0.511834
      vertex 1.04805 0.992915 -0.511834
      vertex 1.16975 1.01661 -0.511834
    endloop
  endfacet
  facet normal -0 0 1
    outer loop
      vertex 1.01011 1.19946 -0.511834
      vertex 1.04805 0.992915 -0.511834
      vertex 1.1274 1.2223 -0.511834
    endloop
  endfacet
  facet normal 0 0 1
    outer loop
      vertex 1.01011 1.19946 -0.511834
      vertex 0.925881 0.971821 -0.511834
      vertex 1.04805 0.992915 -0.511834
    endloop
  endfacet
  facet normal -0 0 1
    outer loop
      vertex 0.892365 1.17913 -0.511834
      vertex 0.925881 0.971821 -0.511834
      vertex 1.01011 1.19946 -0.511834
    endloop
  endfacet
  facet normal 0 0 1
    outer loop
      vertex 0.892365 1.17913 -0.511834
      vertex 0.803288 0.953343 -0.511834
      vertex 0.925881 0.971821 -0.511834
    endloop
  endfacet
  facet normal -0 0 1
    outer loop
      vertex 0.774209 1.16132 -0.511834
      vertex 0.803288 0.953343 -0.511834
      vertex 0.892365 1.17913 -0.511834
    endloop
  endfacet
  facet normal 0 0 1
    outer loop
      vertex 0.774209 1.16132 -0.511834
      vertex 0.680326 0.937489 -0.511834
      vertex 0.803288 0.953343 -0.511834
    endloop
  endfacet
  facet normal -0 0 1
    outer loop
      vertex 0.6557 1.14604 -0.511834
      vertex 0.680326 0.937489 -0.511834
      vertex 0.774209 1.16132 -0.511834
    endloop
  endfacet
  facet normal 0 0 1
    outer loop
      vertex 0.6557 1.14604 -0.511834
      vertex 0.557055 0.924266 -0.511834
      vertex 0.680326 0.937489 -0.511834
    endloop
  endfacet
  facet normal -0 0 1
    outer loop
      vertex 0.53689 1.1333 -0.511834
      vertex 0.557055 0.924266 -0.511834
      vertex 0.6557 1.14604 -0.511834
    endloop
  endfacet
  facet normal 0 0 1
    outer loop
      vertex 0.53689 1.1333 -0.511834
      vertex 0.433529 0.913681 -0.511834
      vertex 0.557055 0.924266 -0.511834
    endloop
  endfacet
  facet normal -0 0 1
    outer loop
      vertex 0.417835 1.12309 -0.511834
      vertex 0.433529 0.913681 -0.511834
      vertex 0.53689 1.1333 -0.511834
    endloop
  endfacet
  facet normal 0 0 1
    outer loop
      vertex 0.417835 1.12309 -0.511834
      vertex 0.309805 0.905737 -0.511834
      vertex 0.433529 0.913681 -0.511834
    endloop
  endfacet
  facet normal -0 0 1
    outer loop
      vertex 0.298591 1.11544 -0.511834
      vertex 0.309805 0.905737 -0.511834
      vertex 0.417835 1.12309 -0.511834
    endloop
  endfacet
  facet normal 0 0 1
    outer loop
      vertex 0.298591 1.11544 -0.511834
      vertex 0.18594 0.90044 -0.511834
      vertex 0.309805 0.905737 -0.511834
    endloop
  endfacet
  facet normal -0 0 1
    outer loop
      vertex 0.179209 1.11033 -0.511834
      vertex 0.18594 0.90044 -0.511834
      vertex 0.298591 1.11544 -0.511834
    endloop
  endfacet
  facet normal 0 0 1
    outer loop
      vertex 0.179209 1.11033 -0.511834
      vertex 0.0619888 0.89779 -0.511834
      vertex 0.18594 0.90044 -0.511834
    endloop
  endfacet
  facet normal -0 0 1
    outer loop
      vertex 0.0597448 1.10778 -0.511834
      vertex 0.0619888 0.89779 -0.511834
      vertex 0.179209 1.11033 -0.511834
    endloop
  endfacet
  facet normal 0 0 1
    outer loop
      vertex 0.0597448 1.10778 -0.511834
      vertex 2.10396e-08 0.89779 -0.511834
      vertex 0.0619888 0.89779 -0.511834
    endloop
  endfacet
  facet normal -0 0 1
    outer loop
      vertex -0.00994953 1.10778 -0.511834
      vertex 2.10396e-08 0.89779 -0.511834
      vertex 0.0597448 1.10778 -0.511834
    endloop
  endfacet
  facet normal 0 0 1
    outer loop
      vertex -0.0103197 0.89779 -0.511834
      vertex 2.10396e-08 0.89779 -0.511834
      vertex -0.00994953 1.10778 -0.511834
    endloop
  endfacet
  facet normal 0 0 1
    outer loop
      vertex 2.10396e-08 0.89779 -0.511834
      vertex -0.0103197 0.89779 -0.511834
      vertex 0 0.897459 -0.511834
    endloop
  endfacet
  facet normal 0 0 1
    outer loop
      vertex -0.00994953 1.10778 -0.511834
      vertex -0.0619888 0.89779 -0.511834
      vertex -0.0103197 0.89779 -0.511834
    endloop
  endfacet
  facet normal 0 0 1
    outer loop
      vertex -0.172389 1.11299 -0.511834
      vertex -0.0619888 0.89779 -0.511834
      vertex -0.00994953 1.10778 -0.511834
    endloop
  endfacet
  facet normal 0 0 1
    outer loop
      vertex -0.172389 1.11299 -0.511834
      vertex -0.18594 0.90044 -0.511834
      vertex -0.0619888 0.89779 -0.511834
    endloop
  endfacet
  facet normal 0 0 1
    outer loop
      vertex -0.172389 1.11299 -0.511834
      vertex -0.309805 0.905737 -0.511834
      vertex -0.18594 0.90044 -0.511834
    endloop
  endfacet
  facet normal 0 0 1
    outer loop
      vertex -0.34407 1.12955 -0.511834
      vertex -0.309805 0.905737 -0.511834
      vertex -0.172389 1.11299 -0.511834
    endloop
  endfacet
  facet normal 0 0 1
    outer loop
      vertex -0.34407 1.12955 -0.511834
      vertex -0.433529 0.913681 -0.511834
      vertex -0.309805 0.905737 -0.511834
    endloop
  endfacet
  facet normal 0 0 1
    outer loop
      vertex -0.514338 1.15708 -0.511834
      vertex -0.433529 0.913681 -0.511834
      vertex -0.34407 1.12955 -0.511834
    endloop
  endfacet
  facet normal 0 0 1
    outer loop
      vertex -0.514338 1.15708 -0.511834
      vertex -0.557055 0.924266 -0.511834
      vertex -0.433529 0.913681 -0.511834
    endloop
  endfacet
  facet normal 0 0 1
    outer loop
      vertex -0.514338 1.15708 -0.511834
      vertex -0.680326 0.937489 -0.511834
      vertex -0.557055 0.924266 -0.511834
    endloop
  endfacet
  facet normal 0 0 1
    outer loop
      vertex -0.682491 1.19546 -0.511834
      vertex -0.680326 0.937489 -0.511834
      vertex -0.514338 1.15708 -0.511834
    endloop
  endfacet
  facet normal 0 0 1
    outer loop
      vertex -0.682491 1.19546 -0.511834
      vertex -0.803288 0.953343 -0.511834
      vertex -0.680326 0.937489 -0.511834
    endloop
  endfacet
  facet normal 0 0 1
    outer loop
      vertex -0.84784 1.24453 -0.511834
      vertex -0.803288 0.953343 -0.511834
      vertex -0.682491 1.19546 -0.511834
    endloop
  endfacet
  facet normal 0 0 1
    outer loop
      vertex -0.84784 1.24453 -0.511834
      vertex -0.925881 0.971821 -0.511834
      vertex -0.803288 0.953343 -0.511834
    endloop
  endfacet
  facet normal 0 0 1
    outer loop
      vertex -1.04805 0.992915 -0.511834
      vertex -0.84784 1.24453 -0.511834
      vertex -1.00971 1.3041 -0.511834
    endloop
  endfacet
  facet normal 0 0 1
    outer loop
      vertex -0.84784 1.24453 -0.511834
      vertex -1.04805 0.992915 -0.511834
      vertex -0.925881 0.971821 -0.511834
    endloop
  endfacet
  facet normal 0 0 1
    outer loop
      vertex -1.16975 1.01661 -0.511834
      vertex -1.00971 1.3041 -0.511834
      vertex -1.16742 1.37392 -0.511834
    endloop
  endfacet
  facet normal 0 0 1
    outer loop
      vertex -1.00971 1.3041 -0.511834
      vertex -1.16975 1.01661 -0.511834
      vertex -1.04805 0.992915 -0.511834
    endloop
  endfacet
  facet normal 0 0 1
    outer loop
      vertex -1.16742 1.37392 -0.511834
      vertex -1.2909 1.04291 -0.511834
      vertex -1.16975 1.01661 -0.511834
    endloop
  endfacet
  facet normal 0 0 1
    outer loop
      vertex -1.48594 1.30863 -0.511834
      vertex -1.16742 1.37392 -0.511834
      vertex -1.32034 1.45369 -0.511834
    endloop
  endfacet
  facet normal 0 0 1
    outer loop
      vertex -1.16742 1.37392 -0.511834
      vertex -1.48594 1.30863 -0.511834
      vertex -1.2909 1.04291 -0.511834
    endloop
  endfacet
  facet normal 0 0 1
    outer loop
      vertex -1.48594 1.30863 -0.511834
      vertex -1.32034 1.45369 -0.511834
      vertex -1.46783 1.54311 -0.511834
    endloop
  endfacet
  facet normal 0 0 1
    outer loop
      vertex -1.2909 1.04291 -0.511834
      vertex -1.48594 1.30863 -0.511834
      vertex -1.41147 1.07179 -0.511834
    endloop
  endfacet
  facet normal 0 0 1
    outer loop
      vertex -1.48594 1.30863 -0.511834
      vertex -1.5314 1.10323 -0.511834
      vertex -1.41147 1.07179 -0.511834
    endloop
  endfacet
  facet normal 0 0 1
    outer loop
      vertex -1.48594 1.30863 -0.511834
      vertex -1.57031 1.11433 -0.511834
      vertex -1.5314 1.10323 -0.511834
    endloop
  endfacet
  facet normal 0 0 1
    outer loop
      vertex -1.59087 1.33856 -0.511834
      vertex -1.57031 1.11433 -0.511834
      vertex -1.48594 1.30863 -0.511834
    endloop
  endfacet
  facet normal 0 0 1
    outer loop
      vertex -1.59087 1.33856 -0.511834
      vertex -1.65062 1.13724 -0.511834
      vertex -1.57031 1.11433 -0.511834
    endloop
  endfacet
  facet normal 0 0 1
    outer loop
      vertex -1.59087 1.33856 -0.511834
      vertex -1.70204 1.1531 -0.511834
      vertex -1.65062 1.13724 -0.511834
    endloop
  endfacet
  facet normal 0 0 1
    outer loop
      vertex -1.7455 1.3153 -0.511834
      vertex -1.59087 1.33856 -0.511834
      vertex -1.70505 1.37378 -0.511834
    endloop
  endfacet
  facet normal 0 0 1
    outer loop
      vertex -1.59087 1.33856 -0.511834
      vertex -1.7455 1.3153 -0.511834
      vertex -1.70204 1.1531 -0.511834
    endloop
  endfacet
  facet normal 0 0 1
    outer loop
      vertex -1.70204 1.1531 -0.511834
      vertex -1.7455 1.3153 -0.511834
      vertex -1.78314 1.29357 -0.511834
    endloop
  endfacet
  facet normal 0 0 1
    outer loop
      vertex -1.81846 1.41143 -0.511834
      vertex -1.7455 1.3153 -0.511834
      vertex -1.70505 1.37378 -0.511834
    endloop
  endfacet
  facet normal 0 0 1
    outer loop
      vertex -2.01183 1.4055 -0.511834
      vertex -1.81846 1.41143 -0.511834
      vertex -1.90799 1.4433 -0.511834
    endloop
  endfacet
  facet normal 0 0 1
    outer loop
      vertex -1.81846 1.41143 -0.511834
      vertex -2.01183 1.4055 -0.511834
      vertex -1.7455 1.3153 -0.511834
    endloop
  endfacet
  facet normal 0 0 1
    outer loop
      vertex -1.5824 1.36711 -0.511834
      vertex -1.46783 1.54311 -0.511834
      vertex -1.52473 1.58279 -0.511834
    endloop
  endfacet
  facet normal 0 0 1
    outer loop
      vertex -1.46783 1.54311 -0.511834
      vertex -1.5824 1.36711 -0.511834
      vertex -1.48594 1.30863 -0.511834
    endloop
  endfacet
  facet normal 0 0 1
    outer loop
      vertex -1.52473 1.58279 -0.511834
      vertex -1.7349 1.47349 -0.511834
      vertex -1.5824 1.36711 -0.511834
    endloop
  endfacet
  facet normal 0 -0 1
    outer loop
      vertex -1.7349 1.47349 -0.511834
      vertex -1.52473 1.58279 -0.511834
      vertex -1.76315 1.49601 -0.511834
    endloop
  endfacet
  facet normal 0 0 1
    outer loop
      vertex 0 6.69873 -0.511834
      vertex 0 6.48873 -0.511834
      vertex 1.33514e-05 6.48873 -0.511834
    endloop
  endfacet
  facet normal -0 0 1
    outer loop
      vertex -2.65238 2.62397 -0.511834
      vertex -2.38901 2.56084 -0.511834
      vertex -2.46035 2.70897 -0.511834
    endloop
  endfacet
  facet normal 0 0 1
    outer loop
      vertex -2.65238 2.62397 -0.511834
      vertex -2.46035 2.70897 -0.511834
      vertex -2.52508 2.86884 -0.511834
    endloop
  endfacet
  facet normal 0 0 1
    outer loop
      vertex -2.38901 2.56084 -0.511834
      vertex -2.5717 2.45644 -0.511834
      vertex -2.51125 2.34911 -0.511834
    endloop
  endfacet
  facet normal -0 0 1
    outer loop
      vertex -2.77522 2.95615 -0.511834
      vertex -2.52508 2.86884 -0.511834
      vertex -2.57942 3.03253 -0.511834
    endloop
  endfacet
  facet normal 0 0 1
    outer loop
      vertex -2.63815 3.19357 -0.511834
      vertex -2.57942 3.03253 -0.511834
      vertex -2.62085 3.19052 -0.511834
    endloop
  endfacet
  facet normal 0 0 1
    outer loop
      vertex -2.57942 3.03253 -0.511834
      vertex -2.63815 3.19357 -0.511834
      vertex -2.77522 2.95615 -0.511834
    endloop
  endfacet
  facet normal 0 0 1
    outer loop
      vertex -2.38901 2.56084 -0.511834
      vertex -2.65238 2.62397 -0.511834
      vertex -2.5717 2.45644 -0.511834
    endloop
  endfacet
  facet normal 0 0 1
    outer loop
      vertex -2.52508 2.86884 -0.511834
      vertex -2.72215 2.79632 -0.511834
      vertex -2.65238 2.62397 -0.511834
    endloop
  endfacet
  facet normal 0 0 1
    outer loop
      vertex -2.52508 2.86884 -0.511834
      vertex -2.77522 2.95615 -0.511834
      vertex -2.72215 2.79632 -0.511834
    endloop
  endfacet
  facet normal -0.335356 -0.942091 -0
    outer loop
      vertex -1.81846 1.41143 -0.334748
      vertex -1.90799 1.4433 -0.511834
      vertex -1.81846 1.41143 -0.511834
    endloop
  endfacet
  facet normal -0.315065 -0.94907 -2.71231e-05
    outer loop
      vertex -1.81846 1.41143 -0.334748
      vertex -1.70505 1.37378 -0.298712
      vertex -1.8006 1.4055 -0.300595
    endloop
  endfacet
  facet normal -0.315073 -0.949068 0
    outer loop
      vertex -1.70505 1.37378 -0.511834
      vertex -1.81846 1.41143 -0.334748
      vertex -1.81846 1.41143 -0.511834
    endloop
  endfacet
  facet normal -0.315073 -0.949068 0
    outer loop
      vertex -1.81846 1.41143 -0.334748
      vertex -1.70505 1.37378 -0.511834
      vertex -1.70505 1.37378 -0.298712
    endloop
  endfacet
  facet normal -0.294756 -0.955572 0
    outer loop
      vertex -1.59087 1.33856 -0.511834
      vertex -1.70505 1.37378 -0.298712
      vertex -1.70505 1.37378 -0.511834
    endloop
  endfacet
  facet normal -0.294756 -0.955572 0
    outer loop
      vertex -1.70505 1.37378 -0.298712
      vertex -1.59087 1.33856 -0.511834
      vertex -1.59087 1.33856 -0.288521
    endloop
  endfacet
  facet normal 0.294739 0.955578 -0
    outer loop
      vertex -1.65062 1.13724 -0.511834
      vertex -1.70204 1.1531 -0.349633
      vertex -1.65062 1.13724 -0.310188
    endloop
  endfacet
  facet normal 0.294739 0.955578 0
    outer loop
      vertex -1.70204 1.1531 -0.349633
      vertex -1.65062 1.13724 -0.511834
      vertex -1.70204 1.1531 -0.511834
    endloop
  endfacet
  facet normal -0.274297 -0.961645 0
    outer loop
      vertex -1.48594 1.30863 -0.511834
      vertex -1.59087 1.33856 -0.288521
      vertex -1.59087 1.33856 -0.511834
    endloop
  endfacet
  facet normal -0.274297 -0.961645 0
    outer loop
      vertex -1.59087 1.33856 -0.288521
      vertex -1.48594 1.30863 -0.511834
      vertex -1.48594 1.30863 -0.271948
    endloop
  endfacet
  facet normal 0.274326 0.961637 -0
    outer loop
      vertex -1.57031 1.11433 -0.511834
      vertex -1.65062 1.13724 -0.310188
      vertex -1.57031 1.11433 -0.250197
    endloop
  endfacet
  facet normal 0.274326 0.961637 0
    outer loop
      vertex -1.65062 1.13724 -0.310188
      vertex -1.57031 1.11433 -0.511834
      vertex -1.65062 1.13724 -0.511834
    endloop
  endfacet
  facet normal 0.274329 0.961636 -0
    outer loop
      vertex -1.5314 1.10323 -0.511834
      vertex -1.57031 1.11433 -0.511834
      vertex -1.5314 1.10323 -0.403791
    endloop
  endfacet
  facet normal -0.272841 -0.957015 0.0983833
    outer loop
      vertex -1.57613 0.939791 -0.101947
      vertex -1.57928 0.940467 -0.104107
      vertex -1.57701 0.93655 -0.135914
    endloop
  endfacet
  facet normal 0.253452 0.967348 7.38994e-05
    outer loop
      vertex -1.41147 1.07179 -0.133931
      vertex -1.5037 1.09597 -0.331623
      vertex -1.42204 1.07456 -0.141614
    endloop
  endfacet
  facet normal 0.2536 0.967309 -0
    outer loop
      vertex -1.41147 1.07179 -0.511834
      vertex -1.5037 1.09597 -0.331623
      vertex -1.41147 1.07179 -0.133931
    endloop
  endfacet
  facet normal 0.253677 0.967289 4.22058e-05
    outer loop
      vertex -1.5037 1.09597 -0.331623
      vertex -1.41147 1.07179 -0.511834
      vertex -1.51948 1.10011 -0.36833
    endloop
  endfacet
  facet normal 0.253498 0.967336 -0.000101819
    outer loop
      vertex -1.51948 1.10011 -0.36833
      vertex -1.41147 1.07179 -0.511834
      vertex -1.5314 1.10323 -0.403791
    endloop
  endfacet
  facet normal 0.253584 0.967313 0
    outer loop
      vertex -1.5314 1.10323 -0.403791
      vertex -1.41147 1.07179 -0.511834
      vertex -1.5314 1.10323 -0.511834
    endloop
  endfacet
  facet normal -0.25234 -0.962624 0.0983873
    outer loop
      vertex -1.57701 0.93655 -0.135914
      vertex -1.55162 0.935039 -0.0855784
      vertex -1.57613 0.939791 -0.101947
    endloop
  endfacet
  facet normal -0.252444 -0.962591 0.0984411
    outer loop
      vertex -1.55162 0.935039 -0.0855784
      vertex -1.57701 0.93655 -0.135914
      vertex -1.56731 0.919735 -0.275462
    endloop
  endfacet
  facet normal -0.252424 -0.962596 0.0984398
    outer loop
      vertex -1.56731 0.919735 -0.275462
      vertex -1.45068 0.915464 -0.0181582
      vertex -1.55162 0.935039 -0.0855784
    endloop
  endfacet
  facet normal -0.252423 -0.962597 0.098437
    outer loop
      vertex -1.46257 0.868097 -0.511834
      vertex -1.56731 0.919735 -0.275462
      vertex -1.55445 0.89746 -0.460308
    endloop
  endfacet
  facet normal -0.252421 -0.962597 0.0984384
    outer loop
      vertex -1.56731 0.919735 -0.275462
      vertex -1.46257 0.868097 -0.511834
      vertex -1.45068 0.915464 -0.0181582
    endloop
  endfacet
  facet normal -0.252431 -0.962596 0.098423
    outer loop
      vertex -1.46257 0.868097 -0.511834
      vertex -1.55445 0.89746 -0.460308
      vertex -1.57454 0.89746 -0.511834
    endloop
  endfacet
  facet normal 0.253717 0.967278 0
    outer loop
      vertex -1.53773 0.887807 -0.0377275
      vertex -1.55086 0.891251 -0.0508611
      vertex -1.55086 0.891251 -0.0472769
    endloop
  endfacet
  facet normal 0.25371 0.96728 7.87811e-06
    outer loop
      vertex -1.46257 0.868097 -0.511834
      vertex -1.55086 0.891251 -0.0508611
      vertex -1.53773 0.887807 -0.0377275
    endloop
  endfacet
  facet normal 0.253663 0.967293 -0
    outer loop
      vertex -1.46257 0.868097 -0.511834
      vertex -1.53773 0.887807 -0.0377275
      vertex -1.46257 0.868097 0.0374336
    endloop
  endfacet
  facet normal 0.253637 0.967299 -6.99909e-06
    outer loop
      vertex -1.55086 0.891251 -0.0508611
      vertex -1.46257 0.868097 -0.511834
      vertex -1.57454 0.89746 -0.0745388
    endloop
  endfacet
  facet normal 0.253663 0.967293 0
    outer loop
      vertex -1.57454 0.89746 -0.0745388
      vertex -1.46257 0.868097 -0.511834
      vertex -1.57454 0.89746 -0.511834
    endloop
  endfacet
  facet normal 0.23294 0.972491 -0
    outer loop
      vertex -1.2909 1.04291 -0.511834
      vertex -1.41147 1.07179 -0.133931
      vertex -1.2909 1.04291 -0.0486378
    endloop
  endfacet
  facet normal 0.23294 0.972491 0
    outer loop
      vertex -1.41147 1.07179 -0.133931
      vertex -1.2909 1.04291 -0.511834
      vertex -1.41147 1.07179 -0.511834
    endloop
  endfacet
  facet normal -0.231821 -0.967765 0.098438
    outer loop
      vertex -1.45068 0.915464 -0.0181582
      vertex -1.46257 0.868097 -0.511834
      vertex -1.42109 0.910333 0.00108223
    endloop
  endfacet
  facet normal -0.231781 -0.967775 0.0984356
    outer loop
      vertex -1.33763 0.838174 -0.511834
      vertex -1.42109 0.910333 0.00108223
      vertex -1.46257 0.868097 -0.511834
    endloop
  endfacet
  facet normal -0.231782 -0.967775 0.0984354
    outer loop
      vertex -1.42109 0.910333 0.00108223
      vertex -1.33763 0.838174 -0.511834
      vertex -1.34684 0.89746 0.0493541
    endloop
  endfacet
  facet normal -0.231829 -0.967763 0.0984335
    outer loop
      vertex -1.34684 0.89746 0.0493541
      vertex -1.33763 0.838174 -0.511834
      vertex -1.3241 0.89746 0.102911
    endloop
  endfacet
  facet normal 0.232912 0.972498 -0
    outer loop
      vertex -1.33763 0.838174 -0.511834
      vertex -1.46257 0.868097 0.0374336
      vertex -1.33763 0.838174 0.162367
    endloop
  endfacet
  facet normal 0.232912 0.972498 0
    outer loop
      vertex -1.46257 0.868097 0.0374336
      vertex -1.33763 0.838174 -0.511834
      vertex -1.46257 0.868097 -0.511834
    endloop
  endfacet
  facet normal 0.212145 0.977238 -0
    outer loop
      vertex -1.16975 1.01661 -0.511834
      vertex -1.2909 1.04291 -0.0486378
      vertex -1.16975 1.01661 0.0347134
    endloop
  endfacet
  facet normal 0.212145 0.977238 0
    outer loop
      vertex -1.2909 1.04291 -0.0486378
      vertex -1.16975 1.01661 -0.511834
      vertex -1.2909 1.04291 -0.511834
    endloop
  endfacet
  facet normal -0.211051 -0.972506 0.0984335
    outer loop
      vertex -1.3241 0.89746 0.102911
      vertex -1.33763 0.838174 -0.511834
      vertex -1.28185 0.89746 0.193499
    endloop
  endfacet
  facet normal -0.211014 -0.972518 0.098401
    outer loop
      vertex -1.28185 0.89746 0.193499
      vertex -1.19581 0.889991 0.304188
      vertex -1.26031 0.89746 0.23969
    endloop
  endfacet
  facet normal -0.21107 -0.972502 0.0984347
    outer loop
      vertex -1.21209 0.810927 -0.511834
      vertex -1.28185 0.89746 0.193499
      vertex -1.33763 0.838174 -0.511834
    endloop
  endfacet
  facet normal -0.211058 -0.972504 0.0984362
    outer loop
      vertex -1.28185 0.89746 0.193499
      vertex -1.21209 0.810927 -0.511834
      vertex -1.19581 0.889991 0.304188
    endloop
  endfacet
  facet normal 0.2121 0.977248 -0
    outer loop
      vertex -1.21209 0.810927 -0.511834
      vertex -1.33763 0.838174 0.162367
      vertex -1.21209 0.810927 0.287911
    endloop
  endfacet
  facet normal 0.2121 0.977248 0
    outer loop
      vertex -1.33763 0.838174 0.162367
      vertex -1.21209 0.810927 -0.511834
      vertex -1.33763 0.838174 -0.511834
    endloop
  endfacet
  facet normal 0.191111 0.981568 -0
    outer loop
      vertex -1.04805 0.992915 -0.511834
      vertex -1.16975 1.01661 0.0347134
      vertex -1.04805 0.992915 0.116084
    endloop
  endfacet
  facet normal 0.191111 0.981568 0
    outer loop
      vertex -1.16975 1.01661 0.0347134
      vertex -1.04805 0.992915 -0.511834
      vertex -1.16975 1.01661 -0.511834
    endloop
  endfacet
  facet normal -0.190246 -0.976789 0.0984361
    outer loop
      vertex -1.19581 0.889991 0.304188
      vertex -1.21209 0.810927 -0.511834
      vertex -1.14512 0.885227 0.354882
    endloop
  endfacet
  facet normal -0.190223 -0.976794 0.0984348
    outer loop
      vertex -1.08599 0.78637 -0.511834
      vertex -1.14512 0.885227 0.354882
      vertex -1.21209 0.810927 -0.511834
    endloop
  endfacet
  facet normal -0.190219 -0.976794 0.0984352
    outer loop
      vertex -1.14512 0.885227 0.354882
      vertex -1.08599 0.78637 -0.511834
      vertex -1.06914 0.878087 0.430856
    endloop
  endfacet
  facet normal 0.191151 0.981561 -0
    outer loop
      vertex -1.08599 0.78637 -0.511834
      vertex -1.21209 0.810927 0.287911
      vertex -1.08599 0.78637 0.414009
    endloop
  endfacet
  facet normal 0.191151 0.981561 0
    outer loop
      vertex -1.21209 0.810927 0.287911
      vertex -1.08599 0.78637 -0.511834
      vertex -1.21209 0.810927 -0.511834
    endloop
  endfacet
  facet normal 0.170165 0.985415 2.11634e-05
    outer loop
      vertex -0.925881 0.971821 -0.00648359
      vertex -1.04805 0.992915 0.116084
      vertex -1.02014 0.988095 0.134215
    endloop
  endfacet
  facet normal 0.170145 0.985419 0
    outer loop
      vertex -1.04805 0.992915 -0.511834
      vertex -0.925881 0.971821 -0.00648359
      vertex -0.925881 0.971821 -0.511834
    endloop
  endfacet
  facet normal 0.170145 0.985419 0
    outer loop
      vertex -0.925881 0.971821 -0.00648359
      vertex -1.04805 0.992915 -0.511834
      vertex -1.04805 0.992915 0.116084
    endloop
  endfacet
  facet normal -0.169463 -0.980617 0.0983547
    outer loop
      vertex -1.06914 0.878087 0.430856
      vertex -1.02146 0.861117 0.343813
      vertex -1.06719 0.877946 0.43281
    endloop
  endfacet
  facet normal -0.169322 -0.980633 0.0984351
    outer loop
      vertex -1.02146 0.861117 0.343813
      vertex -1.06914 0.878087 0.430856
      vertex -1.08599 0.78637 -0.511834
    endloop
  endfacet
  facet normal -0.169318 -0.980633 0.0984349
    outer loop
      vertex -1.08599 0.78637 -0.511834
      vertex -0.980186 0.845928 0.263492
      vertex -1.02146 0.861117 0.343813
    endloop
  endfacet
  facet normal -0.169308 -0.980635 0.0984336
    outer loop
      vertex -1.08599 0.78637 -0.511834
      vertex -0.947789 0.836313 0.223427
      vertex -0.980186 0.845928 0.263492
    endloop
  endfacet
  facet normal -0.169312 -0.980635 0.0984343
    outer loop
      vertex -0.947789 0.836313 0.223427
      vertex -1.08599 0.78637 -0.511834
      vertex -0.959397 0.764513 -0.511834
    endloop
  endfacet
  facet normal 0.170138 0.98542 -0
    outer loop
      vertex -0.959397 0.764513 -0.511834
      vertex -1.08599 0.78637 0.414009
      vertex -0.959397 0.764513 0.540603
    endloop
  endfacet
  facet normal 0.170138 0.98542 0
    outer loop
      vertex -1.08599 0.78637 0.414009
      vertex -0.959397 0.764513 -0.511834
      vertex -1.08599 0.78637 -0.511834
    endloop
  endfacet
  facet normal 0.149043 0.988831 0
    outer loop
      vertex -0.925881 0.971821 -0.511834
      vertex -0.803288 0.953343 -0.195505
      vertex -0.803288 0.953343 -0.511834
    endloop
  endfacet
  facet normal 0.149043 0.988831 0
    outer loop
      vertex -0.803288 0.953343 -0.195505
      vertex -0.925881 0.971821 -0.511834
      vertex -0.925881 0.971821 -0.00648359
    endloop
  endfacet
  facet normal -0.14832 -0.984028 0.0984343
    outer loop
      vertex -0.947789 0.836313 0.223427
      vertex -0.959397 0.764513 -0.511834
      vertex -0.909447 0.824933 0.167437
    endloop
  endfacet
  facet normal -0.148322 -0.984028 0.0984344
    outer loop
      vertex -0.959397 0.764513 -0.511834
      vertex -0.824756 0.799797 0.0437709
      vertex -0.909447 0.824933 0.167437
    endloop
  endfacet
  facet normal -0.14832 -0.984028 0.0984339
    outer loop
      vertex -0.824756 0.799797 0.0437709
      vertex -0.959397 0.764513 -0.511834
      vertex -0.832366 0.745366 -0.511834
    endloop
  endfacet
  facet normal 0.149043 0.988831 -0
    outer loop
      vertex -0.832366 0.745366 -0.511834
      vertex -0.959397 0.764513 0.540603
      vertex -0.832366 0.745366 0.667634
    endloop
  endfacet
  facet normal 0.149043 0.988831 0
    outer loop
      vertex -0.959397 0.764513 0.540603
      vertex -0.832366 0.745366 -0.511834
      vertex -0.959397 0.764513 -0.511834
    endloop
  endfacet
  facet normal 0.127876 0.99179 0
    outer loop
      vertex -0.803288 0.953343 -0.511834
      vertex -0.680326 0.937489 -0.39109
      vertex -0.680326 0.937489 -0.511834
    endloop
  endfacet
  facet normal 0.127876 0.99179 0
    outer loop
      vertex -0.680326 0.937489 -0.39109
      vertex -0.803288 0.953343 -0.511834
      vertex -0.803288 0.953343 -0.195505
    endloop
  endfacet
  facet normal -0.127237 -0.986976 0.0984339
    outer loop
      vertex -0.824756 0.799797 0.0437709
      vertex -0.832366 0.745366 -0.511834
      vertex -0.796036 0.791274 -0.00456361
    endloop
  endfacet
  facet normal -0.127315 -0.986965 0.0984386
    outer loop
      vertex -0.832366 0.745366 -0.511834
      vertex -0.789026 0.789193 -0.0163618
      vertex -0.796036 0.791274 -0.00456361
    endloop
  endfacet
  facet normal -0.127257 -0.986973 0.0984341
    outer loop
      vertex -0.832366 0.745366 -0.511834
      vertex -0.700232 0.768926 -0.10478
      vertex -0.789026 0.789193 -0.0163618
    endloop
  endfacet
  facet normal -0.127256 -0.986973 0.0984341
    outer loop
      vertex -0.700232 0.768926 -0.10478
      vertex -0.832366 0.745366 -0.511834
      vertex -0.704954 0.728938 -0.511834
    endloop
  endfacet
  facet normal 0.127877 0.99179 -0
    outer loop
      vertex -0.704954 0.728938 -0.511834
      vertex -0.832366 0.745366 0.667634
      vertex -0.704954 0.728938 0.795046
    endloop
  endfacet
  facet normal 0.127877 0.99179 0
    outer loop
      vertex -0.832366 0.745366 0.667634
      vertex -0.704954 0.728938 -0.511834
      vertex -0.832366 0.745366 -0.511834
    endloop
  endfacet
  facet normal 0.106641 0.994298 0
    outer loop
      vertex -0.557055 0.924266 -0.477911
      vertex -0.557055 0.924266 -0.511834
      vertex -0.606676 0.929588 -0.511816
    endloop
  endfacet
  facet normal 0.106666 0.994295 0
    outer loop
      vertex -0.606676 0.929588 -0.511816
      vertex -0.680326 0.937489 -0.511834
      vertex -0.680326 0.937489 -0.39109
    endloop
  endfacet
  facet normal 0.106569 0.993484 0.0403957
    outer loop
      vertex -0.680326 0.937489 -0.511834
      vertex -0.606676 0.929588 -0.511816
      vertex -0.557055 0.924266 -0.511834
    endloop
  endfacet
  facet normal -0.106114 -0.98947 0.0984341
    outer loop
      vertex -0.700232 0.768926 -0.10478
      vertex -0.704954 0.728938 -0.511834
      vertex -0.678442 0.763953 -0.131279
    endloop
  endfacet
  facet normal -0.106134 -0.989468 0.0984352
    outer loop
      vertex -0.704954 0.728938 -0.511834
      vertex -0.594625 0.744822 -0.233211
      vertex -0.678442 0.763953 -0.131279
    endloop
  endfacet
  facet normal -0.106136 -0.989467 0.098436
    outer loop
      vertex -0.704954 0.728938 -0.511834
      vertex -0.574677 0.741597 -0.24412
      vertex -0.594625 0.744822 -0.233211
    endloop
  endfacet
  facet normal -0.106132 -0.989468 0.0984344
    outer loop
      vertex -0.574677 0.741597 -0.24412
      vertex -0.704954 0.728938 -0.511834
      vertex -0.57722 0.715237 -0.511834
    endloop
  endfacet
  facet normal 0.10665 0.994297 -0
    outer loop
      vertex -0.57722 0.715237 -0.511834
      vertex -0.704954 0.728938 0.795046
      vertex -0.57722 0.715237 0.92278
    endloop
  endfacet
  facet normal 0.10665 0.994297 0
    outer loop
      vertex -0.704954 0.728938 0.795046
      vertex -0.57722 0.715237 -0.511834
      vertex -0.704954 0.728938 -0.511834
    endloop
  endfacet
  facet normal 0.0853776 0.996349 -0
    outer loop
      vertex -0.433529 0.913681 -0.511834
      vertex -0.557055 0.924266 -0.477911
      vertex -0.433529 0.913681 -0.385636
    endloop
  endfacet
  facet normal 0.0853776 0.996349 0
    outer loop
      vertex -0.557055 0.924266 -0.477911
      vertex -0.433529 0.913681 -0.511834
      vertex -0.557055 0.924266 -0.511834
    endloop
  endfacet
  facet normal -0.0850036 -0.991506 0.0984344
    outer loop
      vertex -0.574677 0.741597 -0.24412
      vertex -0.57722 0.715237 -0.511834
      vertex -0.559867 0.739202 -0.255455
    endloop
  endfacet
  facet normal -0.0849725 -0.991509 0.0984326
    outer loop
      vertex -0.57722 0.715237 -0.511834
      vertex -0.44796 0.72111 -0.341091
      vertex -0.559867 0.739202 -0.255455
    endloop
  endfacet
  facet normal -0.0849697 -0.99151 0.0984305
    outer loop
      vertex -0.44796 0.72111 -0.341091
      vertex -0.57722 0.715237 -0.511834
      vertex -0.449223 0.704268 -0.511834
    endloop
  endfacet
  facet normal 0.0853844 0.996348 -0
    outer loop
      vertex -0.449223 0.704268 -0.511834
      vertex -0.57722 0.715237 0.92278
      vertex -0.449223 0.704268 1.05078
    endloop
  endfacet
  facet normal 0.0853844 0.996348 0
    outer loop
      vertex -0.57722 0.715237 0.92278
      vertex -0.449223 0.704268 -0.511834
      vertex -0.57722 0.715237 -0.511834
    endloop
  endfacet
  facet normal 0.0640755 0.997945 -0
    outer loop
      vertex -0.309805 0.905737 -0.511834
      vertex -0.433529 0.913681 -0.385636
      vertex -0.309805 0.905737 -0.285367
    endloop
  endfacet
  facet normal 0.0640755 0.997945 0
    outer loop
      vertex -0.433529 0.913681 -0.385636
      vertex -0.309805 0.905737 -0.511834
      vertex -0.433529 0.913681 -0.511834
    endloop
  endfacet
  facet normal -0.063753 -0.9931 0.0984304
    outer loop
      vertex -0.44796 0.72111 -0.341091
      vertex -0.449223 0.704268 -0.511834
      vertex -0.438613 0.719599 -0.350282
    endloop
  endfacet
  facet normal -0.0637641 -0.993099 0.0984311
    outer loop
      vertex -0.449223 0.704268 -0.511834
      vertex -0.397779 0.712997 -0.390439
      vertex -0.438613 0.719599 -0.350282
    endloop
  endfacet
  facet normal -0.0637593 -0.993099 0.0984291
    outer loop
      vertex -0.321019 0.696037 -0.511834
      vertex -0.397779 0.712997 -0.390439
      vertex -0.449223 0.704268 -0.511834
    endloop
  endfacet
  facet normal -0.0637403 -0.993099 0.0984411
    outer loop
      vertex -0.397779 0.712997 -0.390439
      vertex -0.321019 0.696037 -0.511834
      vertex -0.320511 0.705544 -0.415596
    endloop
  endfacet
  facet normal 0.0640705 0.997945 -0
    outer loop
      vertex -0.321019 0.696037 -0.511834
      vertex -0.449223 0.704268 1.05078
      vertex -0.321019 0.696037 1.17898
    endloop
  endfacet
  facet normal 0.0640705 0.997945 0
    outer loop
      vertex -0.449223 0.704268 1.05078
      vertex -0.321019 0.696037 -0.511834
      vertex -0.449223 0.704268 -0.511834
    endloop
  endfacet
  facet normal 0.0427253 0.999087 -0
    outer loop
      vertex -0.18594 0.90044 -0.511834
      vertex -0.309805 0.905737 -0.285367
      vertex -0.18594 0.90044 -0.177141
    endloop
  endfacet
  facet normal 0.0427253 0.999087 0
    outer loop
      vertex -0.309805 0.905737 -0.285367
      vertex -0.18594 0.90044 -0.511834
      vertex -0.309805 0.905737 -0.511834
    endloop
  endfacet
  facet normal -0.0425877 -0.994231 0.0984413
    outer loop
      vertex -0.320511 0.705544 -0.415596
      vertex -0.321019 0.696037 -0.511834
      vertex -0.315083 0.70502 -0.41854
    endloop
  endfacet
  facet normal -0.0425167 -0.994235 0.0984371
    outer loop
      vertex -0.315083 0.70502 -0.41854
      vertex -0.321019 0.696037 -0.511834
      vertex -0.199299 0.693851 -0.48134
    endloop
  endfacet
  facet normal -0.0425196 -0.994233 0.0984486
    outer loop
      vertex -0.19267 0.690548 -0.511834
      vertex -0.199299 0.693851 -0.48134
      vertex -0.321019 0.696037 -0.511834
    endloop
  endfacet
  facet normal -0.0425565 -0.994233 0.0984404
    outer loop
      vertex -0.199299 0.693851 -0.48134
      vertex -0.19267 0.690548 -0.511834
      vertex -0.192571 0.693635 -0.480613
    endloop
  endfacet
  facet normal 0.0427272 0.999087 -0
    outer loop
      vertex -0.19267 0.690548 -0.511834
      vertex -0.321019 0.696037 1.17898
      vertex -0.19267 0.690548 1.30733
    endloop
  endfacet
  facet normal 0.0427272 0.999087 0
    outer loop
      vertex -0.321019 0.696037 1.17898
      vertex -0.19267 0.690548 -0.511834
      vertex -0.321019 0.696037 -0.511834
    endloop
  endfacet
  facet normal 0.0213745 0.999772 -0
    outer loop
      vertex -0.0619888 0.89779 -0.511834
      vertex -0.18594 0.90044 -0.177141
      vertex -0.0619888 0.89779 -0.0610146
    endloop
  endfacet
  facet normal 0.0213745 0.999772 0
    outer loop
      vertex -0.18594 0.90044 -0.177141
      vertex -0.0619888 0.89779 -0.511834
      vertex -0.18594 0.90044 -0.511834
    endloop
  endfacet
  facet normal -0.0212098 -0.994917 0.0984404
    outer loop
      vertex -0.192571 0.693635 -0.480613
      vertex -0.19267 0.690548 -0.511834
      vertex -0.19076 0.693577 -0.480809
    endloop
  endfacet
  facet normal -0.021271 -0.994915 0.098444
    outer loop
      vertex -0.19267 0.690548 -0.511834
      vertex -0.0642145 0.689518 -0.494488
      vertex -0.19076 0.693577 -0.480809
    endloop
  endfacet
  facet normal -0.0212714 -0.994915 0.0984471
    outer loop
      vertex -0.0642145 0.689518 -0.494488
      vertex -0.19267 0.690548 -0.511834
      vertex -0.0642328 0.687802 -0.511834
    endloop
  endfacet
  facet normal 0.0213752 0.999772 -0
    outer loop
      vertex -0.0642328 0.687802 -0.511834
      vertex -0.19267 0.690548 1.30733
      vertex -0.0642328 0.687802 1.43577
    endloop
  endfacet
  facet normal 0.0213752 0.999772 0
    outer loop
      vertex -0.19267 0.690548 1.30733
      vertex -0.0642328 0.687802 -0.511834
      vertex -0.19267 0.690548 -0.511834
    endloop
  endfacet
  facet normal 0 -1 0
    outer loop
      vertex -0.00994953 1.10778 0.611019
      vertex 0.0597448 1.10778 0.561224
      vertex 0 1.10778 0.620969
    endloop
  endfacet
  facet normal 0 -1 0
    outer loop
      vertex -0.00994953 1.10778 -0.511834
      vertex 0.0597448 1.10778 0.561224
      vertex -0.00994953 1.10778 0.611019
    endloop
  endfacet
  facet normal 0 -1 -0
    outer loop
      vertex 0.0597448 1.10778 0.561224
      vertex -0.00994953 1.10778 -0.511834
      vertex 0.0597448 1.10778 -0.511834
    endloop
  endfacet
  facet normal 0 1 -0
    outer loop
      vertex -0.0103197 0.89779 -0.511834
      vertex -0.0619888 0.89779 -0.0610146
      vertex -0.0103197 0.89779 -0.00934544
    endloop
  endfacet
  facet normal 0 1 0
    outer loop
      vertex -0.0619888 0.89779 -0.0610146
      vertex -0.0103197 0.89779 -0.511834
      vertex -0.0619888 0.89779 -0.511834
    endloop
  endfacet
  facet normal 0 1 0
    outer loop
      vertex 2.10396e-08 0.89779 -0.511834
      vertex 0.0619888 0.89779 -0.0610146
      vertex 0.0619888 0.89779 -0.511834
    endloop
  endfacet
  facet normal 0 1 0
    outer loop
      vertex 0.0619888 0.89779 -0.0610146
      vertex 2.10396e-08 0.89779 -0.511834
      vertex 2.10396e-08 0.89779 0.000974224
    endloop
  endfacet
  facet normal 0 -0.995142 0.0984471
    outer loop
      vertex -0.0642145 0.689518 -0.494488
      vertex -0.0642328 0.687802 -0.511834
      vertex -0.010718 0.687802 -0.511834
    endloop
  endfacet
  facet normal 6.89556e-06 -0.995142 0.0984487
    outer loop
      vertex -0.0103426 0.885779 1.48966
      vertex 0.062172 0.880652 1.43783
      vertex 0 0.886802 1.5
    endloop
  endfacet
  facet normal -3.45873e-06 -0.995144 0.0984343
    outer loop
      vertex -0.0106967 0.699874 -0.389788
      vertex 0.062172 0.880652 1.43783
      vertex -0.0103426 0.885779 1.48966
    endloop
  endfacet
  facet normal 0 -0.995144 0.0984332
    outer loop
      vertex 0.0642328 0.687802 -0.511834
      vertex -0.0106967 0.699874 -0.389788
      vertex -0.010718 0.687802 -0.511834
    endloop
  endfacet
  facet normal 1.55098e-06 -0.995144 0.0984341
    outer loop
      vertex -0.0106967 0.699874 -0.389788
      vertex 0.0642328 0.687802 -0.511834
      vertex 0.062172 0.880652 1.43783
    endloop
  endfacet
  facet normal 0 1 -0
    outer loop
      vertex -0.010718 0.687802 -0.511834
      vertex -0.0642328 0.687802 1.43577
      vertex -0.010718 0.687802 1.48928
    endloop
  endfacet
  facet normal 0 1 0
    outer loop
      vertex -0.0642328 0.687802 1.43577
      vertex -0.010718 0.687802 -0.511834
      vertex -0.0642328 0.687802 -0.511834
    endloop
  endfacet
  facet normal 0 1 0
    outer loop
      vertex 0.0642328 0.687802 1.43577
      vertex -1.33296e-05 0.687802 1.49999
      vertex 0 0.687802 1.5
    endloop
  endfacet
  facet normal 0 1 0
    outer loop
      vertex 0.0642328 0.687802 1.43577
      vertex -1.33296e-05 0.687802 -0.508363
      vertex -1.33296e-05 0.687802 1.49999
    endloop
  endfacet
  facet normal 0 1 -0
    outer loop
      vertex 0.0642328 0.687802 -0.511834
      vertex -1.33296e-05 0.687802 -0.508363
      vertex 0.0642328 0.687802 1.43577
    endloop
  endfacet
  facet normal 0 1 0
    outer loop
      vertex 0.0642328 0.687802 -0.511834
      vertex -0.000308776 0.687802 -0.508459
      vertex -1.33296e-05 0.687802 -0.508363
    endloop
  endfacet
  facet normal 0 1 0
    outer loop
      vertex -0.000308776 0.687802 -0.508459
      vertex 0.0642328 0.687802 -0.511834
      vertex -0.010718 0.687802 -0.511834
    endloop
  endfacet
  facet normal 0.0213404 -0.999772 0
    outer loop
      vertex 0.0597448 1.10778 -0.511834
      vertex 0.179209 1.11033 0.449298
      vertex 0.0597448 1.10778 0.561224
    endloop
  endfacet
  facet normal 0.0213404 -0.999772 0
    outer loop
      vertex 0.179209 1.11033 0.449298
      vertex 0.0597448 1.10778 -0.511834
      vertex 0.179209 1.11033 -0.511834
    endloop
  endfacet
  facet normal -0.0213745 0.999772 0
    outer loop
      vertex 0.0619888 0.89779 -0.511834
      vertex 0.18594 0.90044 -0.177141
      vertex 0.18594 0.90044 -0.511834
    endloop
  endfacet
  facet normal -0.0213745 0.999772 0
    outer loop
      vertex 0.18594 0.90044 -0.177141
      vertex 0.0619888 0.89779 -0.511834
      vertex 0.0619888 0.89779 -0.0610146
    endloop
  endfacet
  facet normal 0.0212781 -0.994916 0.0984341
    outer loop
      vertex 0.169835 0.872303 1.33017
      vertex 0.062172 0.880652 1.43783
      vertex 0.0642328 0.687802 -0.511834
    endloop
  endfacet
  facet normal 0.0212369 -0.994917 0.0984365
    outer loop
      vertex 0.0642328 0.687802 -0.511834
      vertex 0.186884 0.87098 1.31312
      vertex 0.169835 0.872303 1.33017
    endloop
  endfacet
  facet normal 0.0212714 -0.994916 0.0984342
    outer loop
      vertex 0.186884 0.87098 1.31312
      vertex 0.0642328 0.687802 -0.511834
      vertex 0.19267 0.690548 -0.511834
    endloop
  endfacet
  facet normal -0.0213752 0.999772 0
    outer loop
      vertex 0.0642328 0.687802 -0.511834
      vertex 0.19267 0.690548 1.30733
      vertex 0.19267 0.690548 -0.511834
    endloop
  endfacet
  facet normal -0.0213752 0.999772 0
    outer loop
      vertex 0.19267 0.690548 1.30733
      vertex 0.0642328 0.687802 -0.511834
      vertex 0.0642328 0.687802 1.43577
    endloop
  endfacet
  facet normal 0.0427646 -0.999085 0
    outer loop
      vertex 0.179209 1.11033 -0.511834
      vertex 0.298591 1.11544 0.344991
      vertex 0.179209 1.11033 0.449298
    endloop
  endfacet
  facet normal 0.0427646 -0.999085 0
    outer loop
      vertex 0.298591 1.11544 0.344991
      vertex 0.179209 1.11033 -0.511834
      vertex 0.298591 1.11544 -0.511834
    endloop
  endfacet
  facet normal -0.0427253 0.999087 0
    outer loop
      vertex 0.18594 0.90044 -0.511834
      vertex 0.309805 0.905737 -0.285367
      vertex 0.309805 0.905737 -0.511834
    endloop
  endfacet
  facet normal -0.0427253 0.999087 0
    outer loop
      vertex 0.309805 0.905737 -0.285367
      vertex 0.18594 0.90044 -0.511834
      vertex 0.18594 0.90044 -0.177141
    endloop
  endfacet
  facet normal 0.0425291 -0.994234 0.0984341
    outer loop
      vertex 0.287796 0.865305 1.2122
      vertex 0.186884 0.87098 1.31312
      vertex 0.19267 0.690548 -0.511834
    endloop
  endfacet
  facet normal 0.0424835 -0.994236 0.0984368
    outer loop
      vertex 0.19267 0.690548 -0.511834
      vertex 0.31204 0.863941 1.18796
      vertex 0.287796 0.865305 1.2122
    endloop
  endfacet
  facet normal 0.0425197 -0.994235 0.0984342
    outer loop
      vertex 0.31204 0.863941 1.18796
      vertex 0.19267 0.690548 -0.511834
      vertex 0.321019 0.696037 -0.511834
    endloop
  endfacet
  facet normal -0.0427272 0.999087 0
    outer loop
      vertex 0.19267 0.690548 -0.511834
      vertex 0.321019 0.696037 1.17898
      vertex 0.321019 0.696037 -0.511834
    endloop
  endfacet
  facet normal -0.0427272 0.999087 0
    outer loop
      vertex 0.321019 0.696037 1.17898
      vertex 0.19267 0.690548 -0.511834
      vertex 0.19267 0.690548 1.30733
    endloop
  endfacet
  facet normal 0.0640226 -0.997948 0
    outer loop
      vertex 0.298591 1.11544 -0.511834
      vertex 0.417835 1.12309 0.248351
      vertex 0.298591 1.11544 0.344991
    endloop
  endfacet
  facet normal 0.0640226 -0.997948 0
    outer loop
      vertex 0.417835 1.12309 0.248351
      vertex 0.298591 1.11544 -0.511834
      vertex 0.417835 1.12309 -0.511834
    endloop
  endfacet
  facet normal -0.0640755 0.997945 0
    outer loop
      vertex 0.309805 0.905737 -0.511834
      vertex 0.433529 0.913681 -0.385636
      vertex 0.433529 0.913681 -0.511834
    endloop
  endfacet
  facet normal -0.0640755 0.997945 0
    outer loop
      vertex 0.433529 0.913681 -0.385636
      vertex 0.309805 0.905737 -0.511834
      vertex 0.309805 0.905737 -0.285367
    endloop
  endfacet
  facet normal 0.0637699 -0.993098 0.0984341
    outer loop
      vertex 0.406118 0.860657 1.09388
      vertex 0.31204 0.863941 1.18796
      vertex 0.321019 0.696037 -0.511834
    endloop
  endfacet
  facet normal 0.0637301 -0.993101 0.0984365
    outer loop
      vertex 0.321019 0.696037 -0.511834
      vertex 0.437585 0.859558 1.06242
      vertex 0.406118 0.860657 1.09388
    endloop
  endfacet
  facet normal 0.0637593 -0.993099 0.0984342
    outer loop
      vertex 0.437585 0.859558 1.06242
      vertex 0.321019 0.696037 -0.511834
      vertex 0.449223 0.704268 -0.511834
    endloop
  endfacet
  facet normal -0.0640705 0.997945 0
    outer loop
      vertex 0.321019 0.696037 -0.511834
      vertex 0.449223 0.704268 1.05078
      vertex 0.449223 0.704268 -0.511834
    endloop
  endfacet
  facet normal -0.0640705 0.997945 0
    outer loop
      vertex 0.449223 0.704268 1.05078
      vertex 0.321019 0.696037 -0.511834
      vertex 0.321019 0.696037 1.17898
    endloop
  endfacet
  facet normal 0.0854451 -0.996343 0
    outer loop
      vertex 0.417835 1.12309 -0.511834
      vertex 0.53689 1.1333 0.159419
      vertex 0.417835 1.12309 0.248351
    endloop
  endfacet
  facet normal 0.0854451 -0.996343 0
    outer loop
      vertex 0.53689 1.1333 0.159419
      vertex 0.417835 1.12309 -0.511834
      vertex 0.53689 1.1333 -0.511834
    endloop
  endfacet
  facet normal -0.0853776 0.996349 0
    outer loop
      vertex 0.433529 0.913681 -0.511834
      vertex 0.557055 0.924266 -0.477911
      vertex 0.557055 0.924266 -0.511834
    endloop
  endfacet
  facet normal -0.0853776 0.996349 0
    outer loop
      vertex 0.557055 0.924266 -0.477911
      vertex 0.433529 0.913681 -0.511834
      vertex 0.433529 0.913681 -0.385636
    endloop
  endfacet
  facet normal 0.0849616 -0.99151 0.0984342
    outer loop
      vertex 0.524758 0.858373 0.975242
      vertex 0.437585 0.859558 1.06242
      vertex 0.449223 0.704268 -0.511834
    endloop
  endfacet
  facet normal 0.0849839 -0.991508 0.0984328
    outer loop
      vertex 0.449223 0.704268 -0.511834
      vertex 0.563463 0.857848 0.936537
      vertex 0.524758 0.858373 0.975242
    endloop
  endfacet
  facet normal 0.0849697 -0.991509 0.0984341
    outer loop
      vertex 0.563463 0.857848 0.936537
      vertex 0.449223 0.704268 -0.511834
      vertex 0.57722 0.715237 -0.511834
    endloop
  endfacet
  facet normal -0.0853844 0.996348 0
    outer loop
      vertex 0.449223 0.704268 -0.511834
      vertex 0.57722 0.715237 0.92278
      vertex 0.57722 0.715237 -0.511834
    endloop
  endfacet
  facet normal -0.0853844 0.996348 0
    outer loop
      vertex 0.57722 0.715237 0.92278
      vertex 0.449223 0.704268 -0.511834
      vertex 0.449223 0.704268 1.05078
    endloop
  endfacet
  facet normal 0.106619 -0.9943 0
    outer loop
      vertex 0.53689 1.1333 -0.511834
      vertex 0.6557 1.14604 0.0782365
      vertex 0.53689 1.1333 0.159419
    endloop
  endfacet
  facet normal 0.106619 -0.9943 0
    outer loop
      vertex 0.6557 1.14604 0.0782365
      vertex 0.53689 1.1333 -0.511834
      vertex 0.6557 1.14604 -0.511834
    endloop
  endfacet
  facet normal -0.106667 0.994295 0
    outer loop
      vertex 0.680326 0.937489 -0.391091
      vertex 0.680326 0.937489 -0.511834
      vertex 0.606677 0.929588 -0.511817
    endloop
  endfacet
  facet normal -0.106639 0.994298 0
    outer loop
      vertex 0.606677 0.929588 -0.511817
      vertex 0.557055 0.924266 -0.511834
      vertex 0.557055 0.924266 -0.477911
    endloop
  endfacet
  facet normal -0.106528 0.993101 0.0490217
    outer loop
      vertex 0.557055 0.924266 -0.511834
      vertex 0.606677 0.929588 -0.511817
      vertex 0.680326 0.937489 -0.511834
    endloop
  endfacet
  facet normal 0.106132 -0.989468 0.0984341
    outer loop
      vertex 0.643669 0.858472 0.856331
      vertex 0.563463 0.857848 0.936537
      vertex 0.57722 0.715237 -0.511834
    endloop
  endfacet
  facet normal 0.106143 -0.989467 0.0984334
    outer loop
      vertex 0.57722 0.715237 -0.511834
      vertex 0.689615 0.85883 0.810385
      vertex 0.643669 0.858472 0.856331
    endloop
  endfacet
  facet normal 0.106132 -0.989468 0.0984345
    outer loop
      vertex 0.689615 0.85883 0.810385
      vertex 0.57722 0.715237 -0.511834
      vertex 0.704954 0.728938 -0.511834
    endloop
  endfacet
  facet normal -0.10665 0.994297 0
    outer loop
      vertex 0.57722 0.715237 -0.511834
      vertex 0.704954 0.728938 0.795046
      vertex 0.704954 0.728938 -0.511834
    endloop
  endfacet
  facet normal -0.10665 0.994297 0
    outer loop
      vertex 0.704954 0.728938 0.795046
      vertex 0.57722 0.715237 -0.511834
      vertex 0.57722 0.715237 0.92278
    endloop
  endfacet
  facet normal 0.127877 -0.99179 0
    outer loop
      vertex 0.6557 1.14604 -0.511834
      vertex 0.774209 1.16132 0.00484095
      vertex 0.6557 1.14604 0.0782365
    endloop
  endfacet
  facet normal 0.127877 -0.99179 0
    outer loop
      vertex 0.774209 1.16132 0.00484095
      vertex 0.6557 1.14604 -0.511834
      vertex 0.774209 1.16132 -0.511834
    endloop
  endfacet
  facet normal -0.127876 0.99179 0
    outer loop
      vertex 0.803288 0.953343 -0.511834
      vertex 0.680326 0.937489 -0.391091
      vertex 0.803288 0.953343 -0.195505
    endloop
  endfacet
  facet normal -0.127876 0.99179 0
    outer loop
      vertex 0.680326 0.937489 -0.391091
      vertex 0.803288 0.953343 -0.511834
      vertex 0.680326 0.937489 -0.511834
    endloop
  endfacet
  facet normal 0.127264 -0.986972 0.0984345
    outer loop
      vertex 0.762809 0.860968 0.737191
      vertex 0.689615 0.85883 0.810385
      vertex 0.704954 0.728938 -0.511834
    endloop
  endfacet
  facet normal 0.127259 -0.986973 0.0984348
    outer loop
      vertex 0.704954 0.728938 -0.511834
      vertex 0.815986 0.862521 0.684014
      vertex 0.762809 0.860968 0.737191
    endloop
  endfacet
  facet normal 0.127256 -0.986973 0.098435
    outer loop
      vertex 0.815986 0.862521 0.684014
      vertex 0.704954 0.728938 -0.511834
      vertex 0.832366 0.745366 -0.511834
    endloop
  endfacet
  facet normal -0.127877 0.99179 0
    outer loop
      vertex 0.704954 0.728938 -0.511834
      vertex 0.832366 0.745366 0.667634
      vertex 0.832366 0.745366 -0.511834
    endloop
  endfacet
  facet normal -0.127877 0.99179 0
    outer loop
      vertex 0.832366 0.745366 0.667634
      vertex 0.704954 0.728938 -0.511834
      vertex 0.704954 0.728938 0.795046
    endloop
  endfacet
  facet normal 0.149049 -0.98883 0
    outer loop
      vertex 0.774209 1.16132 -0.511834
      vertex 0.892365 1.17913 -0.0607316
      vertex 0.774209 1.16132 0.00484095
    endloop
  endfacet
  facet normal 0.149049 -0.98883 0
    outer loop
      vertex 0.892365 1.17913 -0.0607316
      vertex 0.774209 1.16132 -0.511834
      vertex 0.892365 1.17913 -0.511834
    endloop
  endfacet
  facet normal -0.149043 0.988831 0
    outer loop
      vertex 0.925881 0.971821 -0.511834
      vertex 0.803288 0.953343 -0.195505
      vertex 0.925881 0.971821 -0.00648398
    endloop
  endfacet
  facet normal -0.149043 0.988831 0
    outer loop
      vertex 0.803288 0.953343 -0.195505
      vertex 0.925881 0.971821 -0.511834
      vertex 0.803288 0.953343 -0.511834
    endloop
  endfacet
  facet normal 0.148303 -0.984031 0.098435
    outer loop
      vertex 0.88213 0.865873 0.61787
      vertex 0.815986 0.862521 0.684014
      vertex 0.832366 0.745366 -0.511834
    endloop
  endfacet
  facet normal 0.148316 -0.984029 0.0984343
    outer loop
      vertex 0.832366 0.745366 -0.511834
      vertex 0.942515 0.868934 0.557485
      vertex 0.88213 0.865873 0.61787
    endloop
  endfacet
  facet normal 0.14832 -0.984028 0.0984338
    outer loop
      vertex 0.942515 0.868934 0.557485
      vertex 0.832366 0.745366 -0.511834
      vertex 0.959397 0.764513 -0.511834
    endloop
  endfacet
  facet normal -0.149043 0.988831 0
    outer loop
      vertex 0.832366 0.745366 -0.511834
      vertex 0.959397 0.764513 0.540603
      vertex 0.959397 0.764513 -0.511834
    endloop
  endfacet
  facet normal -0.149043 0.988831 0
    outer loop
      vertex 0.959397 0.764513 0.540603
      vertex 0.832366 0.745366 -0.511834
      vertex 0.832366 0.745366 0.667634
    endloop
  endfacet
  facet normal 0.170144 -0.985419 0
    outer loop
      vertex 0.892365 1.17913 -0.511834
      vertex 1.01011 1.19946 -0.118458
      vertex 0.892365 1.17913 -0.0607316
    endloop
  endfacet
  facet normal 0.170144 -0.985419 0
    outer loop
      vertex 1.01011 1.19946 -0.118458
      vertex 0.892365 1.17913 -0.511834
      vertex 1.01011 1.19946 -0.511834
    endloop
  endfacet
  facet normal -0.170165 0.985415 2.11633e-05
    outer loop
      vertex 1.04805 0.992915 0.116084
      vertex 0.925881 0.971821 -0.00648398
      vertex 1.02014 0.988095 0.134215
    endloop
  endfacet
  facet normal -0.170145 0.985419 0
    outer loop
      vertex 1.04805 0.992915 -0.511834
      vertex 0.925881 0.971821 -0.00648398
      vertex 1.04805 0.992915 0.116084
    endloop
  endfacet
  facet normal -0.170145 0.985419 0
    outer loop
      vertex 0.925881 0.971821 -0.00648398
      vertex 1.04805 0.992915 -0.511834
      vertex 0.925881 0.971821 -0.511834
    endloop
  endfacet
  facet normal 0.169308 -0.980635 0.0984338
    outer loop
      vertex 1.00159 0.873204 0.498414
      vertex 0.942515 0.868934 0.557485
      vertex 0.959397 0.764513 -0.511834
    endloop
  endfacet
  facet normal 0.169331 -0.980631 0.0984325
    outer loop
      vertex 0.959397 0.764513 -0.511834
      vertex 1.06914 0.878087 0.430856
      vertex 1.00159 0.873204 0.498414
    endloop
  endfacet
  facet normal 0.169312 -0.980634 0.0984351
    outer loop
      vertex 1.06914 0.878087 0.430856
      vertex 0.959397 0.764513 -0.511834
      vertex 1.08599 0.78637 -0.511834
    endloop
  endfacet
  facet normal -0.170138 0.98542 0
    outer loop
      vertex 0.959397 0.764513 -0.511834
      vertex 1.08599 0.78637 0.414009
      vertex 1.08599 0.78637 -0.511834
    endloop
  endfacet
  facet normal -0.170138 0.98542 0
    outer loop
      vertex 1.08599 0.78637 0.414009
      vertex 0.959397 0.764513 -0.511834
      vertex 0.959397 0.764513 0.540603
    endloop
  endfacet
  facet normal 0.191141 -0.981563 0
    outer loop
      vertex 1.01011 1.19946 -0.511834
      vertex 1.1274 1.2223 -0.168302
      vertex 1.01011 1.19946 -0.118458
    endloop
  endfacet
  facet normal 0.191141 -0.981563 0
    outer loop
      vertex 1.1274 1.2223 -0.168302
      vertex 1.01011 1.19946 -0.511834
      vertex 1.1274 1.2223 -0.511834
    endloop
  endfacet
  facet normal -0.191111 0.981568 0
    outer loop
      vertex 1.04805 0.992915 -0.511834
      vertex 1.16975 1.01661 0.0347134
      vertex 1.16975 1.01661 -0.511834
    endloop
  endfacet
  facet normal -0.191111 0.981568 0
    outer loop
      vertex 1.16975 1.01661 0.0347134
      vertex 1.04805 0.992915 -0.511834
      vertex 1.04805 0.992915 0.116084
    endloop
  endfacet
  facet normal 0.19021 -0.976796 0.0984352
    outer loop
      vertex 1.12113 0.882972 0.378869
      vertex 1.06914 0.878087 0.430856
      vertex 1.08599 0.78637 -0.511834
    endloop
  endfacet
  facet normal 0.190241 -0.97679 0.0984333
    outer loop
      vertex 1.08599 0.78637 -0.511834
      vertex 1.19581 0.889991 0.304188
      vertex 1.12113 0.882972 0.378869
    endloop
  endfacet
  facet normal 0.190223 -0.976794 0.0984361
    outer loop
      vertex 1.19581 0.889991 0.304188
      vertex 1.08599 0.78637 -0.511834
      vertex 1.21209 0.810927 -0.511834
    endloop
  endfacet
  facet normal -0.191151 0.981561 0
    outer loop
      vertex 1.08599 0.78637 -0.511834
      vertex 1.21209 0.810927 0.287911
      vertex 1.21209 0.810927 -0.511834
    endloop
  endfacet
  facet normal -0.191151 0.981561 0
    outer loop
      vertex 1.21209 0.810927 0.287911
      vertex 1.08599 0.78637 -0.511834
      vertex 1.08599 0.78637 0.414009
    endloop
  endfacet
  facet normal 0.212499 -0.977161 0
    outer loop
      vertex 1.1274 1.2223 -0.511834
      vertex 1.13908 1.22484 -0.172496
      vertex 1.1274 1.2223 -0.168302
    endloop
  endfacet
  facet normal 0.212029 -0.977263 1.69497e-05
    outer loop
      vertex 1.1274 1.2223 -0.511834
      vertex 1.24417 1.24764 -0.202579
      vertex 1.13908 1.22484 -0.172496
    endloop
  endfacet
  facet normal 0.212072 -0.977254 0
    outer loop
      vertex 1.24417 1.24764 -0.202579
      vertex 1.1274 1.2223 -0.511834
      vertex 1.24417 1.24764 -0.511834
    endloop
  endfacet
  facet normal 0.212025 -0.977264 3.27552e-06
    outer loop
      vertex 1.15936 1.22924 -0.144233
      vertex 1.13908 1.22484 -0.172496
      vertex 1.24417 1.24764 -0.202579
    endloop
  endfacet
  facet normal -0.212145 0.977238 0
    outer loop
      vertex 1.16975 1.01661 -0.511834
      vertex 1.2909 1.04291 -0.0486378
      vertex 1.2909 1.04291 -0.511834
    endloop
  endfacet
  facet normal -0.212145 0.977238 0
    outer loop
      vertex 1.2909 1.04291 -0.0486378
      vertex 1.16975 1.01661 -0.511834
      vertex 1.16975 1.01661 0.0347134
    endloop
  endfacet
  facet normal 0.211029 -0.972511 0.0984362
    outer loop
      vertex 1.24072 0.895191 0.259283
      vertex 1.19581 0.889991 0.304188
      vertex 1.21209 0.810927 -0.511834
    endloop
  endfacet
  facet normal 0.211109 -0.972491 0.0984553
    outer loop
      vertex 1.24072 0.895191 0.259283
      vertex 1.3241 0.89746 0.102911
      vertex 1.26031 0.89746 0.23969
    endloop
  endfacet
  facet normal 0.211069 -0.972502 0.0984339
    outer loop
      vertex 1.21209 0.810927 -0.511834
      vertex 1.3241 0.89746 0.102911
      vertex 1.24072 0.895191 0.259283
    endloop
  endfacet
  facet normal 0.21107 -0.972502 0.0984336
    outer loop
      vertex 1.3241 0.89746 0.102911
      vertex 1.21209 0.810927 -0.511834
      vertex 1.33763 0.838174 -0.511834
    endloop
  endfacet
  facet normal -0.2121 0.977248 0
    outer loop
      vertex 1.21209 0.810927 -0.511834
      vertex 1.33763 0.838174 0.162367
      vertex 1.33763 0.838174 -0.511834
    endloop
  endfacet
  facet normal -0.2121 0.977248 0
    outer loop
      vertex 1.33763 0.838174 0.162367
      vertex 1.21209 0.810927 -0.511834
      vertex 1.21209 0.810927 0.287911
    endloop
  endfacet
  facet normal 0.233373 -0.972387 0
    outer loop
      vertex 1.24417 1.24764 -0.511834
      vertex 1.26267 1.25208 -0.215667
      vertex 1.24417 1.24764 -0.202579
    endloop
  endfacet
  facet normal 0.232907 -0.972499 3.07711e-05
    outer loop
      vertex 1.24417 1.24764 -0.511834
      vertex 1.36038 1.27548 -0.244279
      vertex 1.26267 1.25208 -0.215667
    endloop
  endfacet
  facet normal 0.232974 -0.972483 0
    outer loop
      vertex 1.36038 1.27548 -0.244279
      vertex 1.24417 1.24764 -0.511834
      vertex 1.36038 1.27548 -0.511834
    endloop
  endfacet
  facet normal -0.23294 0.972491 0
    outer loop
      vertex 1.2909 1.04291 -0.511834
      vertex 1.41147 1.07179 -0.133931
      vertex 1.41147 1.07179 -0.511834
    endloop
  endfacet
  facet normal -0.23294 0.972491 0
    outer loop
      vertex 1.41147 1.07179 -0.133931
      vertex 1.2909 1.04291 -0.511834
      vertex 1.2909 1.04291 -0.0486378
    endloop
  endfacet
  facet normal 0.23182 -0.967766 0.0984338
    outer loop
      vertex 1.34684 0.89746 0.0493542
      vertex 1.33763 0.838174 -0.511834
      vertex 1.35692 0.899208 0.0428007
    endloop
  endfacet
  facet normal 0.231829 -0.967764 0.0984335
    outer loop
      vertex 1.33763 0.838174 -0.511834
      vertex 1.34684 0.89746 0.0493542
      vertex 1.3241 0.89746 0.102911
    endloop
  endfacet
  facet normal 0.23179 -0.967773 0.0984356
    outer loop
      vertex 1.33763 0.838174 -0.511834
      vertex 1.45068 0.915464 -0.0181582
      vertex 1.35692 0.899208 0.0428007
    endloop
  endfacet
  facet normal 0.231781 -0.967775 0.098438
    outer loop
      vertex 1.45068 0.915464 -0.0181582
      vertex 1.33763 0.838174 -0.511834
      vertex 1.46257 0.868097 -0.511834
    endloop
  endfacet
  facet normal -0.232912 0.972498 0
    outer loop
      vertex 1.33763 0.838174 -0.511834
      vertex 1.46257 0.868097 0.0374336
      vertex 1.46257 0.868097 -0.511834
    endloop
  endfacet
  facet normal -0.232912 0.972498 0
    outer loop
      vertex 1.46257 0.868097 0.0374336
      vertex 1.33763 0.838174 -0.511834
      vertex 1.33763 0.838174 0.162367
    endloop
  endfacet
  facet normal 0.253665 -0.967292 0
    outer loop
      vertex 1.36038 1.27548 -0.511834
      vertex 1.47596 1.30579 -0.270372
      vertex 1.36038 1.27548 -0.244279
    endloop
  endfacet
  facet normal 0.253665 -0.967292 0
    outer loop
      vertex 1.47596 1.30579 -0.270372
      vertex 1.36038 1.27548 -0.511834
      vertex 1.47596 1.30579 -0.511834
    endloop
  endfacet
  facet normal -0.253584 0.967313 0
    outer loop
      vertex 1.41147 1.07179 -0.511834
      vertex 1.5314 1.10323 -0.221127
      vertex 1.5314 1.10323 -0.511834
    endloop
  endfacet
  facet normal -0.253584 0.967313 0
    outer loop
      vertex 1.5314 1.10323 -0.221127
      vertex 1.41147 1.07179 -0.511834
      vertex 1.41147 1.07179 -0.133931
    endloop
  endfacet
  facet normal 0.25241 -0.9626 0.0984384
    outer loop
      vertex 1.47798 0.920758 -0.0363908
      vertex 1.45068 0.915464 -0.0181582
      vertex 1.46257 0.868097 -0.511834
    endloop
  endfacet
  facet normal 0.252382 -0.962613 0.0983874
    outer loop
      vertex 1.47798 0.920758 -0.0363908
      vertex 1.57701 0.93655 -0.135914
      vertex 1.57613 0.939791 -0.101947
    endloop
  endfacet
  facet normal 0.252429 -0.962595 0.0984372
    outer loop
      vertex 1.46257 0.868097 -0.511834
      vertex 1.57701 0.93655 -0.135914
      vertex 1.47798 0.920758 -0.0363908
    endloop
  endfacet
  facet normal 0.252422 -0.962597 0.0984398
    outer loop
      vertex 1.57701 0.93655 -0.135914
      vertex 1.46257 0.868097 -0.511834
      vertex 1.55445 0.89746 -0.460308
    endloop
  endfacet
  facet normal 0.252431 -0.962596 0.098423
    outer loop
      vertex 1.55445 0.89746 -0.460308
      vertex 1.46257 0.868097 -0.511834
      vertex 1.57454 0.89746 -0.511834
    endloop
  endfacet
  facet normal -0.253717 0.967278 0
    outer loop
      vertex 1.55086 0.891251 -0.0508611
      vertex 1.53773 0.887807 -0.0377275
      vertex 1.55086 0.891251 -0.0472769
    endloop
  endfacet
  facet normal -0.253637 0.967299 -6.99909e-06
    outer loop
      vertex 1.46257 0.868097 -0.511834
      vertex 1.55086 0.891251 -0.0508611
      vertex 1.57454 0.89746 -0.0745388
    endloop
  endfacet
  facet normal -0.253663 0.967293 0
    outer loop
      vertex 1.46257 0.868097 -0.511834
      vertex 1.57454 0.89746 -0.0745388
      vertex 1.57454 0.89746 -0.511834
    endloop
  endfacet
  facet normal -0.25371 0.96728 7.87811e-06
    outer loop
      vertex 1.55086 0.891251 -0.0508611
      vertex 1.46257 0.868097 -0.511834
      vertex 1.53773 0.887807 -0.0377275
    endloop
  endfacet
  facet normal -0.253663 0.967293 0
    outer loop
      vertex 1.53773 0.887807 -0.0377275
      vertex 1.46257 0.868097 -0.511834
      vertex 1.46257 0.868097 0.0374336
    endloop
  endfacet
  facet normal 0.274246 -0.96166 0
    outer loop
      vertex 1.47596 1.30579 -0.511834
      vertex 1.59087 1.33856 -0.288521
      vertex 1.47596 1.30579 -0.270372
    endloop
  endfacet
  facet normal 0.274246 -0.96166 0
    outer loop
      vertex 1.59087 1.33856 -0.288521
      vertex 1.47596 1.30579 -0.511834
      vertex 1.59087 1.33856 -0.511834
    endloop
  endfacet
  facet normal -0.274327 0.961636 0
    outer loop
      vertex 1.5314 1.10323 -0.511834
      vertex 1.65062 1.13724 -0.310188
      vertex 1.65062 1.13724 -0.511834
    endloop
  endfacet
  facet normal -0.274327 0.961636 0
    outer loop
      vertex 1.65062 1.13724 -0.310188
      vertex 1.5314 1.10323 -0.511834
      vertex 1.5314 1.10323 -0.221127
    endloop
  endfacet
  facet normal 0.272841 -0.957015 0.0983833
    outer loop
      vertex 1.57928 0.940467 -0.104107
      vertex 1.57613 0.939791 -0.101947
      vertex 1.57701 0.93655 -0.135914
    endloop
  endfacet
  facet normal 0.294756 -0.955572 0
    outer loop
      vertex 1.59087 1.33856 -0.511834
      vertex 1.70505 1.37378 -0.298712
      vertex 1.59087 1.33856 -0.288521
    endloop
  endfacet
  facet normal 0.294756 -0.955572 0
    outer loop
      vertex 1.70505 1.37378 -0.298712
      vertex 1.59087 1.33856 -0.511834
      vertex 1.70505 1.37378 -0.511834
    endloop
  endfacet
  facet normal -0.294739 0.955578 0
    outer loop
      vertex 1.65062 1.13724 -0.511834
      vertex 1.70204 1.1531 -0.349633
      vertex 1.70204 1.1531 -0.511834
    endloop
  endfacet
  facet normal -0.294739 0.955578 0
    outer loop
      vertex 1.70204 1.1531 -0.349633
      vertex 1.65062 1.13724 -0.511834
      vertex 1.65062 1.13724 -0.310188
    endloop
  endfacet
  facet normal 0.315065 -0.94907 -2.71231e-05
    outer loop
      vertex 1.70505 1.37378 -0.298712
      vertex 1.81846 1.41143 -0.334748
      vertex 1.8006 1.4055 -0.300595
    endloop
  endfacet
  facet normal 0.315073 -0.949068 0
    outer loop
      vertex 1.70505 1.37378 -0.511834
      vertex 1.81846 1.41143 -0.334748
      vertex 1.70505 1.37378 -0.298712
    endloop
  endfacet
  facet normal 0.315073 -0.949068 0
    outer loop
      vertex 1.81846 1.41143 -0.334748
      vertex 1.70505 1.37378 -0.511834
      vertex 1.81846 1.41143 -0.511834
    endloop
  endfacet
  facet normal 0.335356 -0.942091 0
    outer loop
      vertex 1.81846 1.41143 -0.334748
      vertex 1.81846 1.41143 -0.511834
      vertex 1.90799 1.4433 -0.511834
    endloop
  endfacet
  facet normal 0 -1 0
    outer loop
      vertex 2.79563 1.85655 0.620029
      vertex 2.79564 1.85655 1.5
      vertex 2.79563 1.85655 1.5
    endloop
  endfacet
  facet normal 0 -1 0
    outer loop
      vertex 2.79563 1.85655 0.00407202
      vertex 2.79564 1.85655 1.5
      vertex 2.79563 1.85655 0.620029
    endloop
  endfacet
  facet normal 0 -1 0
    outer loop
      vertex 2.79563 1.85655 -0.1575
      vertex 2.79564 1.85655 1.5
      vertex 2.79563 1.85655 0.00407202
    endloop
  endfacet
  facet normal 0 -1 0
    outer loop
      vertex 2.79564 1.85655 -0.511834
      vertex 2.79563 1.85655 -0.1575
      vertex 2.79563 1.85655 -0.511834
    endloop
  endfacet
  facet normal 0 -1 0
    outer loop
      vertex 2.79563 1.85655 -0.1575
      vertex 2.79564 1.85655 -0.511834
      vertex 2.79564 1.85655 1.5
    endloop
  endfacet
  facet normal -1 -6.35781e-05 0
    outer loop
      vertex 1.33514e-05 6.48873 -0.511834
      vertex 0 6.69873 0
      vertex 0 6.69873 -0.511834
    endloop
  endfacet
  facet normal -1 -6.35781e-05 0
    outer loop
      vertex 0 6.69873 0
      vertex 1.33514e-05 6.48873 -0.511834
      vertex 1.33514e-05 6.48873 0.620015
    endloop
  endfacet
  facet normal -1 6.35726e-05 0
    outer loop
      vertex 2.10396e-08 0.89779 -0.511834
      vertex 6.0633e-11 0.89746 -6.0633e-11
      vertex 2.10396e-08 0.89779 0.000974224
    endloop
  endfacet
  facet normal -1 6.35637e-05 -5.72597e-12
    outer loop
      vertex 0 0.897459 -0.511834
      vertex 6.0633e-11 0.89746 -6.0633e-11
      vertex 2.10396e-08 0.89779 -0.511834
    endloop
  endfacet
  facet normal -1 6.0633e-05 0
    outer loop
      vertex 0 0.897459 1.5
      vertex 6.0633e-11 0.89746 -6.0633e-11
      vertex 0 0.897459 -0.511834
    endloop
  endfacet
  facet normal -1 6.0633e-05 0
    outer loop
      vertex 6.0633e-11 0.89746 -6.0633e-11
      vertex 0 0.897459 1.5
      vertex 6.0633e-11 0.89746 1.5
    endloop
  endfacet
  facet normal -1 6.35569e-05 0
    outer loop
      vertex -1.33514e-05 0.687459 1.49999
      vertex -1.33296e-05 0.687802 -0.508363
      vertex -1.33514e-05 0.687459 -0.511834
    endloop
  endfacet
  facet normal -1 6.35569e-05 0
    outer loop
      vertex -1.33296e-05 0.687802 -0.508363
      vertex -1.33514e-05 0.687459 1.49999
      vertex -1.33296e-05 0.687802 1.49999
    endloop
  endfacet
  facet normal 0 1 0
    outer loop
      vertex 0 6.48873 -0.511834
      vertex 1.33514e-05 6.48873 0.620015
      vertex 1.33514e-05 6.48873 -0.511834
    endloop
  endfacet
  facet normal 0 1 0
    outer loop
      vertex 1.33514e-05 6.48873 0.620015
      vertex 0 6.48873 -0.511834
      vertex 0 6.48873 0.62003
    endloop
  endfacet
  facet normal -0.967295 -0.253655 -0.000104869
    outer loop
      vertex -2.57942 3.03253 -0.511834
      vertex -2.61871 3.18235 -0.489386
      vertex -2.62085 3.19052 -0.511834
    endloop
  endfacet
  facet normal -0.967291 -0.25367 0
    outer loop
      vertex -2.61871 3.18235 -0.489386
      vertex -2.57942 3.03253 -0.511834
      vertex -2.57942 3.03253 -0.380456
    endloop
  endfacet
  facet normal -0.949071 -0.315062 0
    outer loop
      vertex -2.52508 2.86884 -0.511834
      vertex -2.57942 3.03253 -0.380456
      vertex -2.57942 3.03253 -0.511834
    endloop
  endfacet
  facet normal -0.949071 -0.315062 0
    outer loop
      vertex -2.57942 3.03253 -0.380456
      vertex -2.52508 2.86884 -0.511834
      vertex -2.52508 2.86884 -0.251543
    endloop
  endfacet
  facet normal 0.949051 0.315123 -0
    outer loop
      vertex -2.72215 2.79632 -0.511834
      vertex -2.77522 2.95615 -0.511834
      vertex -2.72215 2.79632 -0.385954
    endloop
  endfacet
  facet normal -0.94445 -0.313589 0.0983712
    outer loop
      vertex -2.88712 2.73561 -0.16587
      vertex -2.96777 2.86998 -0.511834
      vertex -2.91923 2.72379 -0.511834
    endloop
  endfacet
  facet normal 0.949053 0.315117 -0
    outer loop
      vertex -2.91923 2.72379 -0.511834
      vertex -2.96777 2.86998 -0.511834
      vertex -2.91923 2.72379 -0.11553
    endloop
  endfacet
  facet normal -0.926905 -0.375296 0
    outer loop
      vertex -2.46035 2.70897 -0.511834
      vertex -2.52508 2.86884 -0.251543
      vertex -2.52508 2.86884 -0.511834
    endloop
  endfacet
  facet normal -0.926905 -0.375296 0
    outer loop
      vertex -2.52508 2.86884 -0.251543
      vertex -2.46035 2.70897 -0.511834
      vertex -2.46035 2.70897 -0.115552
    endloop
  endfacet
  facet normal 0.927016 0.375022 0
    outer loop
      vertex -2.71361 2.77521 -0.368003
      vertex -2.72215 2.79632 -0.511834
      vertex -2.72215 2.79632 -0.385954
    endloop
  endfacet
  facet normal 0.926917 0.375265 -0
    outer loop
      vertex -2.65238 2.62397 -0.511834
      vertex -2.71361 2.77521 -0.368003
      vertex -2.65238 2.62397 0.0364133
    endloop
  endfacet
  facet normal 0.926929 0.375236 3.64837e-05
    outer loop
      vertex -2.71361 2.77521 -0.368003
      vertex -2.65238 2.62397 -0.511834
      vertex -2.72215 2.79632 -0.511834
    endloop
  endfacet
  facet normal -0.922398 -0.373504 0.0983715
    outer loop
      vertex -2.88712 2.73561 -0.16587
      vertex -2.91923 2.72379 -0.511834
      vertex -2.86558 2.70372 -0.0849787
    endloop
  endfacet
  facet normal -0.922419 -0.373449 0.0983768
    outer loop
      vertex -2.8444 2.53896 -0.511834
      vertex -2.86558 2.70372 -0.0849787
      vertex -2.91923 2.72379 -0.511834
    endloop
  endfacet
  facet normal -0.922412 -0.373466 0.0983836
    outer loop
      vertex -2.86558 2.70372 -0.0849787
      vertex -2.8444 2.53896 -0.511834
      vertex -2.77504 2.56967 0.255038
    endloop
  endfacet
  facet normal 0.926916 0.37527 -0
    outer loop
      vertex -2.8444 2.53896 -0.511834
      vertex -2.91923 2.72379 -0.11553
      vertex -2.8444 2.53896 0.378675
    endloop
  endfacet
  facet normal 0.926916 0.37527 0
    outer loop
      vertex -2.91923 2.72379 -0.11553
      vertex -2.8444 2.53896 -0.511834
      vertex -2.91923 2.72379 -0.511834
    endloop
  endfacet
  facet normal -0.900959 -0.433905 0
    outer loop
      vertex -2.38901 2.56084 -0.511834
      vertex -2.46035 2.70897 -0.115552
      vertex -2.46035 2.70897 -0.511834
    endloop
  endfacet
  facet normal -0.900963 -0.433895 -4.73343e-06
    outer loop
      vertex -2.46035 2.70897 -0.115552
      vertex -2.38901 2.56084 -0.511834
      vertex -2.407 2.59819 -0.0139632
    endloop
  endfacet
  facet normal -0.900939 -0.433946 -0
    outer loop
      vertex -2.38901 2.56084 0.0198413
      vertex -2.407 2.59819 -0.0139632
      vertex -2.38901 2.56084 -0.511834
    endloop
  endfacet
  facet normal -0.900939 -0.433946 0
    outer loop
      vertex -2.407 2.59819 -0.0139632
      vertex -2.38901 2.56084 0.0198413
      vertex -2.38901 2.56084 0.0844659
    endloop
  endfacet
  facet normal 0.900965 0.433892 -0
    outer loop
      vertex -2.5717 2.45644 -0.511834
      vertex -2.65238 2.62397 0.0364133
      vertex -2.5717 2.45644 0.477831
    endloop
  endfacet
  facet normal 0.900965 0.433892 0
    outer loop
      vertex -2.65238 2.62397 0.0364133
      vertex -2.5717 2.45644 -0.511834
      vertex -2.65238 2.62397 -0.511834
    endloop
  endfacet
  facet normal -0.896596 -0.431784 0.098384
    outer loop
      vertex -2.77504 2.56967 0.255038
      vertex -2.8444 2.53896 -0.511834
      vertex -2.72441 2.50265 0.422306
    endloop
  endfacet
  facet normal -0.896607 -0.431759 0.0983865
    outer loop
      vertex -2.75789 2.35931 -0.511834
      vertex -2.72441 2.50265 0.422306
      vertex -2.8444 2.53896 -0.511834
    endloop
  endfacet
  facet normal -0.8966 -0.431774 0.0983885
    outer loop
      vertex -2.72441 2.50265 0.422306
      vertex -2.75789 2.35931 -0.511834
      vertex -2.6562 2.41236 0.64766
    endloop
  endfacet
  facet normal 0.900978 0.433864 -0
    outer loop
      vertex -2.75789 2.35931 -0.511834
      vertex -2.8444 2.53896 0.378675
      vertex -2.75789 2.35931 0.852051
    endloop
  endfacet
  facet normal 0.900978 0.433864 0
    outer loop
      vertex -2.8444 2.53896 0.378675
      vertex -2.75789 2.35931 -0.511834
      vertex -2.8444 2.53896 -0.511834
    endloop
  endfacet
  facet normal 0.871309 0.490735 -0
    outer loop
      vertex -2.51125 2.34911 0.0151007
      vertex -2.5717 2.45644 0.477831
      vertex -2.51125 2.34911 0.756186
    endloop
  endfacet
  facet normal 0.871309 0.490735 0
    outer loop
      vertex -2.5717 2.45644 0.477831
      vertex -2.51125 2.34911 0.0151007
      vertex -2.5717 2.45644 -0.511834
    endloop
  endfacet
  facet normal 0.871309 0.490735 0
    outer loop
      vertex -2.5717 2.45644 -0.511834
      vertex -2.51125 2.34911 0.0151007
      vertex -2.51125 2.34911 -0.511834
    endloop
  endfacet
  facet normal -0.867095 -0.48833 0.0983884
    outer loop
      vertex -2.6562 2.41236 0.64766
      vertex -2.75789 2.35931 -0.511834
      vertex -2.57571 2.3167 0.882228
    endloop
  endfacet
  facet normal -0.867092 -0.488336 0.0983879
    outer loop
      vertex -2.57641 2.23626 0.476805
      vertex -2.57571 2.3167 0.882228
      vertex -2.75789 2.35931 -0.511834
    endloop
  endfacet
  facet normal -0.867074 -0.488366 0.0983937
    outer loop
      vertex -2.57571 2.3167 0.882228
      vertex -2.57641 2.23626 0.476805
      vertex -2.54858 2.28446 0.961286
    endloop
  endfacet
  facet normal -0.8671 -0.488321 0.0983912
    outer loop
      vertex -2.57641 2.23626 0.476805
      vertex -2.75789 2.35931 -0.511834
      vertex -2.66004 2.18556 -0.511834
    endloop
  endfacet
  facet normal 0.871328 0.490702 -0
    outer loop
      vertex -2.66004 2.18556 -0.511834
      vertex -2.75789 2.35931 0.852051
      vertex -2.66004 2.18556 1.30265
    endloop
  endfacet
  facet normal 0.871328 0.490702 0
    outer loop
      vertex -2.75789 2.35931 0.852051
      vertex -2.66004 2.18556 -0.511834
      vertex -2.75789 2.35931 -0.511834
    endloop
  endfacet
  facet normal -0.83382 -0.543197 0.0983903
    outer loop
      vertex -2.66004 2.18556 -0.511834
      vertex -2.6022 2.19158 0.0115735
      vertex -2.57641 2.23626 0.476805
    endloop
  endfacet
  facet normal -0.834029 -0.542873 0.0984096
    outer loop
      vertex -2.6022 2.19158 0.0115735
      vertex -2.66004 2.18556 -0.511834
      vertex -2.61046 2.17728 -0.137316
    endloop
  endfacet
  facet normal -0.833926 -0.543034 0.0983925
    outer loop
      vertex -2.66004 2.18556 -0.511834
      vertex -2.62571 2.15086 -0.412381
      vertex -2.61046 2.17728 -0.137316
    endloop
  endfacet
  facet normal -0.833963 -0.542971 0.0984269
    outer loop
      vertex -2.62571 2.15086 -0.412381
      vertex -2.66004 2.18556 -0.511834
      vertex -2.63123 2.14131 -0.511834
    endloop
  endfacet
  facet normal 0.838032 0.545621 0
    outer loop
      vertex -2.66004 2.18556 1.30265
      vertex -2.63123 2.14131 0.0104479
      vertex -2.66004 2.18556 -0.511834
    endloop
  endfacet
  facet normal 0.838032 0.545621 -0
    outer loop
      vertex -2.63123 2.14131 0.0104479
      vertex -2.66004 2.18556 1.30265
      vertex -2.63123 2.14131 1.41546
    endloop
  endfacet
  facet normal 0.838032 0.545621 -0
    outer loop
      vertex -2.63123 2.14131 -0.404109
      vertex -2.66004 2.18556 -0.511834
      vertex -2.63123 2.14131 0.0104479
    endloop
  endfacet
  facet normal 0.838032 0.545621 0
    outer loop
      vertex -2.66004 2.18556 -0.511834
      vertex -2.63123 2.14131 -0.404109
      vertex -2.63123 2.14131 -0.511834
    endloop
  endfacet
  facet normal 0.623344 0.781948 -0
    outer loop
      vertex -1.7349 1.47349 -0.511834
      vertex -1.76315 1.49601 -0.511834
      vertex -1.7349 1.47349 -0.421689
    endloop
  endfacet
  facet normal -0.57201 -0.820246 -0
    outer loop
      vertex -1.46783 1.54311 -0.345905
      vertex -1.52473 1.58279 -0.511834
      vertex -1.46783 1.54311 -0.511834
    endloop
  endfacet
  facet normal 0.5721 0.820184 2.61564e-05
    outer loop
      vertex -1.5824 1.36711 -0.195759
      vertex -1.7349 1.47349 -0.421689
      vertex -1.63744 1.4055 -0.137439
    endloop
  endfacet
  facet normal 0.572126 0.820166 -0
    outer loop
      vertex -1.5824 1.36711 -0.511834
      vertex -1.7349 1.47349 -0.421689
      vertex -1.5824 1.36711 -0.195759
    endloop
  endfacet
  facet normal 0.572126 0.820166 0
    outer loop
      vertex -1.7349 1.47349 -0.421689
      vertex -1.5824 1.36711 -0.511834
      vertex -1.7349 1.47349 -0.511834
    endloop
  endfacet
  facet normal -0.518438 -0.855115 0
    outer loop
      vertex -1.32034 1.45369 -0.511834
      vertex -1.46783 1.54311 -0.345905
      vertex -1.46783 1.54311 -0.511834
    endloop
  endfacet
  facet normal -0.518438 -0.855115 0
    outer loop
      vertex -1.46783 1.54311 -0.345905
      vertex -1.32034 1.45369 -0.511834
      vertex -1.32034 1.45369 0.04725
    endloop
  endfacet
  facet normal 0.518427 0.855122 0
    outer loop
      vertex -1.5824 1.36711 -0.511834
      vertex -1.48594 1.30863 -0.271948
      vertex -1.48594 1.30863 -0.511834
    endloop
  endfacet
  facet normal 0.518427 0.855122 0
    outer loop
      vertex -1.48594 1.30863 -0.271948
      vertex -1.5824 1.36711 -0.511834
      vertex -1.5824 1.36711 -0.195759
    endloop
  endfacet
  facet normal -0.515472 -0.851241 0.0983773
    outer loop
      vertex -1.5314 1.10323 -0.403791
      vertex -1.52644 1.08774 -0.511834
      vertex -1.51948 1.10011 -0.36833
    endloop
  endfacet
  facet normal -0.51582 -0.851035 0.0983318
    outer loop
      vertex -1.52644 1.08774 -0.511834
      vertex -1.5314 1.10323 -0.403791
      vertex -1.57031 1.11433 -0.511834
    endloop
  endfacet
  facet normal 0.518332 0.85518 -0
    outer loop
      vertex -1.52644 1.08774 -0.511834
      vertex -1.57031 1.11433 -0.250197
      vertex -1.52644 1.08774 -0.205232
    endloop
  endfacet
  facet normal 0.518332 0.85518 0
    outer loop
      vertex -1.57031 1.11433 -0.250197
      vertex -1.52644 1.08774 -0.511834
      vertex -1.57031 1.11433 -0.511834
    endloop
  endfacet
  facet normal -0.462455 -0.886643 -4.58395e-05
    outer loop
      vertex -1.32034 1.45369 0.04725
      vertex -1.16742 1.37392 0.23932
      vertex -1.22797 1.4055 0.272034
    endloop
  endfacet
  facet normal -0.462501 -0.886619 0
    outer loop
      vertex -1.16742 1.37392 -0.511834
      vertex -1.32034 1.45369 0.04725
      vertex -1.32034 1.45369 -0.511834
    endloop
  endfacet
  facet normal -0.462501 -0.886619 0
    outer loop
      vertex -1.32034 1.45369 0.04725
      vertex -1.16742 1.37392 -0.511834
      vertex -1.16742 1.37392 0.23932
    endloop
  endfacet
  facet normal -0.460319 -0.882286 0.0983784
    outer loop
      vertex -1.51948 1.10011 -0.36833
      vertex -1.52644 1.08774 -0.511834
      vertex -1.5037 1.09597 -0.331623
    endloop
  endfacet
  facet normal -0.460276 -0.882306 0.0983951
    outer loop
      vertex -1.34965 0.995509 -0.511834
      vertex -1.42204 1.07456 -0.141614
      vertex -1.5037 1.09597 -0.331623
    endloop
  endfacet
  facet normal -0.460294 -0.882299 0.0983758
    outer loop
      vertex -1.34965 0.995509 -0.511834
      vertex -1.5037 1.09597 -0.331623
      vertex -1.52644 1.08774 -0.511834
    endloop
  endfacet
  facet normal -0.460297 -0.882296 0.0983888
    outer loop
      vertex -1.42204 1.07456 -0.141614
      vertex -1.34965 0.995509 -0.511834
      vertex -1.33035 1.0356 -0.0620282
    endloop
  endfacet
  facet normal 0.462537 0.8866 -0
    outer loop
      vertex -1.34965 0.995509 -0.511834
      vertex -1.52644 1.08774 -0.205232
      vertex -1.34965 0.995509 -0.0369632
    endloop
  endfacet
  facet normal 0.462537 0.8866 0
    outer loop
      vertex -1.52644 1.08774 -0.205232
      vertex -1.34965 0.995509 -0.511834
      vertex -1.52644 1.08774 -0.511834
    endloop
  endfacet
  facet normal -0.404815 -0.914399 0
    outer loop
      vertex -1.16742 1.37392 -0.511834
      vertex -1.00971 1.3041 0.190902
      vertex -1.16742 1.37392 0.23932
    endloop
  endfacet
  facet normal -0.404815 -0.914399 -0
    outer loop
      vertex -1.00971 1.3041 0.190902
      vertex -1.16742 1.37392 -0.511834
      vertex -1.00971 1.3041 -0.511834
    endloop
  endfacet
  facet normal -0.402948 -0.909919 0.0983901
    outer loop
      vertex -1.33035 1.0356 -0.0620282
      vertex -1.34965 0.995509 -0.511834
      vertex -1.29035 1.02138 -0.0297193
    endloop
  endfacet
  facet normal -0.402832 -0.909971 0.0983787
    outer loop
      vertex -1.16732 0.914794 -0.511834
      vertex -1.29035 1.02138 -0.0297193
      vertex -1.34965 0.995509 -0.511834
    endloop
  endfacet
  facet normal -0.402807 -0.909981 0.0983871
    outer loop
      vertex -1.29035 1.02138 -0.0297193
      vertex -1.16732 0.914794 -0.511834
      vertex -1.14507 0.969759 0.0876306
    endloop
  endfacet
  facet normal 0.404796 0.914407 -0
    outer loop
      vertex -1.16732 0.914794 -0.511834
      vertex -1.34965 0.995509 -0.0369632
      vertex -1.16732 0.914794 0.124106
    endloop
  endfacet
  facet normal 0.404796 0.914407 0
    outer loop
      vertex -1.34965 0.995509 -0.0369632
      vertex -1.16732 0.914794 -0.511834
      vertex -1.34965 0.995509 -0.511834
    endloop
  endfacet
  facet normal -0.345367 -0.938468 0
    outer loop
      vertex -1.00971 1.3041 -0.511834
      vertex -0.84784 1.24453 0.176894
      vertex -1.00971 1.3041 0.190902
    endloop
  endfacet
  facet normal -0.345367 -0.938468 -0
    outer loop
      vertex -0.84784 1.24453 0.176894
      vertex -1.00971 1.3041 -0.511834
      vertex -0.84784 1.24453 -0.511834
    endloop
  endfacet
  facet normal -0.343672 -0.933922 0.0983873
    outer loop
      vertex -1.14507 0.969759 0.0876306
      vertex -1.16732 0.914794 -0.511834
      vertex -1.09095 0.954121 0.128234
    endloop
  endfacet
  facet normal -0.343681 -0.933917 0.0984002
    outer loop
      vertex -1.09095 0.954121 0.128234
      vertex -0.958338 0.911733 0.189101
      vertex -0.982417 0.92276 0.209658
    endloop
  endfacet
  facet normal -0.343685 -0.933917 0.0983885
    outer loop
      vertex -0.980186 0.845928 -0.511834
      vertex -1.09095 0.954121 0.128234
      vertex -1.16732 0.914794 -0.511834
    endloop
  endfacet
  facet normal -0.343677 -0.933919 0.0983903
    outer loop
      vertex -1.09095 0.954121 0.128234
      vertex -0.980186 0.845928 -0.511834
      vertex -0.958338 0.911733 0.189101
    endloop
  endfacet
  facet normal 0.345349 0.938474 -8.75503e-06
    outer loop
      vertex -1.02146 0.861117 0.343813
      vertex -1.12022 0.89746 0.379784
      vertex -1.06719 0.877946 0.43281
    endloop
  endfacet
  facet normal 0.345356 0.938472 -2.71985e-06
    outer loop
      vertex -1.12022 0.89746 0.162669
      vertex -1.02146 0.861117 0.343813
      vertex -0.980186 0.845928 0.263492
    endloop
  endfacet
  facet normal 0.345352 0.938473 0
    outer loop
      vertex -1.02146 0.861117 0.343813
      vertex -1.12022 0.89746 0.162669
      vertex -1.12022 0.89746 0.379784
    endloop
  endfacet
  facet normal 0.345354 0.938472 -0
    outer loop
      vertex -0.980186 0.845928 -0.511834
      vertex -1.12022 0.89746 0.162669
      vertex -0.980186 0.845928 0.263492
    endloop
  endfacet
  facet normal 0.345375 0.938465 4.85164e-06
    outer loop
      vertex -1.12022 0.89746 0.162669
      vertex -0.980186 0.845928 -0.511834
      vertex -1.16732 0.914794 0.124106
    endloop
  endfacet
  facet normal 0.34536 0.93847 0
    outer loop
      vertex -1.16732 0.914794 0.124106
      vertex -0.980186 0.845928 -0.511834
      vertex -1.16732 0.914794 -0.511834
    endloop
  endfacet
  facet normal -0.284502 -0.958675 0
    outer loop
      vertex -0.682491 1.19546 -0.511834
      vertex -0.84784 1.24453 0.176894
      vertex -0.84784 1.24453 -0.511834
    endloop
  endfacet
  facet normal -0.284502 -0.958675 0
    outer loop
      vertex -0.84784 1.24453 0.176894
      vertex -0.682491 1.19546 -0.511834
      vertex -0.682491 1.19546 0.197348
    endloop
  endfacet
  facet normal -0.283151 -0.954015 0.0983904
    outer loop
      vertex -0.958338 0.911733 0.189101
      vertex -0.980186 0.845928 -0.511834
      vertex -0.922527 0.89746 0.153765
    endloop
  endfacet
  facet normal -0.283155 -0.954014 0.0983906
    outer loop
      vertex -0.894148 0.89746 0.235436
      vertex -0.922527 0.89746 0.153765
      vertex -0.980186 0.845928 -0.511834
    endloop
  endfacet
  facet normal -0.283146 -0.954017 0.0983897
    outer loop
      vertex -0.789026 0.789193 -0.511834
      vertex -0.894148 0.89746 0.235436
      vertex -0.980186 0.845928 -0.511834
    endloop
  endfacet
  facet normal -0.283145 -0.954017 0.0983899
    outer loop
      vertex -0.894148 0.89746 0.235436
      vertex -0.789026 0.789193 -0.511834
      vertex -0.760635 0.89746 0.619657
    endloop
  endfacet
  facet normal 0.284534 0.958666 -6.23982e-07
    outer loop
      vertex -0.980186 0.845928 -0.511834
      vertex -0.947789 0.836313 0.223427
      vertex -0.909447 0.824933 0.167437
    endloop
  endfacet
  facet normal 0.284529 0.958667 -1.15125e-07
    outer loop
      vertex -0.980186 0.845928 -0.511834
      vertex -0.909447 0.824933 0.167437
      vertex -0.824756 0.799797 0.0437709
    endloop
  endfacet
  facet normal 0.284508 0.958674 6.22638e-06
    outer loop
      vertex -0.980186 0.845928 -0.511834
      vertex -0.824756 0.799797 0.0437709
      vertex -0.796036 0.791274 -0.00456361
    endloop
  endfacet
  facet normal 0.284563 0.958657 -1.53305e-05
    outer loop
      vertex -0.980186 0.845928 -0.511834
      vertex -0.796036 0.791274 -0.00456361
      vertex -0.789026 0.789193 -0.0163618
    endloop
  endfacet
  facet normal 0.284526 0.958668 0
    outer loop
      vertex -0.980186 0.845928 -0.511834
      vertex -0.789026 0.789193 -0.0163618
      vertex -0.789026 0.789193 -0.511834
    endloop
  endfacet
  facet normal 0.284521 0.95867 0
    outer loop
      vertex -0.947789 0.836313 0.223427
      vertex -0.980186 0.845928 -0.511834
      vertex -0.980186 0.845928 0.263492
    endloop
  endfacet
  facet normal -0.222522 -0.974928 0
    outer loop
      vertex -0.514338 1.15708 -0.511834
      vertex -0.682491 1.19546 0.197348
      vertex -0.682491 1.19546 -0.511834
    endloop
  endfacet
  facet normal -0.222522 -0.974928 0
    outer loop
      vertex -0.682491 1.19546 0.197348
      vertex -0.514338 1.15708 -0.511834
      vertex -0.514338 1.15708 0.252185
    endloop
  endfacet
  facet normal -0.221436 -0.970199 0.0983886
    outer loop
      vertex -0.760635 0.89746 0.619657
      vertex -0.637147 0.893938 0.862853
      vertex -0.664917 0.89746 0.835083
    endloop
  endfacet
  facet normal -0.221439 -0.970198 0.0983899
    outer loop
      vertex -0.637147 0.893938 0.862853
      vertex -0.760635 0.89746 0.619657
      vertex -0.789026 0.789193 -0.511834
    endloop
  endfacet
  facet normal -0.221442 -0.970197 0.0983902
    outer loop
      vertex -0.594625 0.744822 -0.511834
      vertex -0.637147 0.893938 0.862853
      vertex -0.789026 0.789193 -0.511834
    endloop
  endfacet
  facet normal -0.221446 -0.970196 0.09839
    outer loop
      vertex -0.637147 0.893938 0.862853
      vertex -0.594625 0.744822 -0.511834
      vertex -0.567309 0.88508 0.932691
    endloop
  endfacet
  facet normal 0.222507 0.974931 3.94119e-06
    outer loop
      vertex -0.789026 0.789193 -0.511834
      vertex -0.700232 0.768926 -0.10478
      vertex -0.678442 0.763953 -0.131279
    endloop
  endfacet
  facet normal 0.222523 0.974927 -9.35518e-07
    outer loop
      vertex -0.789026 0.789193 -0.511834
      vertex -0.678442 0.763953 -0.131279
      vertex -0.594625 0.744822 -0.233211
    endloop
  endfacet
  facet normal 0.222522 0.974928 0
    outer loop
      vertex -0.789026 0.789193 -0.511834
      vertex -0.594625 0.744822 -0.233211
      vertex -0.594625 0.744822 -0.511834
    endloop
  endfacet
  facet normal 0.222525 0.974927 0
    outer loop
      vertex -0.700232 0.768926 -0.10478
      vertex -0.789026 0.789193 -0.511834
      vertex -0.789026 0.789193 -0.0163618
    endloop
  endfacet
  facet normal -0.159613 -0.98718 0
    outer loop
      vertex -0.34407 1.12955 -0.511834
      vertex -0.514338 1.15708 0.252185
      vertex -0.514338 1.15708 -0.511834
    endloop
  endfacet
  facet normal -0.159613 -0.98718 0
    outer loop
      vertex -0.514338 1.15708 0.252185
      vertex -0.34407 1.12955 -0.511834
      vertex -0.34407 1.12955 0.341176
    endloop
  endfacet
  facet normal -0.158826 -0.982392 0.09839
    outer loop
      vertex -0.567309 0.88508 0.932691
      vertex -0.594625 0.744822 -0.511834
      vertex -0.427698 0.876491 1.0723
    endloop
  endfacet
  facet normal -0.158828 -0.982392 0.0983901
    outer loop
      vertex -0.397779 0.712997 -0.511834
      vertex -0.427698 0.876491 1.0723
      vertex -0.594625 0.744822 -0.511834
    endloop
  endfacet
  facet normal -0.158835 -0.98239 0.0983899
    outer loop
      vertex -0.427698 0.876491 1.0723
      vertex -0.397779 0.712997 -0.511834
      vertex -0.3771 0.873378 1.1229
    endloop
  endfacet
  facet normal 0.15949 0.987199 -0.000202033
    outer loop
      vertex -0.559867 0.739202 -0.255455
      vertex -0.594625 0.744822 -0.233211
      vertex -0.574677 0.741597 -0.24412
    endloop
  endfacet
  facet normal 0.159599 0.987182 2.35686e-06
    outer loop
      vertex -0.594625 0.744822 -0.511834
      vertex -0.559867 0.739202 -0.255455
      vertex -0.44796 0.72111 -0.341091
    endloop
  endfacet
  facet normal 0.159593 0.987183 8.4667e-06
    outer loop
      vertex -0.594625 0.744822 -0.511834
      vertex -0.44796 0.72111 -0.341091
      vertex -0.438613 0.719599 -0.350282
    endloop
  endfacet
  facet normal 0.159604 0.987181 -2.70493e-06
    outer loop
      vertex -0.594625 0.744822 -0.511834
      vertex -0.438613 0.719599 -0.350282
      vertex -0.397779 0.712997 -0.390439
    endloop
  endfacet
  facet normal 0.159602 0.987181 0
    outer loop
      vertex -0.594625 0.744822 -0.511834
      vertex -0.397779 0.712997 -0.390439
      vertex -0.397779 0.712997 -0.511834
    endloop
  endfacet
  facet normal 0.159616 0.987179 0
    outer loop
      vertex -0.559867 0.739202 -0.255455
      vertex -0.594625 0.744822 -0.511834
      vertex -0.594625 0.744822 -0.233211
    endloop
  endfacet
  facet normal -0.0960123 -0.99538 0
    outer loop
      vertex -0.172389 1.11299 -0.511834
      vertex -0.34407 1.12955 0.341176
      vertex -0.34407 1.12955 -0.511834
    endloop
  endfacet
  facet normal -0.0960123 -0.99538 0
    outer loop
      vertex -0.34407 1.12955 0.341176
      vertex -0.172389 1.11299 -0.511834
      vertex -0.172389 1.11299 0.463959
    endloop
  endfacet
  facet normal -0.0955583 -0.990549 0.0983899
    outer loop
      vertex -0.3771 0.873378 1.1229
      vertex -0.397779 0.712997 -0.511834
      vertex -0.218774 0.873831 1.28123
    endloop
  endfacet
  facet normal -0.0955516 -0.99055 0.0983893
    outer loop
      vertex -0.199299 0.693851 -0.511834
      vertex -0.218774 0.873831 1.28123
      vertex -0.397779 0.712997 -0.511834
    endloop
  endfacet
  facet normal -0.0955272 -0.990552 0.0983898
    outer loop
      vertex -0.218774 0.873831 1.28123
      vertex -0.199299 0.693851 -0.511834
      vertex -0.187737 0.87392 1.31226
    endloop
  endfacet
  facet normal 0.0960658 0.995375 -4.45323e-05
    outer loop
      vertex -0.397779 0.712997 -0.511834
      vertex -0.320511 0.705544 -0.415596
      vertex -0.315083 0.70502 -0.41854
    endloop
  endfacet
  facet normal 0.0960184 0.99538 -0
    outer loop
      vertex -0.199299 0.693851 -0.511834
      vertex -0.315083 0.70502 -0.41854
      vertex -0.199299 0.693851 -0.48134
    endloop
  endfacet
  facet normal 0.0960174 0.99538 -1.21787e-06
    outer loop
      vertex -0.315083 0.70502 -0.41854
      vertex -0.199299 0.693851 -0.511834
      vertex -0.397779 0.712997 -0.511834
    endloop
  endfacet
  facet normal 0.0960109 0.99538 0
    outer loop
      vertex -0.320511 0.705544 -0.415596
      vertex -0.397779 0.712997 -0.511834
      vertex -0.397779 0.712997 -0.390439
    endloop
  endfacet
  facet normal -0.032057 -0.999486 0
    outer loop
      vertex -0.00994953 1.10778 -0.511834
      vertex -0.172389 1.11299 0.463959
      vertex -0.172389 1.11299 -0.511834
    endloop
  endfacet
  facet normal -0.032057 -0.999486 0
    outer loop
      vertex -0.172389 1.11299 0.463959
      vertex -0.00994953 1.10778 -0.511834
      vertex -0.00994953 1.10778 0.611019
    endloop
  endfacet
  facet normal 0.0336061 0.999435 0
    outer loop
      vertex 0 0.897459 1.5
      vertex -2.97397e-05 0.89746 -2.97397e-05
      vertex -2.97397e-05 0.89746 1.49997
    endloop
  endfacet
  facet normal 0.0336061 0.999435 -0
    outer loop
      vertex 0 0.897459 -0.511834
      vertex -2.97397e-05 0.89746 -2.97397e-05
      vertex 0 0.897459 1.5
    endloop
  endfacet
  facet normal 0.0320537 0.999486 -9.03056e-08
    outer loop
      vertex 0 0.897459 -0.511834
      vertex -0.0103197 0.89779 -0.00934544
      vertex -2.97397e-05 0.89746 -2.97397e-05
    endloop
  endfacet
  facet normal 0.0320581 0.999486 0
    outer loop
      vertex -0.0103197 0.89779 -0.00934544
      vertex 0 0.897459 -0.511834
      vertex -0.0103197 0.89779 -0.511834
    endloop
  endfacet
  facet normal -0.0319375 -0.994645 0.0982898
    outer loop
      vertex -1.33296e-05 0.687802 -0.508363
      vertex -0.000308776 0.687802 -0.508459
      vertex -1.33514e-05 0.687459 -0.511834
    endloop
  endfacet
  facet normal -0.0318949 -0.994637 0.0983902
    outer loop
      vertex -0.0103426 0.885779 1.48966
      vertex -0.161944 0.875644 1.33806
      vertex -0.0106967 0.699874 -0.389788
    endloop
  endfacet
  facet normal -0.0318706 -0.994647 0.0982958
    outer loop
      vertex -0.000308776 0.687802 -0.508459
      vertex -0.010718 0.687802 -0.511834
      vertex -1.33514e-05 0.687459 -0.511834
    endloop
  endfacet
  facet normal -0.0319322 -0.994636 0.0983868
    outer loop
      vertex -0.187737 0.87392 1.31226
      vertex -0.0106967 0.699874 -0.389788
      vertex -0.161944 0.875644 1.33806
    endloop
  endfacet
  facet normal -0.0319051 -0.994636 0.0983897
    outer loop
      vertex -0.199299 0.693851 -0.511834
      vertex -0.0106967 0.699874 -0.389788
      vertex -0.187737 0.87392 1.31226
    endloop
  endfacet
  facet normal -0.0319044 -0.994637 0.0983886
    outer loop
      vertex -0.0106967 0.699874 -0.389788
      vertex -0.199299 0.693851 -0.511834
      vertex -0.010718 0.687802 -0.511834
    endloop
  endfacet
  facet normal 0.0320257 0.999487 -0
    outer loop
      vertex -1.33514e-05 0.687459 -0.511834
      vertex -0.010718 0.687802 1.48928
      vertex -1.33514e-05 0.687459 1.49999
    endloop
  endfacet
  facet normal 0.0320257 0.999487 0
    outer loop
      vertex -0.010718 0.687802 1.48928
      vertex -1.33514e-05 0.687459 -0.511834
      vertex -0.010718 0.687802 -0.511834
    endloop
  endfacet
  facet normal 0.0320119 0.999487 1.64451e-05
    outer loop
      vertex -0.199299 0.693851 -0.511834
      vertex -0.192571 0.693635 -0.480613
      vertex -0.19076 0.693577 -0.480809
    endloop
  endfacet
  facet normal 0.0320593 0.999486 3.37853e-06
    outer loop
      vertex -0.199299 0.693851 -0.511834
      vertex -0.19076 0.693577 -0.480809
      vertex -0.0642145 0.689518 -0.494488
    endloop
  endfacet
  facet normal 0.0320599 0.999486 -1.42615e-06
    outer loop
      vertex -0.199299 0.693851 -0.511834
      vertex -0.0642145 0.689518 -0.494488
      vertex -0.010718 0.687802 -0.511834
    endloop
  endfacet
  facet normal 0.0320881 0.999485 0
    outer loop
      vertex -0.192571 0.693635 -0.480613
      vertex -0.199299 0.693851 -0.511834
      vertex -0.199299 0.693851 -0.48134
    endloop
  endfacet
  facet normal -0.844328 0.535827 0
    outer loop
      vertex 10.2826 -7.47075 -0.511834
      vertex 10.9951 -6.34803 -0.147042
      vertex 10.9951 -6.34803 -0.511834
    endloop
  endfacet
  facet normal -0.844328 0.535827 0
    outer loop
      vertex 10.2826 -7.47075 0.171443
      vertex 10.9951 -6.34803 -0.147042
      vertex 10.2826 -7.47075 -0.511834
    endloop
  endfacet
  facet normal -0.844328 0.535827 0
    outer loop
      vertex 10.9951 -6.34803 0.00380164
      vertex 10.2826 -7.47075 0.171443
      vertex 10.9951 -6.34803 0.578858
    endloop
  endfacet
  facet normal -0.844328 0.535827 0
    outer loop
      vertex 10.9951 -6.34803 -0.147042
      vertex 10.2826 -7.47075 0.171443
      vertex 10.9951 -6.34803 0.00380164
    endloop
  endfacet
  facet normal -0.844328 0.535827 0
    outer loop
      vertex 10.9951 -6.34803 0.578858
      vertex 10.2826 -7.47075 0.171443
      vertex 10.9951 -6.34803 1.5
    endloop
  endfacet
  facet normal 0.844359 -0.535779 0
    outer loop
      vertex 10.4754 -6.77581 -0.511834
      vertex 10.8134 -6.24314 0.000265927
      vertex 10.8134 -6.24314 0.0404915
    endloop
  endfacet
  facet normal 0.844359 -0.535779 0
    outer loop
      vertex 10.8134 -6.24314 0.000265927
      vertex 10.4754 -6.77581 -0.511834
      vertex 10.8134 -6.24314 -0.0102857
    endloop
  endfacet
  facet normal 0.844359 -0.535779 0
    outer loop
      vertex 10.8134 -6.24314 -0.0102857
      vertex 10.4754 -6.77581 -0.511834
      vertex 10.8134 -6.24314 -0.511834
    endloop
  endfacet
  facet normal -0.840262 0.533218 0.0981759
    outer loop
      vertex 10.6759 -6.16371 0.00334637
      vertex 10.5466 -6.4054 0.209381
      vertex 10.7094 -6.18307 0.395213
    endloop
  endfacet
  facet normal -0.840156 0.533345 0.0983911
    outer loop
      vertex 10.6636 -6.15663 -0.140061
      vertex 10.5466 -6.4054 0.209381
      vertex 10.6759 -6.16371 0.00334637
    endloop
  endfacet
  facet normal -0.840717 0.532593 0.0976679
    outer loop
      vertex 10.5466 -6.4054 0.209381
      vertex 10.6636 -6.15663 -0.140061
      vertex 10.6617 -6.15552 -0.162469
    endloop
  endfacet
  facet normal -0.840235 0.533246 0.098255
    outer loop
      vertex 9.94565 -7.22594 -0.476479
      vertex 10.6617 -6.15552 -0.162469
      vertex 10.6318 -6.13826 -0.511834
    endloop
  endfacet
  facet normal -0.840228 0.533244 0.0983263
    outer loop
      vertex 9.94565 -7.22594 -0.476479
      vertex 10.6318 -6.13826 -0.511834
      vertex 9.94282 -7.22388 -0.511834
    endloop
  endfacet
  facet normal -0.840235 0.533246 0.0982558
    outer loop
      vertex 10.6617 -6.15552 -0.162469
      vertex 9.94565 -7.22594 -0.476479
      vertex 10.5466 -6.4054 0.209381
    endloop
  endfacet
  facet normal 0.844319 -0.53584 0
    outer loop
      vertex 9.94282 -7.22388 -0.465844
      vertex 10.6318 -6.13826 0.00433347
      vertex 10.6318 -6.13826 0.659838
    endloop
  endfacet
  facet normal 0.844319 -0.53584 0
    outer loop
      vertex 10.6318 -6.13826 0.00433347
      vertex 9.94282 -7.22388 -0.465844
      vertex 10.6318 -6.13826 -0.167612
    endloop
  endfacet
  facet normal 0.844319 -0.53584 0
    outer loop
      vertex 10.6318 -6.13826 -0.167612
      vertex 9.94282 -7.22388 -0.465844
      vertex 10.6318 -6.13826 -0.511834
    endloop
  endfacet
  facet normal 0.844319 -0.53584 0
    outer loop
      vertex 10.6318 -6.13826 -0.511834
      vertex 9.94282 -7.22388 -0.465844
      vertex 9.94282 -7.22388 -0.511834
    endloop
  endfacet
  facet normal -0.770515 0.637422 0
    outer loop
      vertex 10.2826 -7.47075 -0.511834
      vertex 9.84088 -8.0047 -0.511834
      vertex 10.2826 -7.47075 0.171443
    endloop
  endfacet
  facet normal -0.766679 0.634455 0.0983363
    outer loop
      vertex 9.94282 -7.22388 -0.511834
      vertex 9.93202 -7.24121 -0.484225
      vertex 9.94565 -7.22594 -0.476479
    endloop
  endfacet
  facet normal -0.766787 0.634343 0.0982238
    outer loop
      vertex 9.94282 -7.22388 -0.511834
      vertex 9.88343 -7.29567 -0.511834
      vertex 9.93202 -7.24121 -0.484225
    endloop
  endfacet
  facet normal 0.770512 -0.637425 0
    outer loop
      vertex 9.94282 -7.22388 -0.465844
      vertex 9.88343 -7.29567 -0.511834
      vertex 9.94282 -7.22388 -0.511834
    endloop
  endfacet
  facet normal 0.844245 0.535957 -0
    outer loop
      vertex -10.9951 -6.34803 0.578858
      vertex -11.1379 -6.12309 1.23382
      vertex -10.9951 -6.34803 1.5
    endloop
  endfacet
  facet normal 0.844245 0.535957 0
    outer loop
      vertex -11.1379 -6.12309 1.23382
      vertex -10.9951 -6.34803 0.578858
      vertex -11.1379 -6.12309 -0.511834
    endloop
  endfacet
  facet normal 0.844245 0.535957 -0
    outer loop
      vertex -10.9951 -6.34803 0.00380164
      vertex -11.1379 -6.12309 -0.511834
      vertex -10.9951 -6.34803 0.578858
    endloop
  endfacet
  facet normal 0.844245 0.535957 -0
    outer loop
      vertex -10.9951 -6.34803 -0.147042
      vertex -11.1379 -6.12309 -0.511834
      vertex -10.9951 -6.34803 0.00380164
    endloop
  endfacet
  facet normal 0.844245 0.535957 0
    outer loop
      vertex -11.1379 -6.12309 -0.511834
      vertex -10.9951 -6.34803 -0.147042
      vertex -10.9951 -6.34803 -0.511834
    endloop
  endfacet
  facet normal -0.844311 -0.535853 0
    outer loop
      vertex -10.8134 -6.24314 -0.511834
      vertex -10.9538 -6.02192 -0.253684
      vertex -10.9538 -6.02192 -0.511834
    endloop
  endfacet
  facet normal -0.8444 -0.535713 -0.000167565
    outer loop
      vertex -10.9538 -6.02192 -0.253684
      vertex -10.8134 -6.24314 -0.511834
      vertex -10.8483 -6.18828 -0.0324583
    endloop
  endfacet
  facet normal -0.843737 -0.536756 -0
    outer loop
      vertex -10.8134 -6.24314 -0.0102857
      vertex -10.8483 -6.18828 -0.0324583
      vertex -10.8134 -6.24314 -0.511834
    endloop
  endfacet
  facet normal -0.843737 -0.536756 -0
    outer loop
      vertex -10.8134 -6.24314 0.000265927
      vertex -10.8483 -6.18828 -0.0324583
      vertex -10.8134 -6.24314 -0.0102857
    endloop
  endfacet
  facet normal -0.843737 -0.536756 0
    outer loop
      vertex -10.8483 -6.18828 -0.0324583
      vertex -10.8134 -6.24314 0.000265927
      vertex -10.8134 -6.24314 0.0404915
    endloop
  endfacet
  facet normal 0.840293 0.533157 0.0982374
    outer loop
      vertex -10.6636 -6.15663 -0.140061
      vertex -10.7698 -5.92075 -0.511834
      vertex -10.8289 -5.95325 0.170075
    endloop
  endfacet
  facet normal 0.840308 0.533137 0.09822
    outer loop
      vertex -10.7698 -5.92075 -0.511834
      vertex -10.6636 -6.15663 -0.140061
      vertex -10.6318 -6.13826 -0.511834
    endloop
  endfacet
  facet normal 0.84038 0.532991 0.0983928
    outer loop
      vertex -10.8289 -5.95325 0.170075
      vertex -10.6759 -6.16371 0.00334638
      vertex -10.6636 -6.15663 -0.140061
    endloop
  endfacet
  facet normal 0.840323 0.533121 0.0981764
    outer loop
      vertex -10.6759 -6.16371 0.00334638
      vertex -10.8289 -5.95325 0.170075
      vertex -10.7094 -6.18307 0.395213
    endloop
  endfacet
  facet normal -0.844391 -0.535727 -0
    outer loop
      vertex -10.6318 -6.13826 -0.167612
      vertex -10.7698 -5.92075 -0.511834
      vertex -10.6318 -6.13826 -0.511834
    endloop
  endfacet
  facet normal -0.844391 -0.535727 -0
    outer loop
      vertex -10.6318 -6.13826 0.00433347
      vertex -10.7698 -5.92075 -0.511834
      vertex -10.6318 -6.13826 -0.167612
    endloop
  endfacet
  facet normal -0.844391 -0.535727 0
    outer loop
      vertex -10.7698 -5.92075 -0.511834
      vertex -10.6318 -6.13826 0.00433347
      vertex -10.7698 -5.92075 0.370605
    endloop
  endfacet
  facet normal -0.844391 -0.535727 0
    outer loop
      vertex -10.7698 -5.92075 0.370605
      vertex -10.6318 -6.13826 0.00433347
      vertex -10.6318 -6.13826 0.659838
    endloop
  endfacet
  facet normal 0.904828 0.425778 -0
    outer loop
      vertex -11.1379 -6.12309 -0.511834
      vertex -11.8175 -4.67886 -0.356715
      vertex -11.1379 -6.12309 1.23382
    endloop
  endfacet
  facet normal 0.904828 0.425778 0
    outer loop
      vertex -11.8175 -4.67886 -0.356715
      vertex -11.1379 -6.12309 -0.511834
      vertex -11.8175 -4.67886 -0.511834
    endloop
  endfacet
  facet normal -0.904788 -0.425861 -0
    outer loop
      vertex -10.9538 -6.02192 -0.253684
      vertex -11.1005 -5.71024 -0.511834
      vertex -10.9538 -6.02192 -0.511834
    endloop
  endfacet
  facet normal 0.90045 0.423721 0.0982353
    outer loop
      vertex -10.7698 -5.92075 -0.511834
      vertex -10.9615 -5.62406 -0.0343831
      vertex -10.8289 -5.95325 0.170075
    endloop
  endfacet
  facet normal 0.900435 0.42376 0.098205
    outer loop
      vertex -10.7698 -5.92075 -0.511834
      vertex -11.2712 -4.85534 -0.511834
      vertex -10.9615 -5.62406 -0.0343831
    endloop
  endfacet
  facet normal -0.904809 -0.425818 -0
    outer loop
      vertex -10.7698 -5.92075 0.370605
      vertex -11.2712 -4.85534 -0.511834
      vertex -10.7698 -5.92075 -0.511834
    endloop
  endfacet
  facet normal 0.951065 0.308992 -0
    outer loop
      vertex -11.8175 -4.67886 -0.511834
      vertex -11.8665 -4.52804 -0.511834
      vertex -11.8175 -4.67886 -0.356715
    endloop
  endfacet
  facet normal 0 0 1
    outer loop
      vertex 10.8134 -6.24314 -0.511834
      vertex 10.4754 -6.77581 -0.511834
      vertex 10.5694 -6.69326 -0.511834
    endloop
  endfacet
  facet normal 0 0 1
    outer loop
      vertex 10.5694 -6.69326 -0.511834
      vertex 10.9951 -6.34803 -0.511834
      vertex 10.8134 -6.24314 -0.511834
    endloop
  endfacet
  facet normal -0 0 1
    outer loop
      vertex 10.5694 -6.69326 -0.511834
      vertex 10.2826 -7.47075 -0.511834
      vertex 10.9951 -6.34803 -0.511834
    endloop
  endfacet
  facet normal 0 0 1
    outer loop
      vertex 9.8194 -7.9923 -0.511834
      vertex 10.2826 -7.47075 -0.511834
      vertex 10.5694 -6.69326 -0.511834
    endloop
  endfacet
  facet normal 0 0 1
    outer loop
      vertex 10.2826 -7.47075 -0.511834
      vertex 9.8194 -7.9923 -0.511834
      vertex 9.84088 -8.0047 -0.511834
    endloop
  endfacet
  facet normal 0 0 1
    outer loop
      vertex -10.9538 -6.02192 -0.511834
      vertex -10.9951 -6.34803 -0.511834
      vertex -10.8134 -6.24314 -0.511834
    endloop
  endfacet
  facet normal 0 0 1
    outer loop
      vertex -11.1379 -6.12309 -0.511834
      vertex -10.9538 -6.02192 -0.511834
      vertex -11.0812 -5.80674 -0.511834
    endloop
  endfacet
  facet normal -0 -0 1
    outer loop
      vertex -11.0812 -5.80674 -0.511834
      vertex -10.9538 -6.02192 -0.511834
      vertex -11.1005 -5.71024 -0.511834
    endloop
  endfacet
  facet normal 0 0 1
    outer loop
      vertex -10.9538 -6.02192 -0.511834
      vertex -11.1379 -6.12309 -0.511834
      vertex -10.9951 -6.34803 -0.511834
    endloop
  endfacet
  facet normal 0 0 1
    outer loop
      vertex -11.3283 -5.37885 -0.511834
      vertex -11.1379 -6.12309 -0.511834
      vertex -11.0812 -5.80674 -0.511834
    endloop
  endfacet
  facet normal 0 0 1
    outer loop
      vertex -11.3283 -5.37885 -0.511834
      vertex -11.8175 -4.67886 -0.511834
      vertex -11.1379 -6.12309 -0.511834
    endloop
  endfacet
  facet normal 0 0 1
    outer loop
      vertex -11.8312 -4.5077 -0.511834
      vertex -11.8175 -4.67886 -0.511834
      vertex -11.3283 -5.37885 -0.511834
    endloop
  endfacet
  facet normal 0 0 1
    outer loop
      vertex -11.8175 -4.67886 -0.511834
      vertex -11.8312 -4.5077 -0.511834
      vertex -11.8665 -4.52804 -0.511834
    endloop
  endfacet
  facet normal 0 0 1
    outer loop
      vertex 0.798067 12.6849 -0.511834
      vertex 2.01183 12.5 -0.511834
      vertex 2.01183 12.5316 -0.511834
    endloop
  endfacet
  facet normal 0 0 1
    outer loop
      vertex 0.798067 12.6849 -0.511834
      vertex 0.511834 12.5 -0.511834
      vertex 2.01183 12.5 -0.511834
    endloop
  endfacet
  facet normal 0 -0 1
    outer loop
      vertex 0.511834 12.5 -0.511834
      vertex 0.798067 12.6849 -0.511834
      vertex 0 12.6849 -0.511834
    endloop
  endfacet
  facet normal 0 0 1
    outer loop
      vertex 0.511834 12.5 -0.511834
      vertex 0 12.4753 -0.511834
      vertex 0.584663 12.4753 -0.511834
    endloop
  endfacet
  facet normal 0 0 1
    outer loop
      vertex 0 12.4753 -0.511834
      vertex 0.511834 12.5 -0.511834
      vertex 0 12.6849 -0.511834
    endloop
  endfacet
  facet normal 0 -1 0
    outer loop
      vertex 0 12.6849 -0.511834
      vertex 0.798067 12.6849 0.701933
      vertex 0 12.6849 1.5
    endloop
  endfacet
  facet normal 0 -1 -0
    outer loop
      vertex 0.798067 12.6849 0.701933
      vertex 0 12.6849 -0.511834
      vertex 0.798067 12.6849 -0.511834
    endloop
  endfacet
  facet normal 0 1 0
    outer loop
      vertex 0.584663 12.4753 -0.511834
      vertex 0 12.4753 -0.511834
      vertex 0 12.4753 0.0728291
    endloop
  endfacet
  facet normal 6.54234e-05 -0.995162 0.0982511
    outer loop
      vertex 0 12.2657 -0.511834
      vertex 0.773762 12.2986 -0.179113
      vertex 0 12.3577 0.420012
    endloop
  endfacet
  facet normal 0 -0.995147 0.0984018
    outer loop
      vertex 0.773762 12.2986 -0.179113
      vertex 0 12.2657 -0.511834
      vertex 0.771695 12.2657 -0.511834
    endloop
  endfacet
  facet normal 0 1 0
    outer loop
      vertex 0 12.2657 -0.511834
      vertex 0.771695 12.2657 -0.0800626
      vertex 0.771695 12.2657 -0.511834
    endloop
  endfacet
  facet normal 0 1 0
    outer loop
      vertex 0.771695 12.2657 -0.0800626
      vertex 0 12.2657 -0.511834
      vertex 0 12.2657 0.691633
    endloop
  endfacet
  facet normal -0.125306 -0.992118 -0
    outer loop
      vertex 0.798067 12.6849 0.701933
      vertex 0.798067 12.6849 -0.511834
      vertex 2.01183 12.5316 -0.511834
    endloop
  endfacet
  facet normal -0.124857 -0.987283 0.0983999
    outer loop
      vertex 0.773762 12.2986 -0.179113
      vertex 0.771695 12.2657 -0.511834
      vertex 0.95343 12.2672 -0.266185
    endloop
  endfacet
  facet normal -0.124597 -0.987335 0.0982078
    outer loop
      vertex 0.95343 12.2672 -0.266185
      vertex 0.771695 12.2657 -0.511834
      vertex 1.46031 12.1788 -0.511834
    endloop
  endfacet
  facet normal 0.125202 0.992131 0
    outer loop
      vertex 1.46031 12.1788 -0.511834
      vertex 0.771695 12.2657 -0.511834
      vertex 0.771695 12.2657 -0.0800626
    endloop
  endfacet
endsolid OpenSCAD_Model
