solid OpenSCAD_Model
  facet normal 0 0 -1
    outer loop
      vertex 2 7.67518 -1.5
      vertex 1.0466 9.19547 -1.5
      vertex 1.44664 9.19547 -1.5
    endloop
  endfacet
  facet normal -0 0 -1
    outer loop
      vertex 1.0466 9.19547 -1.5
      vertex 0 9.17518 -1.5
      vertex 0.508041 10.6752 -1.5
    endloop
  endfacet
  facet normal 0 0 -1
    outer loop
      vertex 2 7.67518 -1.5
      vertex 0 9.17518 -1.5
      vertex 1.0466 9.19547 -1.5
    endloop
  endfacet
  facet normal 0 0 -1
    outer loop
      vertex 0 9.17518 -1.5
      vertex -0.508041 10.6752 -1.5
      vertex 0 10.6752 -1.5
    endloop
  endfacet
  facet normal 0 0 -1
    outer loop
      vertex 0 9.17518 -1.5
      vertex -1.0466 9.19547 -1.5
      vertex -0.508041 10.6752 -1.5
    endloop
  endfacet
  facet normal 0 0 -1
    outer loop
      vertex -2 7.67518 -1.5
      vertex 0 9.17518 -1.5
      vertex 2 7.67518 -1.5
    endloop
  endfacet
  facet normal -0 0 -1
    outer loop
      vertex 0 9.17518 -1.5
      vertex -2 7.67518 -1.5
      vertex -1.0466 9.19547 -1.5
    endloop
  endfacet
  facet normal -0 0 -1
    outer loop
      vertex -1.0466 9.19547 -1.5
      vertex -2 7.67518 -1.5
      vertex -1.44664 9.19547 -1.5
    endloop
  endfacet
  facet normal 0 -1 0
    outer loop
      vertex -2 7.67518 -1.5
      vertex -1.0466 7.67518 0.0202942
      vertex -1.44664 7.67518 0.0202942
    endloop
  endfacet
  facet normal 0 -1 0
    outer loop
      vertex -1.0466 7.67518 0.0202942
      vertex 0 7.67518 -0.511834
      vertex 0 7.67518 0
    endloop
  endfacet
  facet normal 0 -1 0
    outer loop
      vertex 2 7.67518 -1.5
      vertex 0 7.67518 -0.511834
      vertex -2 7.67518 -1.5
    endloop
  endfacet
  facet normal 0 -1 -0
    outer loop
      vertex -1.0466 7.67518 0.0202942
      vertex -2 7.67518 -1.5
      vertex 0 7.67518 -0.511834
    endloop
  endfacet
  facet normal 0 -1 0
    outer loop
      vertex 0 7.67518 0
      vertex -0.508041 7.67518 1.5
      vertex -1.0466 7.67518 0.0202942
    endloop
  endfacet
  facet normal 0 -1 0
    outer loop
      vertex -0.508041 7.67518 1.5
      vertex 0 7.67518 0
      vertex 0 7.67518 1.5
    endloop
  endfacet
  facet normal 0 -1 0
    outer loop
      vertex 0.210001 7.67518 0.620031
      vertex 1.0466 7.67518 0.0202942
      vertex 0.508041 7.67518 1.5
    endloop
  endfacet
  facet normal 0 -1 0
    outer loop
      vertex 0.210001 7.67518 -0.511834
      vertex 1.0466 7.67518 0.0202942
      vertex 0.210001 7.67518 0.620031
    endloop
  endfacet
  facet normal 0 -1 0
    outer loop
      vertex 2 7.67518 -1.5
      vertex 1.0466 7.67518 0.0202942
      vertex 0.210001 7.67518 -0.511834
    endloop
  endfacet
  facet normal 0 -1 0
    outer loop
      vertex 0 7.67518 -0.511834
      vertex 2 7.67518 -1.5
      vertex 0.210001 7.67518 -0.511834
    endloop
  endfacet
  facet normal 0 -1 0
    outer loop
      vertex 1.0466 7.67518 0.0202942
      vertex 2 7.67518 -1.5
      vertex 1.44664 7.67518 0.0202942
    endloop
  endfacet
  facet normal 0.88912 0.323625 0.323624
    outer loop
      vertex 2 7.67518 -1.5
      vertex 1.44664 9.19547 -1.5
      vertex 1.44664 7.67518 0.0202942
    endloop
  endfacet
  facet normal 0 0.707108 0.707106
    outer loop
      vertex 1.44664 9.19547 -1.5
      vertex 1.0466 7.67518 0.0202942
      vertex 1.44664 7.67518 0.0202942
    endloop
  endfacet
  facet normal 0 0.707108 0.707106
    outer loop
      vertex 1.0466 7.67518 0.0202942
      vertex 1.44664 9.19547 -1.5
      vertex 1.0466 9.19547 -1.5
    endloop
  endfacet
  facet normal 0.889102 0.323645 0.323652
    outer loop
      vertex 0.508041 10.6752 -1.5
      vertex 0.508041 9.5904 -0.415225
      vertex 0.529227 9.62881 -0.511834
    endloop
  endfacet
  facet normal 0.889131 0.323609 0.323609
    outer loop
      vertex 1.0466 9.19547 -1.5
      vertex 0.529227 9.62881 -0.511834
      vertex 0.624461 9.36715 -0.511834
    endloop
  endfacet
  facet normal 0.889132 0.323606 0.323611
    outer loop
      vertex 0.529227 9.62881 -0.511834
      vertex 1.0466 9.19547 -1.5
      vertex 0.508041 10.6752 -1.5
    endloop
  endfacet
  facet normal 0.889138 0.323585 0.323616
    outer loop
      vertex 0.590128 9.30491 -0.35527
      vertex 1.0466 9.19547 -1.5
      vertex 0.624461 9.36715 -0.511834
    endloop
  endfacet
  facet normal 0.889132 0.323611 0.323606
    outer loop
      vertex 1.0466 7.67518 0.0202942
      vertex 0.590128 9.30491 -0.35527
      vertex 0.508041 9.11732 0.0578631
    endloop
  endfacet
  facet normal 0.88913 0.32361 0.323611
    outer loop
      vertex 1.0466 7.67518 0.0202942
      vertex 0.508041 9.11732 0.0578631
      vertex 0.508041 7.67518 1.5
    endloop
  endfacet
  facet normal 0.88913 0.323612 0.323611
    outer loop
      vertex 0.590128 9.30491 -0.35527
      vertex 1.0466 7.67518 0.0202942
      vertex 1.0466 9.19547 -1.5
    endloop
  endfacet
  facet normal -0.901878 0.30546 0.305467
    outer loop
      vertex 0.508041 10.6752 -1.5
      vertex 0.423286 9.43677 -0.511834
      vertex 0.508041 9.5904 -0.415225
    endloop
  endfacet
  facet normal -0.90188 0.305457 0.305464
    outer loop
      vertex 0 9.17518 -1.5
      vertex 0.423286 9.43677 -0.511834
      vertex 0.508041 10.6752 -1.5
    endloop
  endfacet
  facet normal -0.901879 0.305462 0.305462
    outer loop
      vertex 0 9.17518 -1.5
      vertex 0.0639948 8.37596 -0.511834
      vertex 0.423286 9.43677 -0.511834
    endloop
  endfacet
  facet normal -0.901882 0.305458 0.305458
    outer loop
      vertex 0 9.17518 -1.5
      vertex 0.0163441 8.03157 -0.308136
      vertex 0.0639948 8.37596 -0.511834
    endloop
  endfacet
  facet normal -0.901872 0.305473 0.305473
    outer loop
      vertex 0.0163441 8.03157 -0.308136
      vertex 0 9.17518 -1.5
      vertex 0 7.67518 0
    endloop
  endfacet
  facet normal -0.901874 0.305452 0.305488
    outer loop
      vertex 0.348392 8.67539 0.0284196
      vertex 0.508041 9.11732 0.0578631
      vertex 0.454824 8.9957 0.0223596
    endloop
  endfacet
  facet normal -0.901886 0.30546 0.305443
    outer loop
      vertex 0.271723 8.34669 0.130756
      vertex 0.508041 9.11732 0.0578631
      vertex 0.348392 8.67539 0.0284196
    endloop
  endfacet
  facet normal -0.90188 0.30546 0.305461
    outer loop
      vertex 0.508041 7.67518 1.5
      vertex 0.271723 8.34669 0.130756
      vertex 0.225463 8.01235 0.328512
    endloop
  endfacet
  facet normal -0.90188 0.305462 0.305461
    outer loop
      vertex 0.508041 7.67518 1.5
      vertex 0.225463 8.01235 0.328512
      vertex 0.210001 7.67518 0.620031
    endloop
  endfacet
  facet normal -0.90188 0.30546 0.30546
    outer loop
      vertex 0.271723 8.34669 0.130756
      vertex 0.508041 7.67518 1.5
      vertex 0.508041 9.11732 0.0578631
    endloop
  endfacet
  facet normal 1 -0 0
    outer loop
      vertex 0 8.95745 -0.511834
      vertex 0 10.6752 -1.5
      vertex 0 8.95745 0.217731
    endloop
  endfacet
  facet normal 1 0 0
    outer loop
      vertex 0 10.6752 -1.5
      vertex 0 8.95745 -0.511834
      vertex 0 9.17518 -1.5
    endloop
  endfacet
  facet normal 1 -0 0
    outer loop
      vertex 0 7.67518 0
      vertex 0 8.95745 -0.511834
      vertex 0 8.77368 0.0745839
    endloop
  endfacet
  facet normal 1 0 0
    outer loop
      vertex 0 7.67518 0
      vertex 0 8.77368 0.0745839
      vertex 0 8.60292 0.467101
    endloop
  endfacet
  facet normal 1 0 0
    outer loop
      vertex 0 7.67518 0
      vertex 0 8.60292 0.467101
      vertex 0 8.52196 0.653223
    endloop
  endfacet
  facet normal 1 0 0
    outer loop
      vertex 0 7.67518 0
      vertex 0 8.52196 0.653223
      vertex 0 7.67518 1.5
    endloop
  endfacet
  facet normal 1 0 0
    outer loop
      vertex 0 8.95745 -0.511834
      vertex 0 7.67518 0
      vertex 0 9.17518 -1.5
    endloop
  endfacet
  facet normal 0 0 0
    outer loop
      vertex 0 7.67518 1.5
      vertex -0.0109887 7.67518 1.5
      vertex -0.508041 7.67518 1.5
    endloop
  endfacet
  facet normal 0 0.707107 0.707107
    outer loop
      vertex 0 7.67518 1.5
      vertex -0.0263338 7.96438 1.2108
      vertex -0.0109887 7.67518 1.5
    endloop
  endfacet
  facet normal 0.000445412 0.707127 0.707086
    outer loop
      vertex -0.0262073 8.13733 1.03784
      vertex -0.0263338 7.96438 1.2108
      vertex 0 7.67518 1.5
    endloop
  endfacet
  facet normal 0.000760097 0.707127 0.707086
    outer loop
      vertex -0.0263338 7.96438 1.2108
      vertex -0.0262073 8.13733 1.03784
      vertex -0.0301252 8.03584 1.13934
    endloop
  endfacet
  facet normal -0.00031399 0.707105 0.707108
    outer loop
      vertex 0 8.52196 0.653223
      vertex -0.0262073 8.13733 1.03784
      vertex 0 7.67518 1.5
    endloop
  endfacet
  facet normal 0.000466684 0.707079 0.707135
    outer loop
      vertex -0.0262073 8.13733 1.03784
      vertex 0 8.52196 0.653223
      vertex -0.0160651 8.40005 0.775134
    endloop
  endfacet
  facet normal 0 0.707107 0.707107
    outer loop
      vertex -0.209999 7.67522 1.49996
      vertex -0.508041 7.67518 1.5
      vertex -0.0109887 7.67518 1.5
    endloop
  endfacet
  facet normal -5.26006e-16 0.707107 0.707107
    outer loop
      vertex -0.192773 8.05079 1.12439
      vertex -0.508041 7.67518 1.5
      vertex -0.209999 7.67522 1.49996
    endloop
  endfacet
  facet normal -1.08331e-05 0.707111 0.707102
    outer loop
      vertex -0.141239 8.42325 0.751926
      vertex -0.508041 7.67518 1.5
      vertex -0.192773 8.05079 1.12439
    endloop
  endfacet
  facet normal 2.22184e-05 0.707103 0.70711
    outer loop
      vertex -0.055829 8.78943 0.385747
      vertex -0.508041 7.67518 1.5
      vertex -0.141239 8.42325 0.751926
    endloop
  endfacet
  facet normal -1.43505e-05 0.707101 0.707113
    outer loop
      vertex -0.508041 10.6752 -1.5
      vertex -0.055829 8.78943 0.385747
      vertex 0 8.95745 0.217731
    endloop
  endfacet
  facet normal -0 0.707103 0.707111
    outer loop
      vertex -0.508041 10.6752 -1.5
      vertex 0 8.95745 0.217731
      vertex 0 10.6752 -1.5
    endloop
  endfacet
  facet normal 1.63064e-05 0.707104 0.707109
    outer loop
      vertex -0.055829 8.78943 0.385747
      vertex -0.508041 10.6752 -1.5
      vertex -0.508041 7.67518 1.5
    endloop
  endfacet
  facet normal -0.889133 0.323607 0.323606
    outer loop
      vertex -1.0466 7.67518 0.0202942
      vertex -0.508041 10.6752 -1.5
      vertex -1.0466 9.19547 -1.5
    endloop
  endfacet
  facet normal -0.889131 0.323609 0.323611
    outer loop
      vertex -0.508041 10.6752 -1.5
      vertex -1.0466 7.67518 0.0202942
      vertex -0.508041 7.67518 1.5
    endloop
  endfacet
  facet normal 0 0.707108 0.707106
    outer loop
      vertex -1.0466 9.19547 -1.5
      vertex -1.44664 7.67518 0.0202942
      vertex -1.0466 7.67518 0.0202942
    endloop
  endfacet
  facet normal 0 0.707108 0.707106
    outer loop
      vertex -1.44664 7.67518 0.0202942
      vertex -1.0466 9.19547 -1.5
      vertex -1.44664 9.19547 -1.5
    endloop
  endfacet
  facet normal -0.88912 0.323625 0.323624
    outer loop
      vertex -1.44664 7.67518 0.0202942
      vertex -1.44664 9.19547 -1.5
      vertex -2 7.67518 -1.5
    endloop
  endfacet
  facet normal -0 0 -1
    outer loop
      vertex -7.94594 -4.58759 -1.5
      vertex -9.499 -4.89761 -1.5
      vertex -8.48681 -3.69135 -1.5
    endloop
  endfacet
  facet normal 0 0 -1
    outer loop
      vertex -7.44021 -5.50412 -1.5
      vertex -5.6469 -5.56964 -1.5
      vertex -7.24019 -5.85056 -1.5
    endloop
  endfacet
  facet normal 0 0 -1
    outer loop
      vertex -7.94594 -4.58759 -1.5
      vertex -5.6469 -5.56964 -1.5
      vertex -7.44021 -5.50412 -1.5
    endloop
  endfacet
  facet normal 0 0 -1
    outer loop
      vertex -5.6469 -5.56964 -1.5
      vertex -7.94594 -4.58759 -1.5
      vertex -7.6469 -2.10554 -1.5
    endloop
  endfacet
  facet normal 0 0 -1
    outer loop
      vertex -8.99096 -5.77757 -1.5
      vertex -7.94594 -4.58759 -1.5
      vertex -7.44021 -5.50412 -1.5
    endloop
  endfacet
  facet normal 0 0 -1
    outer loop
      vertex -7.94594 -4.58759 -1.5
      vertex -8.99096 -5.77757 -1.5
      vertex -9.24498 -5.33759 -1.5
    endloop
  endfacet
  facet normal 0 0 -1
    outer loop
      vertex -8.48681 -3.69135 -1.5
      vertex -7.6469 -2.10554 -1.5
      vertex -7.94594 -4.58759 -1.5
    endloop
  endfacet
  facet normal 0 0 -1
    outer loop
      vertex -7.6469 -2.10554 -1.5
      vertex -8.48681 -3.69135 -1.5
      vertex -8.68683 -3.34491 -1.5
    endloop
  endfacet
  facet normal 0.866025 0.500001 1.09594e-06
    outer loop
      vertex -7.1702 -2.93121 0.0202942
      vertex -6.6469 -3.83759 0
      vertex -7.6469 -2.10554 -1.5
    endloop
  endfacet
  facet normal 0.866029 0.499994 3.61995e-06
    outer loop
      vertex -5.92358 -5.09042 0.0202942
      vertex -5.6469 -5.56964 -1.5
      vertex -6.1236 -4.74397 0.0202942
    endloop
  endfacet
  facet normal 0.866025 0.500001 1.85075e-06
    outer loop
      vertex -6.39288 -4.27757 1.5
      vertex -6.1236 -4.74397 0.0202942
      vertex -6.6469 -3.83759 0
    endloop
  endfacet
  facet normal 0.866028 0.499996 0
    outer loop
      vertex -6.6469 -3.83759 1.5
      vertex -6.39288 -4.27757 1.5
      vertex -6.6469 -3.83759 0
    endloop
  endfacet
  facet normal 0.866025 0.500001 -1.09594e-06
    outer loop
      vertex -6.1236 -4.74397 0.0202942
      vertex -5.6469 -5.56964 -1.5
      vertex -6.6469 -3.83759 0
    endloop
  endfacet
  facet normal 0.866025 0.500001 -1.85075e-06
    outer loop
      vertex -6.90092 -3.39761 1.5
      vertex -6.6469 -3.83759 0
      vertex -7.1702 -2.93121 0.0202942
    endloop
  endfacet
  facet normal 0.866029 0.499994 -3.61995e-06
    outer loop
      vertex -7.37022 -2.58476 0.0202942
      vertex -7.1702 -2.93121 0.0202942
      vertex -7.6469 -2.10554 -1.5
    endloop
  endfacet
  facet normal 0.866025 0.5 7.40149e-17
    outer loop
      vertex -6.6469 -3.83759 0
      vertex -5.6469 -5.56964 -1.5
      vertex -7.6469 -2.10554 -1.5
    endloop
  endfacet
  facet normal -0.724828 0.608188 0.323622
    outer loop
      vertex -7.37022 -2.58476 0.0202942
      vertex -7.6469 -2.10554 -1.5
      vertex -8.68683 -3.34491 -1.5
    endloop
  endfacet
  facet normal -0.612376 -0.35355 0.707105
    outer loop
      vertex -7.37022 -2.58476 0.0202942
      vertex -8.48681 -3.69135 -1.5
      vertex -7.1702 -2.93121 0.0202942
    endloop
  endfacet
  facet normal -0.612371 -0.353557 0.707106
    outer loop
      vertex -8.48681 -3.69135 -1.5
      vertex -7.37022 -2.58476 0.0202942
      vertex -8.68683 -3.34491 -1.5
    endloop
  endfacet
  facet normal -0.724819 0.608206 0.32361
    outer loop
      vertex -6.90092 -3.39761 1.5
      vertex -8.48681 -3.69135 -1.5
      vertex -9.499 -4.89761 -1.5
    endloop
  endfacet
  facet normal -0.724819 0.608206 0.323609
    outer loop
      vertex -6.90092 -3.39761 1.5
      vertex -7.1702 -2.93121 0.0202942
      vertex -8.48681 -3.69135 -1.5
    endloop
  endfacet
  facet normal 0.1864 -0.933781 0.305463
    outer loop
      vertex -7.94594 -4.58759 -1.5
      vertex -6.6469 -3.83759 0
      vertex -9.499 -4.89761 -1.5
    endloop
  endfacet
  facet normal 0.1864 -0.933781 0.305463
    outer loop
      vertex -6.6469 -3.83759 0
      vertex -6.90092 -3.39761 1.5
      vertex -9.499 -4.89761 -1.5
    endloop
  endfacet
  facet normal -0.499999 0.866026 2.46716e-16
    outer loop
      vertex -6.6469 -3.83759 1.5
      vertex -7.94594 -4.58759 -1.5
      vertex -9.24498 -5.33759 -1.5
    endloop
  endfacet
  facet normal -0.499999 0.866026 0
    outer loop
      vertex -6.6469 -3.83759 1.5
      vertex -6.6469 -3.83759 0
      vertex -7.94594 -4.58759 -1.5
    endloop
  endfacet
  facet normal -0.612374 -0.353551 0.707107
    outer loop
      vertex -6.6469 -3.83759 1.5
      vertex -8.99096 -5.77757 -1.5
      vertex -6.39288 -4.27757 1.5
    endloop
  endfacet
  facet normal -0.612374 -0.353551 0.707107
    outer loop
      vertex -8.99096 -5.77757 -1.5
      vertex -6.6469 -3.83759 1.5
      vertex -9.24498 -5.33759 -1.5
    endloop
  endfacet
  facet normal 0.164311 -0.931814 0.323612
    outer loop
      vertex -7.44021 -5.50412 -1.5
      vertex -6.1236 -4.74397 0.0202942
      vertex -8.99096 -5.77757 -1.5
    endloop
  endfacet
  facet normal 0.164313 -0.931815 0.323608
    outer loop
      vertex -6.1236 -4.74397 0.0202942
      vertex -6.39288 -4.27757 1.5
      vertex -8.99096 -5.77757 -1.5
    endloop
  endfacet
  facet normal -0.612376 -0.35355 0.707105
    outer loop
      vertex -6.1236 -4.74397 0.0202942
      vertex -7.24019 -5.85056 -1.5
      vertex -5.92358 -5.09042 0.0202942
    endloop
  endfacet
  facet normal -0.612371 -0.353557 0.707106
    outer loop
      vertex -7.24019 -5.85056 -1.5
      vertex -6.1236 -4.74397 0.0202942
      vertex -7.44021 -5.50412 -1.5
    endloop
  endfacet
  facet normal 0.164292 -0.931814 0.323622
    outer loop
      vertex -5.6469 -5.56964 -1.5
      vertex -5.92358 -5.09042 0.0202942
      vertex -7.24019 -5.85056 -1.5
    endloop
  endfacet
  facet normal -0 0 -1
    outer loop
      vertex 0.946354 -1.12406 -1.5
      vertex 0.566414 -1.57686 -1.5
      vertex 0.877742 -1.00522 -1.5
    endloop
  endfacet
  facet normal 0 0 -1
    outer loop
      vertex 1.75852 0.428645 -1.5
      vertex 1.64881 0.297904 -1.5
      vertex 1.69869 0.416702 -1.5
    endloop
  endfacet
  facet normal -0 0 -1
    outer loop
      vertex 2.09358 1.10067 -1.5
      vertex 1.69869 0.416702 -1.5
      vertex 1.95021 1.12595 -1.5
    endloop
  endfacet
  facet normal 0 0 -1
    outer loop
      vertex 1.0824 1.27896 -1.5
      vertex 1.69869 0.416702 -1.5
      vertex 1.64881 0.297904 -1.5
    endloop
  endfacet
  facet normal 0 0 -1
    outer loop
      vertex 1.69869 0.416702 -1.5
      vertex 1.27694 1.26276 -1.5
      vertex 1.95021 1.12595 -1.5
    endloop
  endfacet
  facet normal 0 0 -1
    outer loop
      vertex 1.30941 -0.257538 -1.5
      vertex 1.64881 0.297904 -1.5
      vertex 1.44664 -0.257538 -1.5
    endloop
  endfacet
  facet normal 0 0 -1
    outer loop
      vertex 1.0824 1.27896 -1.5
      vertex 1.64881 0.297904 -1.5
      vertex 1.30941 -0.257538 -1.5
    endloop
  endfacet
  facet normal 0 0 -1
    outer loop
      vertex 1.95021 1.12595 -1.5
      vertex 1.27694 1.26276 -1.5
      vertex 2 1.26276 -1.5
    endloop
  endfacet
  facet normal 0 0 -1
    outer loop
      vertex 1.69869 0.416702 -1.5
      vertex 1.0824 1.27896 -1.5
      vertex 1.27694 1.26276 -1.5
    endloop
  endfacet
  facet normal 0 0 -1
    outer loop
      vertex 1.27694 1.26276 -1.5
      vertex 1.0824 1.27896 -1.5
      vertex 1.25048 1.3086 -1.5
    endloop
  endfacet
  facet normal 0 0 -1
    outer loop
      vertex 0.431673 1.26276 -1.5
      vertex 1.30941 -0.257538 -1.5
      vertex 0.877742 -1.00522 -1.5
    endloop
  endfacet
  facet normal 0 0 -1
    outer loop
      vertex -0.877742 -1.00522 -1.5
      vertex 0.877742 -1.00522 -1.5
      vertex 0.566414 -1.57686 -1.5
    endloop
  endfacet
  facet normal 0 0 -1
    outer loop
      vertex 0.455106 -1.73724 -1.5
      vertex 0.566414 -1.57686 -1.5
      vertex 0.508041 -1.73724 -1.5
    endloop
  endfacet
  facet normal 0 0 -1
    outer loop
      vertex 1.30941 -0.257538 -1.5
      vertex 0.431673 1.26276 -1.5
      vertex 1.0824 1.27896 -1.5
    endloop
  endfacet
  facet normal 0 0 -1
    outer loop
      vertex -0.488469 -1.67946 -1.5
      vertex 0.566414 -1.57686 -1.5
      vertex 0.455106 -1.73724 -1.5
    endloop
  endfacet
  facet normal -0 0 -1
    outer loop
      vertex 1.0824 1.27896 -1.5
      vertex 0.431673 1.26276 -1.5
      vertex 0.500285 1.3816 -1.5
    endloop
  endfacet
  facet normal 0 0 -1
    outer loop
      vertex 0 -2.2519 -1.5
      vertex 0.455106 -1.73724 -1.5
      vertex 0.0935783 -2.36343 -1.5
    endloop
  endfacet
  facet normal 0 0 -1
    outer loop
      vertex -0.488469 -1.67946 -1.5
      vertex 0.455106 -1.73724 -1.5
      vertex 0 -2.2519 -1.5
    endloop
  endfacet
  facet normal 0 0 -1
    outer loop
      vertex -0.488469 -1.67946 -1.5
      vertex 0 -2.2519 -1.5
      vertex -0.0935783 -2.36343 -1.5
    endloop
  endfacet
  facet normal -0 0 -1
    outer loop
      vertex 0.566414 -1.57686 -1.5
      vertex -0.488469 -1.67946 -1.5
      vertex -0.566414 -1.57686 -1.5
    endloop
  endfacet
  facet normal 0 0 -1
    outer loop
      vertex 0.566414 -1.57686 -1.5
      vertex -0.566414 -1.57686 -1.5
      vertex -0.877742 -1.00522 -1.5
    endloop
  endfacet
  facet normal 0 0 -1
    outer loop
      vertex 0.877742 -1.00522 -1.5
      vertex -0.877742 -1.00522 -1.5
      vertex 0.431673 1.26276 -1.5
    endloop
  endfacet
  facet normal 0 0 -1
    outer loop
      vertex -0.566414 -1.57686 -1.5
      vertex -0.488469 -1.67946 -1.5
      vertex -0.508041 -1.73724 -1.5
    endloop
  endfacet
  facet normal -0 0 -1
    outer loop
      vertex 0.431673 1.26276 -1.5
      vertex -0.877742 -1.00522 -1.5
      vertex -0.431673 1.26276 -1.5
    endloop
  endfacet
  facet normal 0 0 -1
    outer loop
      vertex -1.30941 -0.257538 -1.5
      vertex -0.431673 1.26276 -1.5
      vertex -0.877742 -1.00522 -1.5
    endloop
  endfacet
  facet normal 0 -0 -1
    outer loop
      vertex -1.0824 1.27896 -1.5
      vertex -0.431673 1.26276 -1.5
      vertex -1.30941 -0.257538 -1.5
    endloop
  endfacet
  facet normal 0 0 -1
    outer loop
      vertex -0.431673 1.26276 -1.5
      vertex -1.0824 1.27896 -1.5
      vertex -0.500285 1.3816 -1.5
    endloop
  endfacet
  facet normal 0 0 -1
    outer loop
      vertex -1.64881 0.297904 -1.5
      vertex -1.0824 1.27896 -1.5
      vertex -1.30941 -0.257538 -1.5
    endloop
  endfacet
  facet normal 0 0 -1
    outer loop
      vertex -1.64881 0.297904 -1.5
      vertex -1.30941 -0.257538 -1.5
      vertex -1.44664 -0.257538 -1.5
    endloop
  endfacet
  facet normal 0 0 -1
    outer loop
      vertex -1.0824 1.27896 -1.5
      vertex -1.64881 0.297904 -1.5
      vertex -1.21022 1.26276 -1.5
    endloop
  endfacet
  facet normal 0 0 -1
    outer loop
      vertex -1.73205 0.474488 -1.5
      vertex -1.21022 1.26276 -1.5
      vertex -1.64881 0.297904 -1.5
    endloop
  endfacet
  facet normal 0 0 -1
    outer loop
      vertex -1.95021 1.12595 -1.5
      vertex -1.21022 1.26276 -1.5
      vertex -1.73205 0.474488 -1.5
    endloop
  endfacet
  facet normal -0 0 -1
    outer loop
      vertex -1.21022 1.26276 -1.5
      vertex -1.95021 1.12595 -1.5
      vertex -2 1.26276 -1.5
    endloop
  endfacet
  facet normal 0 0 -1
    outer loop
      vertex -1.73205 0.474488 -1.5
      vertex -2.09358 1.10067 -1.5
      vertex -1.95021 1.12595 -1.5
    endloop
  endfacet
  facet normal 0 0 -1
    outer loop
      vertex -1.64881 0.297904 -1.5
      vertex -1.75852 0.428645 -1.5
      vertex -1.73205 0.474488 -1.5
    endloop
  endfacet
  facet normal 0 0 -1
    outer loop
      vertex -0.566414 -1.57686 -1.5
      vertex -0.946354 -1.12406 -1.5
      vertex -0.877742 -1.00522 -1.5
    endloop
  endfacet
  facet normal -0 0 -1
    outer loop
      vertex -1.0824 1.27896 -1.5
      vertex -1.21022 1.26276 -1.5
      vertex -1.25048 1.3086 -1.5
    endloop
  endfacet
  facet normal 0 1 0
    outer loop
      vertex -0.706122 1.26276 -1.26232
      vertex -1.08239 1.26276 -1.45334
      vertex -1.17107 1.26276 -1.40831
    endloop
  endfacet
  facet normal 0 1 -0
    outer loop
      vertex 0.431673 1.26276 -1.5
      vertex -0.706122 1.26276 -1.26232
      vertex 0.706122 1.26276 -1.26232
    endloop
  endfacet
  facet normal 0 1 0
    outer loop
      vertex -0.706122 1.26276 -1.26232
      vertex 0.431673 1.26276 -1.5
      vertex -0.431673 1.26276 -1.5
    endloop
  endfacet
  facet normal 0 1 0
    outer loop
      vertex 1.17107 1.26276 -1.40831
      vertex 1.41566 1.26276 -0.511834
      vertex 1.62566 1.26276 -0.511834
    endloop
  endfacet
  facet normal 0 1 0
    outer loop
      vertex 1.41566 1.26276 -0.511834
      vertex 0.706122 1.26276 -1.26232
      vertex -1.41566 1.26276 -0.511834
    endloop
  endfacet
  facet normal 0 1 -0
    outer loop
      vertex -0.706122 1.26276 -1.26232
      vertex -1.41566 1.26276 -0.511834
      vertex 0.706122 1.26276 -1.26232
    endloop
  endfacet
  facet normal 0 1 0
    outer loop
      vertex 1.41566 1.26276 -0.511834
      vertex 1.17107 1.26276 -1.40831
      vertex 0.706122 1.26276 -1.26232
    endloop
  endfacet
  facet normal 0 1 0
    outer loop
      vertex 2 1.26276 -1.5
      vertex 1.62566 1.26276 -0.511834
      vertex 1.62566 1.26276 -0.471538
    endloop
  endfacet
  facet normal 0 1 0
    outer loop
      vertex 1.27694 1.26276 -1.5
      vertex 1.62566 1.26276 -0.511834
      vertex 2 1.26276 -1.5
    endloop
  endfacet
  facet normal 0 1 0
    outer loop
      vertex 1.62566 1.26276 -0.511834
      vertex 1.27694 1.26276 -1.5
      vertex 1.17107 1.26276 -1.40831
    endloop
  endfacet
  facet normal 0 1 -0
    outer loop
      vertex 1.41566 1.26276 -0.511834
      vertex 1.0466 1.26276 0.0202942
      vertex 1.41566 1.26276 0.0202942
    endloop
  endfacet
  facet normal 0 1 0
    outer loop
      vertex 1.0466 1.26276 0.0202942
      vertex 1.41566 1.26276 -0.511834
      vertex 0 1.26276 0
    endloop
  endfacet
  facet normal 0 1 0
    outer loop
      vertex 0 1.26276 0
      vertex 0.508041 1.26276 1.5
      vertex 1.0466 1.26276 0.0202942
    endloop
  endfacet
  facet normal 0 1 0
    outer loop
      vertex 0.508041 1.26276 1.5
      vertex 0 1.26276 0
      vertex 0 1.26276 1.5
    endloop
  endfacet
  facet normal 0 1 0
    outer loop
      vertex 0 1.26276 0
      vertex -1.0466 1.26276 0.0202942
      vertex -0.508041 1.26276 1.5
    endloop
  endfacet
  facet normal 0 1 0
    outer loop
      vertex -1.41566 1.26276 -0.511834
      vertex -1.0466 1.26276 0.0202942
      vertex 0 1.26276 0
    endloop
  endfacet
  facet normal 0 1 0
    outer loop
      vertex -1.41566 1.26276 -0.511834
      vertex 0 1.26276 0
      vertex 1.41566 1.26276 -0.511834
    endloop
  endfacet
  facet normal 0 1 0
    outer loop
      vertex -1.0466 1.26276 0.0202942
      vertex -1.41566 1.26276 -0.511834
      vertex -1.41566 1.26276 0.0202942
    endloop
  endfacet
  facet normal 0 1 -0
    outer loop
      vertex -1.17107 1.26276 -1.40831
      vertex -1.41566 1.26276 -0.511834
      vertex -0.706122 1.26276 -1.26232
    endloop
  endfacet
  facet normal 0 1 0
    outer loop
      vertex -1.41566 1.26276 -0.511834
      vertex -1.17107 1.26276 -1.40831
      vertex -1.62566 1.26276 -0.511834
    endloop
  endfacet
  facet normal 0 1 0
    outer loop
      vertex -2 1.26276 -1.5
      vertex -1.17107 1.26276 -1.40831
      vertex -1.19508 1.26276 -1.46455
    endloop
  endfacet
  facet normal 0 1 0
    outer loop
      vertex -2 1.26276 -1.5
      vertex -1.19508 1.26276 -1.46455
      vertex -1.21022 1.26276 -1.5
    endloop
  endfacet
  facet normal 0 1 -0
    outer loop
      vertex -1.62566 1.26276 -0.511834
      vertex -2 1.26276 -1.5
      vertex -1.62566 1.26276 -0.471538
    endloop
  endfacet
  facet normal 0 1 0
    outer loop
      vertex -1.17107 1.26276 -1.40831
      vertex -2 1.26276 -1.5
      vertex -1.62566 1.26276 -0.511834
    endloop
  endfacet
  facet normal 0 1 -0
    outer loop
      vertex 1.1233 1.26276 -1.43257
      vertex 0.706122 1.26276 -1.26232
      vertex 1.17107 1.26276 -1.40831
    endloop
  endfacet
  facet normal 0 1 0
    outer loop
      vertex 0.706122 1.26276 -1.26232
      vertex 1.1233 1.26276 -1.43257
      vertex 1.08239 1.26276 -1.45334
    endloop
  endfacet
  facet normal -0.889117 -0.323636 0.323621
    outer loop
      vertex -2 1.26276 -1.5
      vertex -1.62782 1.2284 -0.511834
      vertex -1.62566 1.26276 -0.471538
    endloop
  endfacet
  facet normal -0.889132 -0.323587 0.323629
    outer loop
      vertex -1.95021 1.12595 -1.5
      vertex -1.62782 1.2284 -0.511834
      vertex -2 1.26276 -1.5
    endloop
  endfacet
  facet normal -0.88912 -0.323621 0.323628
    outer loop
      vertex -1.95021 1.12595 -1.5
      vertex -1.50768 0.898326 -0.511834
      vertex -1.62782 1.2284 -0.511834
    endloop
  endfacet
  facet normal -0.889119 -0.323626 0.323626
    outer loop
      vertex -1.50768 0.898326 -0.511834
      vertex -1.95021 1.12595 -1.5
      vertex -1.44664 0.835217 -0.407244
    endloop
  endfacet
  facet normal -0.889087 -0.323672 0.323666
    outer loop
      vertex -1.46984 0.978748 -0.327439
      vertex -1.44664 0.835217 -0.407244
      vertex -1.44664 1.05013 -0.192327
    endloop
  endfacet
  facet normal -0.889116 -0.323647 0.323612
    outer loop
      vertex -1.44664 0.835217 -0.407244
      vertex -1.46984 0.978748 -0.327439
      vertex -1.50768 0.898326 -0.511834
    endloop
  endfacet
  facet normal -0.889127 -0.323685 0.323545
    outer loop
      vertex -1.64881 0.297904 -1.5
      vertex -1.44664 -0.019857 -1.26232
      vertex -1.63478 0.306005 -1.45334
    endloop
  endfacet
  facet normal -0.889121 -0.323623 0.323624
    outer loop
      vertex -1.44664 -0.019857 -1.26232
      vertex -1.64881 0.297904 -1.5
      vertex -1.44664 -0.257538 -1.5
    endloop
  endfacet
  facet normal 0 -0.707105 0.707108
    outer loop
      vertex -1.30941 -0.257538 -1.5
      vertex -1.44664 -0.019857 -1.26232
      vertex -1.44664 -0.257538 -1.5
    endloop
  endfacet
  facet normal 1 0 0
    outer loop
      vertex -1.44664 1.05013 -0.192327
      vertex -1.44664 0.835217 -0.407244
      vertex -1.44664 0.835218 -0.407244
    endloop
  endfacet
  facet normal 0 -0.707085 0.707128
    outer loop
      vertex -1.42174 1.16606 -0.0763999
      vertex -1.0466 1.26276 0.0202942
      vertex -1.41566 1.26276 0.0202942
    endloop
  endfacet
  facet normal 1.18977e-05 -0.707108 0.707105
    outer loop
      vertex -1.4399 1.07089 -0.17157
      vertex -1.0466 1.26276 0.0202942
      vertex -1.42174 1.16606 -0.0763999
    endloop
  endfacet
  facet normal -4.68447e-05 -0.707048 0.707165
    outer loop
      vertex -1.44664 1.05013 -0.192327
      vertex -1.0466 1.26276 0.0202942
      vertex -1.4399 1.07089 -0.17157
    endloop
  endfacet
  facet normal 2.42986e-05 -0.707115 0.707099
    outer loop
      vertex -1.44664 0.835218 -0.407244
      vertex -1.0466 1.26276 0.0202942
      vertex -1.44664 1.05013 -0.192327
    endloop
  endfacet
  facet normal 2.35586e-06 -0.707105 0.707109
    outer loop
      vertex -1.0466 1.26276 0.0202942
      vertex -1.44664 0.835218 -0.407244
      vertex -1.0466 0.604255 -0.638207
    endloop
  endfacet
  facet normal -0.889137 -0.323631 0.32357
    outer loop
      vertex -0.566414 -1.57686 -1.5
      vertex -0.508041 -1.64556 -1.40831
      vertex -0.552382 -1.56876 -1.45334
    endloop
  endfacet
  facet normal -0.889138 -0.323617 0.323582
    outer loop
      vertex -0.508041 -1.64556 -1.40831
      vertex -0.566414 -1.57686 -1.5
      vertex -0.508041 -1.73724 -1.5
    endloop
  endfacet
  facet normal -0.889131 -0.323609 0.323611
    outer loop
      vertex -0.508042 0.293318 0.530562
      vertex -0.508041 1.26276 1.5
      vertex -0.79315 0.457925 -0.0881741
    endloop
  endfacet
  facet normal 0 -0.707105 0.707108
    outer loop
      vertex -0.508041 1.26276 1.5
      vertex -0.508042 0.293318 0.530562
      vertex -0.508041 0.293318 0.530562
    endloop
  endfacet
  facet normal -0.889131 -0.323607 0.323612
    outer loop
      vertex -0.544101 -0.427156 -0.288986
      vertex -0.508041 -0.293317 -0.0560733
      vertex -0.646458 -0.373232 -0.516291
    endloop
  endfacet
  facet normal -0.889127 -0.323615 0.323616
    outer loop
      vertex -0.508041 -0.293317 -0.0560733
      vertex -0.544101 -0.427156 -0.288986
      vertex -0.508041 -0.446153 -0.208909
    endloop
  endfacet
  facet normal -0.889131 -0.323609 0.323611
    outer loop
      vertex -0.914717 0.528112 -0.351997
      vertex -1.0466 1.26276 0.0202942
      vertex -1.0466 0.604255 -0.638207
    endloop
  endfacet
  facet normal -0.889131 -0.323609 0.32361
    outer loop
      vertex -0.79315 0.457925 -0.0881741
      vertex -1.0466 1.26276 0.0202942
      vertex -0.914717 0.528112 -0.351997
    endloop
  endfacet
  facet normal -0.889131 -0.323609 0.323611
    outer loop
      vertex -1.0466 1.26276 0.0202942
      vertex -0.79315 0.457925 -0.0881741
      vertex -0.508041 1.26276 1.5
    endloop
  endfacet
  facet normal 0.901862 -0.305491 0.305483
    outer loop
      vertex -0.488469 -1.67946 -1.5
      vertex -0.496036 -1.66635 -1.46455
      vertex -0.508041 -1.73724 -1.5
    endloop
  endfacet
  facet normal 0.90188 -0.305459 0.305461
    outer loop
      vertex 0 0.746465 -0.516291
      vertex 0 1.26276 0
      vertex -0.0978779 0.684783 -0.288986
    endloop
  endfacet
  facet normal 0.901884 -0.305472 0.305439
    outer loop
      vertex -0.496036 -1.66635 -1.46455
      vertex -0.508041 -1.64556 -1.40831
      vertex -0.508041 -1.73724 -1.5
    endloop
  endfacet
  facet normal 0.90188 -0.305461 0.305461
    outer loop
      vertex -0.508041 0.293319 0.530561
      vertex 0 1.26276 0
      vertex -0.508041 1.26276 1.5
    endloop
  endfacet
  facet normal 0.90188 -0.305459 0.305462
    outer loop
      vertex 0 1.26276 0
      vertex -0.132359 0.663054 -0.208909
      vertex -0.0978779 0.684783 -0.288986
    endloop
  endfacet
  facet normal 0.90188 -0.305459 0.305463
    outer loop
      vertex 0 1.26276 0
      vertex -0.508041 0.293319 0.530561
      vertex -0.132359 0.663054 -0.208909
    endloop
  endfacet
  facet normal 0.901879 -0.305461 0.305462
    outer loop
      vertex -0.132359 0.663054 -0.208909
      vertex -0.508041 0.293319 0.530561
      vertex -0.126488 0.633644 -0.255653
    endloop
  endfacet
  facet normal 1 0 -0
    outer loop
      vertex -0.508041 0.293319 0.530561
      vertex -0.508041 1.26276 1.5
      vertex -0.508041 0.293318 0.530562
    endloop
  endfacet
  facet normal 1 0 0
    outer loop
      vertex -0.508041 -0.446153 -0.208909
      vertex -0.508041 -0.293317 -0.0560739
      vertex -0.508041 -0.293317 -0.0560733
    endloop
  endfacet
  facet normal 0.901882 -0.305456 0.305458
    outer loop
      vertex -0.508041 -0.293317 -0.0560739
      vertex -0.508041 -0.446153 -0.208909
      vertex -0.485507 -0.426364 -0.255653
    endloop
  endfacet
  facet normal -1 0 0
    outer loop
      vertex 0 0.586636 -0.0560741
      vertex 0 1.26276 0
      vertex 0 0.746465 -0.516291
    endloop
  endfacet
  facet normal -1 -0 0
    outer loop
      vertex 0 1.26276 0
      vertex 0 0.586636 -0.0560741
      vertex 0 1.26276 1.5
    endloop
  endfacet
  facet normal -1 0 0
    outer loop
      vertex 0 4.42127e-07 0.237244
      vertex 0 1.26276 1.5
      vertex 0 0.586636 -0.0560741
    endloop
  endfacet
  facet normal -1 0 0
    outer loop
      vertex 0 1.26276 1.5
      vertex 0 4.42127e-07 0.237244
      vertex 0 -7.39573e-08 0.237244
    endloop
  endfacet
  facet normal 0 -0.707145 0.707068
    outer loop
      vertex 0.508041 -1.73724 -1.5
      vertex 0.508041 -1.64556 -1.40831
      vertex 0.455106 -1.73724 -1.5
    endloop
  endfacet
  facet normal 0 -0.707106 0.707108
    outer loop
      vertex 0 1.26276 1.5
      vertex 4.46942e-07 1.84085e-07 0.237244
      vertex 0.508041 1.26276 1.5
    endloop
  endfacet
  facet normal 0.377964 -0.654653 0.654655
    outer loop
      vertex 4.46942e-07 1.84085e-07 0.237244
      vertex 0 1.26276 1.5
      vertex 0 -7.39573e-08 0.237244
    endloop
  endfacet
  facet normal 6.28474e-07 -0.707106 0.707108
    outer loop
      vertex 0.437432 -0.252551 -0.0153069
      vertex 0.508041 1.26276 1.5
      vertex 4.46942e-07 1.84085e-07 0.237244
    endloop
  endfacet
  facet normal 4.97649e-06 -0.707106 0.707108
    outer loop
      vertex 0.508041 1.26276 1.5
      vertex 0.437432 -0.252551 -0.0153069
      vertex 0.508041 -0.293317 -0.0560733
    endloop
  endfacet
  facet normal 0.889113 -0.323695 0.323574
    outer loop
      vertex 0.531928 -1.60418 -1.43257
      vertex 0.566414 -1.57686 -1.5
      vertex 0.552382 -1.56876 -1.45334
    endloop
  endfacet
  facet normal 0.889128 -0.323613 0.323615
    outer loop
      vertex 0.566414 -1.57686 -1.5
      vertex 0.531928 -1.60418 -1.43257
      vertex 0.508041 -1.73724 -1.5
    endloop
  endfacet
  facet normal 0.889131 -0.323609 0.323611
    outer loop
      vertex 0.914717 0.528112 -0.351997
      vertex 1.0466 0.604255 -0.638207
      vertex 1.0466 1.26276 0.0202942
    endloop
  endfacet
  facet normal 0.88916 -0.323587 0.323551
    outer loop
      vertex 0.531928 -1.60418 -1.43257
      vertex 0.508041 -1.64556 -1.40831
      vertex 0.508041 -1.73724 -1.5
    endloop
  endfacet
  facet normal 0.889131 -0.323609 0.323611
    outer loop
      vertex 0.508042 0.293318 0.530562
      vertex 1.0466 1.26276 0.0202942
      vertex 0.508041 1.26276 1.5
    endloop
  endfacet
  facet normal 0.889131 -0.323609 0.32361
    outer loop
      vertex 1.0466 1.26276 0.0202942
      vertex 0.79315 0.457925 -0.0881736
      vertex 0.914717 0.528112 -0.351997
    endloop
  endfacet
  facet normal 0.88913 -0.323609 0.323612
    outer loop
      vertex 1.0466 1.26276 0.0202942
      vertex 0.508042 0.293318 0.530562
      vertex 0.79315 0.457925 -0.0881736
    endloop
  endfacet
  facet normal 0.889129 -0.323612 0.323611
    outer loop
      vertex 0.508042 0.293318 0.530562
      vertex 0.508042 -0.293317 -0.0560751
      vertex 0.611996 -0.207279 -0.255653
    endloop
  endfacet
  facet normal -0.767818 -0.45302 0.453021
    outer loop
      vertex 0.508041 -0.293317 -0.0560733
      vertex 0.508042 0.293318 0.530562
      vertex 0.508041 1.26276 1.5
    endloop
  endfacet
  facet normal 0.786333 -0.436853 0.436852
    outer loop
      vertex 0.508041 -0.293317 -0.0560733
      vertex 0.508042 -0.293317 -0.0560751
      vertex 0.508042 0.293318 0.530562
    endloop
  endfacet
  facet normal 0.537471 -0.788648 0.298595
    outer loop
      vertex 0.508041 -0.293317 -0.0560733
      vertex 0.646457 -0.37323 -0.516288
      vertex 0.508042 -0.293317 -0.0560751
    endloop
  endfacet
  facet normal 0.958682 0.063331 0.27734
    outer loop
      vertex 0.646457 -0.37323 -0.516288
      vertex 0.508041 -0.293317 -0.0560733
      vertex 0.646458 -0.373232 -0.516291
    endloop
  endfacet
  facet normal 0 -0.707105 0.707108
    outer loop
      vertex 1.44664 -0.257538 -1.5
      vertex 1.44664 -0.019857 -1.26232
      vertex 1.30941 -0.257538 -1.5
    endloop
  endfacet
  facet normal 0 -0.707085 0.707128
    outer loop
      vertex 1.0466 1.26276 0.0202942
      vertex 1.42174 1.16606 -0.0763999
      vertex 1.41566 1.26276 0.0202942
    endloop
  endfacet
  facet normal -1.18977e-05 -0.707108 0.707105
    outer loop
      vertex 1.0466 1.26276 0.0202942
      vertex 1.4399 1.07089 -0.17157
      vertex 1.42174 1.16606 -0.0763999
    endloop
  endfacet
  facet normal 4.68447e-05 -0.707048 0.707165
    outer loop
      vertex 1.0466 1.26276 0.0202942
      vertex 1.44664 1.05013 -0.192327
      vertex 1.4399 1.07089 -0.17157
    endloop
  endfacet
  facet normal -2.42986e-05 -0.707115 0.707099
    outer loop
      vertex 1.0466 1.26276 0.0202942
      vertex 1.44664 0.835218 -0.407244
      vertex 1.44664 1.05013 -0.192327
    endloop
  endfacet
  facet normal -2.35586e-06 -0.707105 0.707109
    outer loop
      vertex 1.44664 0.835218 -0.407244
      vertex 1.0466 1.26276 0.0202942
      vertex 1.0466 0.604255 -0.638207
    endloop
  endfacet
  facet normal -1 0 0
    outer loop
      vertex 1.44664 1.05013 -0.192327
      vertex 1.44664 0.835218 -0.407244
      vertex 1.44664 0.835217 -0.407244
    endloop
  endfacet
  facet normal 0.889127 -0.323685 0.323545
    outer loop
      vertex 1.44664 -0.019857 -1.26232
      vertex 1.64881 0.297904 -1.5
      vertex 1.63478 0.306005 -1.45334
    endloop
  endfacet
  facet normal 0.889121 -0.323623 0.323624
    outer loop
      vertex 1.64881 0.297904 -1.5
      vertex 1.44664 -0.019857 -1.26232
      vertex 1.44664 -0.257538 -1.5
    endloop
  endfacet
  facet normal 0.889116 -0.323647 0.323612
    outer loop
      vertex 1.46984 0.978748 -0.327439
      vertex 1.44664 0.835217 -0.407244
      vertex 1.50768 0.898326 -0.511834
    endloop
  endfacet
  facet normal 0.889087 -0.323672 0.323666
    outer loop
      vertex 1.44664 0.835217 -0.407244
      vertex 1.46984 0.978748 -0.327439
      vertex 1.44664 1.05013 -0.192327
    endloop
  endfacet
  facet normal 0.889117 -0.323636 0.323621
    outer loop
      vertex 1.62782 1.2284 -0.511834
      vertex 2 1.26276 -1.5
      vertex 1.62566 1.26276 -0.471538
    endloop
  endfacet
  facet normal 0.889132 -0.323587 0.323629
    outer loop
      vertex 1.62782 1.2284 -0.511834
      vertex 1.95021 1.12595 -1.5
      vertex 2 1.26276 -1.5
    endloop
  endfacet
  facet normal 0.88912 -0.323621 0.323628
    outer loop
      vertex 1.50768 0.898326 -0.511834
      vertex 1.95021 1.12595 -1.5
      vertex 1.62782 1.2284 -0.511834
    endloop
  endfacet
  facet normal 0.889119 -0.323626 0.323626
    outer loop
      vertex 1.95021 1.12595 -1.5
      vertex 1.50768 0.898326 -0.511834
      vertex 1.44664 0.835217 -0.407244
    endloop
  endfacet
  facet normal -0.866025 -0.500001 1.40215e-06
    outer loop
      vertex -0.0935783 -2.36343 -1.5
      vertex -0.570278 -1.53776 0.0202942
      vertex -1.09358 -0.631377 0
    endloop
  endfacet
  facet normal -0.866016 -0.500016 -4.16408e-06
    outer loop
      vertex -2.09358 1.10067 -1.5
      vertex -1.80208 0.59579 -0.511834
      vertex -1.9069 0.777336 -0.511834
    endloop
  endfacet
  facet normal -0.866032 -0.499988 0
    outer loop
      vertex -1.80208 0.59579 -0.511834
      vertex -1.61688 0.275004 0.0202942
      vertex -1.80208 0.59579 0.0202942
    endloop
  endfacet
  facet normal -0.866101 -0.499869 9.57517e-05
    outer loop
      vertex -1.61688 0.275004 0.0202942
      vertex -1.80208 0.59579 -0.511834
      vertex -2.09358 1.10067 -1.5
    endloop
  endfacet
  facet normal -0.866022 -0.500006 0
    outer loop
      vertex -2.09358 1.10067 -1.5
      vertex -1.9069 0.777336 -0.511834
      vertex -1.9069 0.777336 -0.474245
    endloop
  endfacet
  facet normal -0.866025 -0.5 3.45719e-07
    outer loop
      vertex -1.09358 -0.631377 0
      vertex -1.3476 -0.191401 1.5
      vertex -1.61688 0.275004 0.0202942
    endloop
  endfacet
  facet normal -0.866026 -0.5 0
    outer loop
      vertex -1.09358 -0.631377 0
      vertex -1.09358 -0.631377 1.5
      vertex -1.3476 -0.191401 1.5
    endloop
  endfacet
  facet normal -0.866025 -0.5 4.99787e-07
    outer loop
      vertex -1.09358 -0.631377 0
      vertex -1.61688 0.275004 0.0202942
      vertex -2.09358 1.10067 -1.5
    endloop
  endfacet
  facet normal -0.866025 -0.500001 1.58476e-06
    outer loop
      vertex -0.570278 -1.53776 0.0202942
      vertex -0.839558 -1.07135 1.5
      vertex -1.09358 -0.631377 0
    endloop
  endfacet
  facet normal -0.866027 -0.499997 0
    outer loop
      vertex -0.280257 -2.04009 -0.511834
      vertex -0.0935783 -2.36343 -1.5
      vertex -0.280257 -2.04009 -0.474244
    endloop
  endfacet
  facet normal -0.86602 -0.50001 5.94222e-06
    outer loop
      vertex -0.385072 -1.85855 -0.511834
      vertex -0.0935783 -2.36343 -1.5
      vertex -0.280257 -2.04009 -0.511834
    endloop
  endfacet
  facet normal -0.866047 -0.499963 -2.61383e-05
    outer loop
      vertex -0.0935783 -2.36343 -1.5
      vertex -0.385072 -1.85855 -0.511834
      vertex -0.570278 -1.53776 0.0202942
    endloop
  endfacet
  facet normal -0.866029 -0.499994 -1.62748e-06
    outer loop
      vertex -0.570278 -1.53776 0.0202942
      vertex -0.385072 -1.85855 -0.511834
      vertex -0.385073 -1.85855 0.0202942
    endloop
  endfacet
  facet normal -0.866023 -0.500004 -4.62283e-05
    outer loop
      vertex -1.67912 0.382803 -1.40831
      vertex -2.09358 1.10067 -1.5
      vertex -1.73205 0.474488 -1.5
    endloop
  endfacet
  facet normal -0.866037 -0.499979 6.28075e-05
    outer loop
      vertex -1.44664 -0.019857 -1.26232
      vertex -1.65523 0.34143 -1.43257
      vertex -1.63478 0.306005 -1.45334
    endloop
  endfacet
  facet normal -0.866012 -0.500024 -6.31276e-05
    outer loop
      vertex -1.44664 -0.019857 -1.26232
      vertex -1.67912 0.382803 -1.40831
      vertex -1.65523 0.34143 -1.43257
    endloop
  endfacet
  facet normal -0.866021 -0.500008 -6.26248e-06
    outer loop
      vertex -1.09358 -0.631377 0
      vertex -1.67912 0.382803 -1.40831
      vertex -1.44664 -0.019857 -1.26232
    endloop
  endfacet
  facet normal -0.866026 -0.499999 2.64186e-06
    outer loop
      vertex -1.67912 0.382803 -1.40831
      vertex -1.09358 -0.631377 0
      vertex -2.09358 1.10067 -1.5
    endloop
  endfacet
  facet normal -0.866026 -0.499999 -1.83819e-05
    outer loop
      vertex -0.740517 -1.2429 -1.26232
      vertex -1.44664 -0.019857 -1.26232
      vertex -1.30941 -0.257538 -1.5
    endloop
  endfacet
  facet normal -0.866029 -0.499994 8.83143e-06
    outer loop
      vertex -0.740517 -1.2429 -1.26232
      vertex -1.30941 -0.257538 -1.5
      vertex -0.877742 -1.00522 -1.5
    endloop
  endfacet
  facet normal -0.866026 -0.499999 -4.34945e-07
    outer loop
      vertex -1.44664 -0.019857 -1.26232
      vertex -0.740517 -1.2429 -1.26232
      vertex -1.09358 -0.631377 0
    endloop
  endfacet
  facet normal -0.866024 -0.500002 5.61515e-06
    outer loop
      vertex -0.508041 -1.64556 -1.40831
      vertex -0.740517 -1.2429 -1.26232
      vertex -0.552382 -1.56876 -1.45334
    endloop
  endfacet
  facet normal -0.866025 -0.5 1.5164e-07
    outer loop
      vertex -0.740517 -1.2429 -1.26232
      vertex -0.508041 -1.64556 -1.40831
      vertex -1.09358 -0.631377 0
    endloop
  endfacet
  facet normal -0.866025 -0.5 5.05786e-05
    outer loop
      vertex -0.0935783 -2.36343 -1.5
      vertex -0.496036 -1.66635 -1.46455
      vertex -0.488469 -1.67946 -1.5
    endloop
  endfacet
  facet normal -0.866025 -0.5 1.34475e-07
    outer loop
      vertex -0.508041 -1.64556 -1.40831
      vertex -0.0935783 -2.36343 -1.5
      vertex -1.09358 -0.631377 0
    endloop
  endfacet
  facet normal -0.866027 -0.499997 -3.03893e-05
    outer loop
      vertex -0.496036 -1.66635 -1.46455
      vertex -0.0935783 -2.36343 -1.5
      vertex -0.508041 -1.64556 -1.40831
    endloop
  endfacet
  facet normal 0.724826 -0.608186 0.323632
    outer loop
      vertex 0 -1.67044 -0.407244
      vertex -0.144565 -1.76768 -0.266206
      vertex -0.0484428 -1.75554 -0.458673
    endloop
  endfacet
  facet normal 0.724836 -0.608157 0.323663
    outer loop
      vertex -0.144565 -1.76768 -0.266206
      vertex 0 -1.67044 -0.407244
      vertex -0.187538 -1.77871 -0.190694
    endloop
  endfacet
  facet normal 0.72483 -0.608184 0.323625
    outer loop
      vertex -0.0247073 -1.75554 -0.511834
      vertex 0 -1.67044 -0.407244
      vertex -0.0484428 -1.75554 -0.458673
    endloop
  endfacet
  facet normal 0.724846 -0.608172 0.323611
    outer loop
      vertex -0.0247073 -1.75554 -0.511834
      vertex 0 -2.2519 -1.5
      vertex 0 -1.67044 -0.407244
    endloop
  endfacet
  facet normal 0.724828 -0.60819 0.323619
    outer loop
      vertex -0.249103 -2.02297 -0.511834
      vertex 0 -2.2519 -1.5
      vertex -0.0247073 -1.75554 -0.511834
    endloop
  endfacet
  facet normal 0.724756 -0.608266 0.323638
    outer loop
      vertex -0.0935783 -2.36343 -1.5
      vertex -0.249103 -2.02297 -0.511834
      vertex -0.280257 -2.04009 -0.474244
    endloop
  endfacet
  facet normal 0.724842 -0.608173 0.323619
    outer loop
      vertex -0.249103 -2.02297 -0.511834
      vertex -0.0935783 -2.36343 -1.5
      vertex 0 -2.2519 -1.5
    endloop
  endfacet
  facet normal 0.724827 -0.608188 0.323625
    outer loop
      vertex 0.552382 -1.56876 -1.45334
      vertex 0.946354 -1.12406 -1.5
      vertex 0.740517 -1.2429 -1.26232
    endloop
  endfacet
  facet normal 0.72484 -0.608206 0.323562
    outer loop
      vertex 0.946354 -1.12406 -1.5
      vertex 0.552382 -1.56876 -1.45334
      vertex 0.566414 -1.57686 -1.5
    endloop
  endfacet
  facet normal 0.612373 0.353552 0.707107
    outer loop
      vertex 0.946354 -1.12406 -1.5
      vertex 0.877742 -1.00522 -1.5
      vertex 0.740517 -1.2429 -1.26232
    endloop
  endfacet
  facet normal 0.612375 0.35355 0.707106
    outer loop
      vertex -0.570278 -1.53776 0.0202942
      vertex 0 -1.67044 -0.407244
      vertex 0 -1.20851 -0.638207
    endloop
  endfacet
  facet normal 0.612374 0.353558 0.707103
    outer loop
      vertex 0 -1.67044 -0.407244
      vertex -0.570278 -1.53776 0.0202942
      vertex -0.187538 -1.77871 -0.190694
    endloop
  endfacet
  facet normal 0.612376 0.353564 0.707099
    outer loop
      vertex -0.187538 -1.77871 -0.190694
      vertex -0.570278 -1.53776 0.0202942
      vertex -0.238406 -1.79177 -0.14011
    endloop
  endfacet
  facet normal 0.61237 0.353548 0.707112
    outer loop
      vertex -0.238406 -1.79177 -0.14011
      vertex -0.570278 -1.53776 0.0202942
      vertex -0.328488 -1.82744 -0.044263
    endloop
  endfacet
  facet normal 0.612366 0.353544 0.707117
    outer loop
      vertex -0.328488 -1.82744 -0.044263
      vertex -0.570278 -1.53776 0.0202942
      vertex -0.385073 -1.85855 0.0202942
    endloop
  endfacet
  facet normal 0.724824 -0.608214 0.323583
    outer loop
      vertex 1.63478 0.306005 -1.45334
      vertex 1.75852 0.428645 -1.5
      vertex 1.67912 0.382803 -1.40831
    endloop
  endfacet
  facet normal 0.724827 -0.608231 0.323545
    outer loop
      vertex 1.75852 0.428645 -1.5
      vertex 1.63478 0.306005 -1.45334
      vertex 1.64881 0.297904 -1.5
    endloop
  endfacet
  facet normal 0.724819 -0.608205 0.323611
    outer loop
      vertex -2.36433e-07 -0.91585 -0.0881741
      vertex 0 -0.586635 0.530562
      vertex -0.839558 -1.07135 1.5
    endloop
  endfacet
  facet normal 0.724819 -0.608205 0.323611
    outer loop
      vertex 0.508042 -0.293317 -0.0560751
      vertex 0.641979 -0.257626 -0.288986
      vertex 0.640401 -0.2169 -0.20891
    endloop
  endfacet
  facet normal 0.724817 -0.608209 0.32361
    outer loop
      vertex 0.641979 -0.257626 -0.288986
      vertex 0.508042 -0.293317 -0.0560751
      vertex 0.646457 -0.37323 -0.516288
    endloop
  endfacet
  facet normal 0.72482 -0.608203 0.323613
    outer loop
      vertex -0.570278 -1.53776 0.0202942
      vertex -2.36433e-07 -0.91585 -0.0881741
      vertex -0.839558 -1.07135 1.5
    endloop
  endfacet
  facet normal 0.724822 -0.608206 0.323603
    outer loop
      vertex -2.36433e-07 -0.91585 -0.0881741
      vertex -0.570278 -1.53776 0.0202942
      vertex -2.15814e-07 -1.05622 -0.351997
    endloop
  endfacet
  facet normal 0.724823 -0.608197 0.323617
    outer loop
      vertex -2.15814e-07 -1.05622 -0.351997
      vertex -0.570278 -1.53776 0.0202942
      vertex 0 -1.20851 -0.638207
    endloop
  endfacet
  facet normal -0.1864 0.933794 0.305423
    outer loop
      vertex 1.75852 0.428645 -1.5
      vertex 1.69869 0.416702 -1.5
      vertex 1.69112 0.403596 -1.46455
    endloop
  endfacet
  facet normal -0.186402 0.933782 0.305461
    outer loop
      vertex -0.544101 -0.427156 -0.288986
      vertex -0.646458 -0.373232 -0.516291
      vertex -1.09358 -0.631377 0
    endloop
  endfacet
  facet normal -0.186371 0.933784 0.305472
    outer loop
      vertex 1.75852 0.428645 -1.5
      vertex 1.69112 0.403596 -1.46455
      vertex 1.67912 0.382803 -1.40831
    endloop
  endfacet
  facet normal -0.186401 0.933782 0.305459
    outer loop
      vertex 0 -0.586635 0.530562
      vertex -1.09358 -0.631377 0
      vertex -0.839558 -1.07135 1.5
    endloop
  endfacet
  facet normal -0.186402 0.933782 0.30546
    outer loop
      vertex 0 -0.586635 0.530562
      vertex -0.508041 -0.446153 -0.208909
      vertex -1.09358 -0.631377 0
    endloop
  endfacet
  facet normal -0.186398 0.933783 0.305458
    outer loop
      vertex -0.508041 -0.446153 -0.208909
      vertex 0 -0.586635 0.530562
      vertex -0.485507 -0.426364 -0.255653
    endloop
  endfacet
  facet normal -0.1864 0.933781 0.305464
    outer loop
      vertex -1.09358 -0.631377 0
      vertex -0.508041 -0.446153 -0.208909
      vertex -0.544101 -0.427156 -0.288986
    endloop
  endfacet
  facet normal -0.186393 0.933781 0.305466
    outer loop
      vertex 0.640401 -0.2169 -0.20891
      vertex 0.611996 -0.207279 -0.255653
      vertex 0.508042 -0.293317 -0.0560751
    endloop
  endfacet
  facet normal 0.5 -0.866026 5.31827e-07
    outer loop
      vertex -0.437432 -0.252551 -0.0153074
      vertex 0 4.42127e-07 0.237244
      vertex -1.09358 -0.631377 1.5
    endloop
  endfacet
  facet normal 0.499999 -0.866026 0
    outer loop
      vertex -1.09358 -0.631377 0
      vertex -0.437432 -0.252551 -0.0153074
      vertex -1.09358 -0.631377 1.5
    endloop
  endfacet
  facet normal 0.499999 -0.866026 1.34871e-07
    outer loop
      vertex -1.09358 -0.631377 0
      vertex -0.508041 -0.293317 -0.0560733
      vertex -0.437432 -0.252551 -0.0153074
    endloop
  endfacet
  facet normal 0.499999 -0.866026 3.06646e-07
    outer loop
      vertex -0.508041 -0.293317 -0.0560733
      vertex -1.09358 -0.631377 0
      vertex -0.646458 -0.373232 -0.516291
    endloop
  endfacet
  facet normal 0.499999 -0.866026 0
    outer loop
      vertex -0.437432 -0.252551 -0.0153074
      vertex -0.508041 -0.293317 -0.0560733
      vertex -0.508041 -0.293317 -0.0560739
    endloop
  endfacet
  facet normal 0.612402 0.353494 0.707111
    outer loop
      vertex 1.27694 1.26276 -1.5
      vertex 1.25048 1.3086 -1.5
      vertex 1.17107 1.26276 -1.40831
    endloop
  endfacet
  facet normal 0.612372 0.353554 0.707107
    outer loop
      vertex -0.508041 0.293319 0.530561
      vertex 0 4.42127e-07 0.237244
      vertex 0 0.586636 -0.0560741
    endloop
  endfacet
  facet normal 0.632456 0.547722 0.547722
    outer loop
      vertex -0.508041 0.293318 0.530562
      vertex 0 4.42127e-07 0.237244
      vertex -0.508041 0.293319 0.530561
    endloop
  endfacet
  facet normal 0.612373 0.353553 0.707107
    outer loop
      vertex -0.508041 0.293318 0.530562
      vertex -1.09358 -0.631377 1.5
      vertex 0 4.42127e-07 0.237244
    endloop
  endfacet
  facet normal 0 0.894427 0.447214
    outer loop
      vertex -1.3476 -0.191401 1.5
      vertex -0.508041 0.293318 0.530562
      vertex -0.508042 0.293318 0.530562
    endloop
  endfacet
  facet normal 0.612372 0.353553 0.707107
    outer loop
      vertex -0.508041 0.293318 0.530562
      vertex -1.3476 -0.191401 1.5
      vertex -1.09358 -0.631377 1.5
    endloop
  endfacet
  facet normal -0.164324 0.931835 0.323544
    outer loop
      vertex 1.0824 1.27896 -1.5
      vertex 1.1233 1.26276 -1.43257
      vertex 1.25048 1.3086 -1.5
    endloop
  endfacet
  facet normal -0.164241 0.931865 0.323501
    outer loop
      vertex 1.1233 1.26276 -1.43257
      vertex 1.0824 1.27896 -1.5
      vertex 1.08239 1.26276 -1.45334
    endloop
  endfacet
  facet normal -0.16431 0.931814 0.323611
    outer loop
      vertex -0.914717 0.528112 -0.351997
      vertex -1.0466 0.604255 -0.638207
      vertex -1.61688 0.275004 0.0202942
    endloop
  endfacet
  facet normal -0.164317 0.931833 0.323555
    outer loop
      vertex 1.17107 1.26276 -1.40831
      vertex 1.25048 1.3086 -1.5
      vertex 1.1233 1.26276 -1.43257
    endloop
  endfacet
  facet normal -0.16431 0.931815 0.323611
    outer loop
      vertex -0.508042 0.293318 0.530562
      vertex -1.61688 0.275004 0.0202942
      vertex -1.3476 -0.191401 1.5
    endloop
  endfacet
  facet normal -0.16431 0.931815 0.32361
    outer loop
      vertex -0.79315 0.457925 -0.0881741
      vertex -1.61688 0.275004 0.0202942
      vertex -0.508042 0.293318 0.530562
    endloop
  endfacet
  facet normal -0.16431 0.931815 0.323611
    outer loop
      vertex -1.61688 0.275004 0.0202942
      vertex -0.79315 0.457925 -0.0881741
      vertex -0.914717 0.528112 -0.351997
    endloop
  endfacet
  facet normal -0.164309 0.931815 0.323611
    outer loop
      vertex 0 0.586636 -0.0560741
      vertex -0.126488 0.633644 -0.255653
      vertex -0.508041 0.293319 0.530561
    endloop
  endfacet
  facet normal 0.612373 0.353552 0.707107
    outer loop
      vertex -0.431673 1.26276 -1.5
      vertex -0.500285 1.3816 -1.5
      vertex -0.706122 1.26276 -1.26232
    endloop
  endfacet
  facet normal 0.612372 0.353553 0.707107
    outer loop
      vertex -1.61688 0.275004 0.0202942
      vertex -1.0466 0.604255 -0.638207
      vertex -1.44664 0.835218 -0.407244
    endloop
  endfacet
  facet normal 0.61238 0.353547 0.707103
    outer loop
      vertex -1.63097 0.728793 -0.194395
      vertex -1.61688 0.275004 0.0202942
      vertex -1.44664 0.835218 -0.407244
    endloop
  endfacet
  facet normal 0.612391 0.353544 0.707095
    outer loop
      vertex -1.69538 0.668305 -0.108368
      vertex -1.61688 0.275004 0.0202942
      vertex -1.63097 0.728793 -0.194395
    endloop
  endfacet
  facet normal 0.61235 0.353547 0.707129
    outer loop
      vertex -1.77377 0.611357 -0.0120123
      vertex -1.61688 0.275004 0.0202942
      vertex -1.69538 0.668305 -0.108368
    endloop
  endfacet
  facet normal 0.612432 0.353577 0.707043
    outer loop
      vertex -1.61688 0.275004 0.0202942
      vertex -1.77377 0.611357 -0.0120123
      vertex -1.80208 0.59579 0.0202942
    endloop
  endfacet
  facet normal -0.1643 0.931813 0.323619
    outer loop
      vertex -1.0824 1.27896 -1.5
      vertex -0.706122 1.26276 -1.26232
      vertex -0.500285 1.3816 -1.5
    endloop
  endfacet
  facet normal -0.164263 0.931839 0.323563
    outer loop
      vertex -0.706122 1.26276 -1.26232
      vertex -1.0824 1.27896 -1.5
      vertex -1.08239 1.26276 -1.45334
    endloop
  endfacet
  facet normal -0.164119 0.931793 0.323769
    outer loop
      vertex -1.44664 0.835218 -0.407244
      vertex -1.62476 0.734628 -0.20804
      vertex -1.63097 0.728793 -0.194395
    endloop
  endfacet
  facet normal -0.745455 0 -0.666555
    outer loop
      vertex -1.44664 0.835217 -0.407244
      vertex -1.62476 0.734628 -0.20804
      vertex -1.44664 0.835218 -0.407244
    endloop
  endfacet
  facet normal -0.164295 0.931815 0.323618
    outer loop
      vertex -1.62476 0.734628 -0.20804
      vertex -1.44664 0.835217 -0.407244
      vertex -1.563 0.809279 -0.391633
    endloop
  endfacet
  facet normal -0.164293 0.931811 0.323631
    outer loop
      vertex -1.44664 0.835217 -0.407244
      vertex -1.53317 0.856286 -0.511834
      vertex -1.563 0.809279 -0.391633
    endloop
  endfacet
  facet normal -0.164295 0.931813 0.323624
    outer loop
      vertex -1.53317 0.856286 -0.511834
      vertex -1.95021 1.12595 -1.5
      vertex -1.87655 0.795742 -0.511834
    endloop
  endfacet
  facet normal -0.164272 0.931819 0.323616
    outer loop
      vertex -1.95021 1.12595 -1.5
      vertex -1.53317 0.856286 -0.511834
      vertex -1.44664 0.835217 -0.407244
    endloop
  endfacet
  facet normal -0.16437 0.93182 0.323564
    outer loop
      vertex -1.87655 0.795742 -0.511834
      vertex -1.9069 0.777336 -0.474245
      vertex -1.88629 0.788666 -0.496404
    endloop
  endfacet
  facet normal -0.164303 0.931811 0.323624
    outer loop
      vertex -2.09358 1.10067 -1.5
      vertex -1.87655 0.795742 -0.511834
      vertex -1.95021 1.12595 -1.5
    endloop
  endfacet
  facet normal -0.164294 0.931813 0.323622
    outer loop
      vertex -1.87655 0.795742 -0.511834
      vertex -2.09358 1.10067 -1.5
      vertex -1.9069 0.777336 -0.474245
    endloop
  endfacet
  facet normal 0.866025 -0.5 4.99787e-07
    outer loop
      vertex 2.09358 1.10067 -1.5
      vertex 1.61688 0.275004 0.0202942
      vertex 1.09358 -0.631377 0
    endloop
  endfacet
  facet normal 0.866027 -0.499997 0
    outer loop
      vertex 0.280257 -2.04009 -0.474244
      vertex 0.0935783 -2.36343 -1.5
      vertex 0.280257 -2.04009 -0.511834
    endloop
  endfacet
  facet normal 0.866029 -0.499994 -1.62748e-06
    outer loop
      vertex 0.570278 -1.53776 0.0202942
      vertex 0.385073 -1.85855 0.0202942
      vertex 0.385072 -1.85855 -0.511834
    endloop
  endfacet
  facet normal 0.866047 -0.499963 -2.61383e-05
    outer loop
      vertex 0.385072 -1.85855 -0.511834
      vertex 0.0935783 -2.36343 -1.5
      vertex 0.570278 -1.53776 0.0202942
    endloop
  endfacet
  facet normal 0.86602 -0.50001 5.94222e-06
    outer loop
      vertex 0.0935783 -2.36343 -1.5
      vertex 0.385072 -1.85855 -0.511834
      vertex 0.280257 -2.04009 -0.511834
    endloop
  endfacet
  facet normal 0.866025 -0.500001 1.58476e-06
    outer loop
      vertex 1.09358 -0.631377 0
      vertex 0.839558 -1.07135 1.5
      vertex 0.570278 -1.53776 0.0202942
    endloop
  endfacet
  facet normal 0.866022 -0.500005 0
    outer loop
      vertex 1.09358 -0.631377 0
      vertex 1.09358 -0.631377 1.5
      vertex 0.839558 -1.07135 1.5
    endloop
  endfacet
  facet normal 0.866025 -0.500001 1.40215e-06
    outer loop
      vertex 1.09358 -0.631377 0
      vertex 0.570278 -1.53776 0.0202942
      vertex 0.0935783 -2.36343 -1.5
    endloop
  endfacet
  facet normal 0.866025 -0.5 3.45719e-07
    outer loop
      vertex 1.61688 0.275004 0.0202942
      vertex 1.3476 -0.191401 1.5
      vertex 1.09358 -0.631377 0
    endloop
  endfacet
  facet normal 0.866022 -0.500006 0
    outer loop
      vertex 1.9069 0.777336 -0.511834
      vertex 2.09358 1.10067 -1.5
      vertex 1.9069 0.777336 -0.474245
    endloop
  endfacet
  facet normal 0.866016 -0.500016 -4.16408e-06
    outer loop
      vertex 1.80208 0.59579 -0.511834
      vertex 2.09358 1.10067 -1.5
      vertex 1.9069 0.777336 -0.511834
    endloop
  endfacet
  facet normal 0.866101 -0.499869 9.57517e-05
    outer loop
      vertex 1.80208 0.59579 -0.511834
      vertex 1.61688 0.275004 0.0202942
      vertex 2.09358 1.10067 -1.5
    endloop
  endfacet
  facet normal 0.866032 -0.499988 0
    outer loop
      vertex 1.61688 0.275004 0.0202942
      vertex 1.80208 0.59579 -0.511834
      vertex 1.80208 0.59579 0.0202942
    endloop
  endfacet
  facet normal 0.866025 -0.500001 7.89145e-05
    outer loop
      vertex 2.09358 1.10067 -1.5
      vertex 1.69112 0.403596 -1.46455
      vertex 1.69869 0.416702 -1.5
    endloop
  endfacet
  facet normal 0.866021 -0.500007 -7.79602e-05
    outer loop
      vertex 2.09358 1.10067 -1.5
      vertex 1.67912 0.382803 -1.40831
      vertex 1.69112 0.403596 -1.46455
    endloop
  endfacet
  facet normal 0.866022 -0.500006 1.6126e-06
    outer loop
      vertex 1.67912 0.382803 -1.40831
      vertex 1.44664 -0.019857 -1.26232
      vertex 1.63478 0.306005 -1.45334
    endloop
  endfacet
  facet normal 0.866026 -0.499999 2.64186e-06
    outer loop
      vertex 1.09358 -0.631377 0
      vertex 1.67912 0.382803 -1.40831
      vertex 2.09358 1.10067 -1.5
    endloop
  endfacet
  facet normal 0.866021 -0.500008 -6.26248e-06
    outer loop
      vertex 1.67912 0.382803 -1.40831
      vertex 1.09358 -0.631377 0
      vertex 1.44664 -0.019857 -1.26232
    endloop
  endfacet
  facet normal 0.866026 -0.499999 -4.34945e-07
    outer loop
      vertex 0.740517 -1.2429 -1.26232
      vertex 1.44664 -0.019857 -1.26232
      vertex 1.09358 -0.631377 0
    endloop
  endfacet
  facet normal 0.866026 -0.499999 -1.83819e-05
    outer loop
      vertex 1.44664 -0.019857 -1.26232
      vertex 0.740517 -1.2429 -1.26232
      vertex 1.30941 -0.257538 -1.5
    endloop
  endfacet
  facet normal 0.866029 -0.499994 8.83143e-06
    outer loop
      vertex 1.30941 -0.257538 -1.5
      vertex 0.740517 -1.2429 -1.26232
      vertex 0.877742 -1.00522 -1.5
    endloop
  endfacet
  facet normal 0.866025 -0.5 1.5164e-07
    outer loop
      vertex 0.508041 -1.64556 -1.40831
      vertex 0.740517 -1.2429 -1.26232
      vertex 1.09358 -0.631377 0
    endloop
  endfacet
  facet normal 0.866003 -0.500039 8.95012e-05
    outer loop
      vertex 0.740517 -1.2429 -1.26232
      vertex 0.531928 -1.60418 -1.43257
      vertex 0.552382 -1.56876 -1.45334
    endloop
  endfacet
  facet normal 0.866038 -0.499978 -8.31254e-05
    outer loop
      vertex 0.740517 -1.2429 -1.26232
      vertex 0.508041 -1.64556 -1.40831
      vertex 0.531928 -1.60418 -1.43257
    endloop
  endfacet
  facet normal 0.866025 -0.5 1.34475e-07
    outer loop
      vertex 0.0935783 -2.36343 -1.5
      vertex 0.508041 -1.64556 -1.40831
      vertex 1.09358 -0.631377 0
    endloop
  endfacet
  facet normal 0.866027 -0.499997 -3.78313e-05
    outer loop
      vertex 0.508041 -1.64556 -1.40831
      vertex 0.0935783 -2.36343 -1.5
      vertex 0.455106 -1.73724 -1.5
    endloop
  endfacet
  facet normal 0.16437 0.93182 0.323564
    outer loop
      vertex 1.9069 0.777336 -0.474245
      vertex 1.87655 0.795742 -0.511834
      vertex 1.88629 0.788666 -0.496404
    endloop
  endfacet
  facet normal 0.164303 0.931811 0.323624
    outer loop
      vertex 1.95021 1.12595 -1.5
      vertex 1.87655 0.795742 -0.511834
      vertex 2.09358 1.10067 -1.5
    endloop
  endfacet
  facet normal 0.164294 0.931813 0.323622
    outer loop
      vertex 2.09358 1.10067 -1.5
      vertex 1.87655 0.795742 -0.511834
      vertex 1.9069 0.777336 -0.474245
    endloop
  endfacet
  facet normal 0.164119 0.931793 0.323769
    outer loop
      vertex 1.62476 0.734628 -0.20804
      vertex 1.44664 0.835218 -0.407244
      vertex 1.63097 0.728793 -0.194395
    endloop
  endfacet
  facet normal 0.164295 0.931815 0.323618
    outer loop
      vertex 1.44664 0.835217 -0.407244
      vertex 1.62476 0.734628 -0.20804
      vertex 1.563 0.809279 -0.391633
    endloop
  endfacet
  facet normal 0.745455 0 -0.666555
    outer loop
      vertex 1.62476 0.734628 -0.20804
      vertex 1.44664 0.835217 -0.407244
      vertex 1.44664 0.835218 -0.407244
    endloop
  endfacet
  facet normal 0.164293 0.931811 0.323631
    outer loop
      vertex 1.53317 0.856286 -0.511834
      vertex 1.44664 0.835217 -0.407244
      vertex 1.563 0.809279 -0.391633
    endloop
  endfacet
  facet normal 0.164295 0.931813 0.323624
    outer loop
      vertex 1.87655 0.795742 -0.511834
      vertex 1.95021 1.12595 -1.5
      vertex 1.53317 0.856286 -0.511834
    endloop
  endfacet
  facet normal 0.164272 0.931819 0.323616
    outer loop
      vertex 1.53317 0.856286 -0.511834
      vertex 1.95021 1.12595 -1.5
      vertex 1.44664 0.835217 -0.407244
    endloop
  endfacet
  facet normal 0.164263 0.931839 0.323563
    outer loop
      vertex 1.0824 1.27896 -1.5
      vertex 0.706122 1.26276 -1.26232
      vertex 1.08239 1.26276 -1.45334
    endloop
  endfacet
  facet normal 0.1643 0.931813 0.323619
    outer loop
      vertex 0.706122 1.26276 -1.26232
      vertex 1.0824 1.27896 -1.5
      vertex 0.500285 1.3816 -1.5
    endloop
  endfacet
  facet normal -0.612373 0.353552 0.707107
    outer loop
      vertex 0.706122 1.26276 -1.26232
      vertex 0.500285 1.3816 -1.5
      vertex 0.431673 1.26276 -1.5
    endloop
  endfacet
  facet normal -0.612432 0.353577 0.707043
    outer loop
      vertex 1.77377 0.611357 -0.0120123
      vertex 1.61688 0.275004 0.0202942
      vertex 1.80208 0.59579 0.0202942
    endloop
  endfacet
  facet normal -0.61235 0.353547 0.707129
    outer loop
      vertex 1.69538 0.668305 -0.108368
      vertex 1.61688 0.275004 0.0202942
      vertex 1.77377 0.611357 -0.0120123
    endloop
  endfacet
  facet normal -0.612391 0.353544 0.707095
    outer loop
      vertex 1.63097 0.728793 -0.194395
      vertex 1.61688 0.275004 0.0202942
      vertex 1.69538 0.668305 -0.108368
    endloop
  endfacet
  facet normal -0.61238 0.353547 0.707103
    outer loop
      vertex 1.44664 0.835218 -0.407244
      vertex 1.61688 0.275004 0.0202942
      vertex 1.63097 0.728793 -0.194395
    endloop
  endfacet
  facet normal -0.612372 0.353553 0.707107
    outer loop
      vertex 1.0466 0.604255 -0.638207
      vertex 1.61688 0.275004 0.0202942
      vertex 1.44664 0.835218 -0.407244
    endloop
  endfacet
  facet normal 0.164267 0.931861 0.3235
    outer loop
      vertex -1.0824 1.27896 -1.5
      vertex -1.17107 1.26276 -1.40831
      vertex -1.08239 1.26276 -1.45334
    endloop
  endfacet
  facet normal 0.164324 0.931833 0.32355
    outer loop
      vertex -1.17107 1.26276 -1.40831
      vertex -1.0824 1.27896 -1.5
      vertex -1.25048 1.3086 -1.5
    endloop
  endfacet
  facet normal 0.16431 0.931815 0.323611
    outer loop
      vertex 1.3476 -0.191401 1.5
      vertex 0.79315 0.457925 -0.0881736
      vertex 0.508042 0.293318 0.530562
    endloop
  endfacet
  facet normal 0.16432 0.931815 0.323605
    outer loop
      vertex 0 0.586636 -0.0560741
      vertex -0.0978779 0.684783 -0.288986
      vertex -0.132359 0.663054 -0.208909
    endloop
  endfacet
  facet normal 0.164308 0.931815 0.323611
    outer loop
      vertex -0.0978779 0.684783 -0.288986
      vertex 0 0.586636 -0.0560741
      vertex 0 0.746465 -0.516291
    endloop
  endfacet
  facet normal 0.16431 0.931815 0.323611
    outer loop
      vertex 1.61688 0.275004 0.0202942
      vertex 0.79315 0.457925 -0.0881736
      vertex 1.3476 -0.191401 1.5
    endloop
  endfacet
  facet normal 0.16431 0.931815 0.32361
    outer loop
      vertex 1.61688 0.275004 0.0202942
      vertex 0.914717 0.528112 -0.351997
      vertex 0.79315 0.457925 -0.0881736
    endloop
  endfacet
  facet normal 0.16431 0.931814 0.323611
    outer loop
      vertex 0.914717 0.528112 -0.351997
      vertex 1.61688 0.275004 0.0202942
      vertex 1.0466 0.604255 -0.638207
    endloop
  endfacet
  facet normal -0.715425 -0.628338 0.305544
    outer loop
      vertex -1.21022 1.26276 -1.5
      vertex -1.19508 1.26276 -1.46455
      vertex -1.25048 1.3086 -1.5
    endloop
  endfacet
  facet normal -0.677169 -0.696146 0.238374
    outer loop
      vertex 1.09358 -0.631377 0
      vertex 0.646457 -0.37323 -0.516288
      vertex 0.646458 -0.373232 -0.516291
    endloop
  endfacet
  facet normal -0.715476 -0.62832 0.305463
    outer loop
      vertex 0.646457 -0.37323 -0.516288
      vertex 1.09358 -0.631377 0
      vertex 0.641979 -0.257626 -0.288986
    endloop
  endfacet
  facet normal -0.715411 -0.628414 0.305423
    outer loop
      vertex -1.19508 1.26276 -1.46455
      vertex -1.17107 1.26276 -1.40831
      vertex -1.25048 1.3086 -1.5
    endloop
  endfacet
  facet normal -0.715479 -0.628318 0.30546
    outer loop
      vertex 0.640401 -0.2169 -0.20891
      vertex 0.508042 0.293318 0.530562
      vertex 0.611996 -0.207279 -0.255653
    endloop
  endfacet
  facet normal -0.715476 -0.628321 0.305462
    outer loop
      vertex 1.09358 -0.631377 0
      vertex 0.508042 0.293318 0.530562
      vertex 0.640401 -0.2169 -0.20891
    endloop
  endfacet
  facet normal -0.715476 -0.628322 0.30546
    outer loop
      vertex 1.09358 -0.631377 0
      vertex 0.640401 -0.2169 -0.20891
      vertex 0.641979 -0.257626 -0.288986
    endloop
  endfacet
  facet normal -0.715477 -0.62832 0.305461
    outer loop
      vertex 0.508042 0.293318 0.530562
      vertex 1.09358 -0.631377 0
      vertex 1.3476 -0.191401 1.5
    endloop
  endfacet
  facet normal -0.715477 -0.628321 0.305459
    outer loop
      vertex -0.126488 0.633644 -0.255653
      vertex 0 0.586636 -0.0560741
      vertex -0.132359 0.663054 -0.208909
    endloop
  endfacet
  facet normal 0.5 0.866026 -5.31828e-07
    outer loop
      vertex 1.09358 -0.631377 1.5
      vertex 0.437432 -0.252551 -0.0153069
      vertex 4.46942e-07 1.84085e-07 0.237244
    endloop
  endfacet
  facet normal 0.499999 0.866026 -0
    outer loop
      vertex 1.09358 -0.631377 0
      vertex 0.437432 -0.252551 -0.0153069
      vertex 1.09358 -0.631377 1.5
    endloop
  endfacet
  facet normal 0.499999 0.866026 -1.34869e-07
    outer loop
      vertex 1.09358 -0.631377 0
      vertex 0.508041 -0.293317 -0.0560733
      vertex 0.437432 -0.252551 -0.0153069
    endloop
  endfacet
  facet normal 0.499999 0.866026 -3.06646e-07
    outer loop
      vertex 0.508041 -0.293317 -0.0560733
      vertex 1.09358 -0.631377 0
      vertex 0.646458 -0.373232 -0.516291
    endloop
  endfacet
  facet normal -0.61238 0.353591 0.707081
    outer loop
      vertex -1.67912 0.382803 -1.40831
      vertex -1.73205 0.474488 -1.5
      vertex -1.75852 0.428645 -1.5
    endloop
  endfacet
  facet normal -0.5 0 0.866025
    outer loop
      vertex -0.437432 -0.252551 -0.0153074
      vertex 0 -7.39573e-08 0.237244
      vertex 0 4.42127e-07 0.237244
    endloop
  endfacet
  facet normal -0.612372 0.353554 0.707107
    outer loop
      vertex 0 -7.39573e-08 0.237244
      vertex -0.437432 -0.252551 -0.0153074
      vertex 0 -0.586635 0.530562
    endloop
  endfacet
  facet normal -0.612374 0.353551 0.707106
    outer loop
      vertex -0.437432 -0.252551 -0.0153074
      vertex -0.508041 -0.293317 -0.0560739
      vertex 0 -0.586635 0.530562
    endloop
  endfacet
  facet normal -0.612372 0.353554 0.707107
    outer loop
      vertex 0 -0.586635 0.530562
      vertex 1.09358 -0.631377 1.5
      vertex 4.46942e-07 1.84085e-07 0.237244
    endloop
  endfacet
  facet normal -0.250001 0.433013 0.866025
    outer loop
      vertex 0 -0.586635 0.530562
      vertex 4.46942e-07 1.84085e-07 0.237244
      vertex 0 -7.39573e-08 0.237244
    endloop
  endfacet
  facet normal -0.612371 0.353557 0.707106
    outer loop
      vertex 1.09358 -0.631377 1.5
      vertex 0 -0.586635 0.530562
      vertex 0.839558 -1.07135 1.5
    endloop
  endfacet
  facet normal -0.724813 -0.60822 0.323596
    outer loop
      vertex -1.64881 0.297904 -1.5
      vertex -1.65523 0.34143 -1.43257
      vertex -1.75852 0.428645 -1.5
    endloop
  endfacet
  facet normal -0.724885 -0.608159 0.32355
    outer loop
      vertex -1.65523 0.34143 -1.43257
      vertex -1.64881 0.297904 -1.5
      vertex -1.63478 0.306005 -1.45334
    endloop
  endfacet
  facet normal -0.724823 -0.608197 0.323616
    outer loop
      vertex 0 -1.20851 -0.638207
      vertex 0.570278 -1.53776 0.0202942
      vertex -2.15814e-07 -1.05622 -0.351997
    endloop
  endfacet
  facet normal -0.724809 -0.608248 0.323552
    outer loop
      vertex -1.65523 0.34143 -1.43257
      vertex -1.67912 0.382803 -1.40831
      vertex -1.75852 0.428645 -1.5
    endloop
  endfacet
  facet normal -0.724822 -0.608206 0.323603
    outer loop
      vertex 0.570278 -1.53776 0.0202942
      vertex -2.36433e-07 -0.91585 -0.0881741
      vertex -2.15814e-07 -1.05622 -0.351997
    endloop
  endfacet
  facet normal -0.72482 -0.608203 0.323611
    outer loop
      vertex -2.36433e-07 -0.91585 -0.0881741
      vertex 0.570278 -1.53776 0.0202942
      vertex 0 -0.586635 0.530562
    endloop
  endfacet
  facet normal -0.724819 -0.608204 0.323613
    outer loop
      vertex 0 -0.586635 0.530562
      vertex 0.570278 -1.53776 0.0202942
      vertex 0.839558 -1.07135 1.5
    endloop
  endfacet
  facet normal -0.724821 -0.608201 0.323612
    outer loop
      vertex -0.485507 -0.426364 -0.255653
      vertex 0 -0.586635 0.530562
      vertex -0.508041 -0.293317 -0.0560739
    endloop
  endfacet
  facet normal -0.612373 0.353552 0.707107
    outer loop
      vertex -0.740517 -1.2429 -1.26232
      vertex -0.877742 -1.00522 -1.5
      vertex -0.946354 -1.12406 -1.5
    endloop
  endfacet
  facet normal -0.612366 0.353544 0.707117
    outer loop
      vertex 0.570278 -1.53776 0.0202942
      vertex 0.328488 -1.82744 -0.044263
      vertex 0.385073 -1.85855 0.0202942
    endloop
  endfacet
  facet normal -0.61237 0.353548 0.707112
    outer loop
      vertex 0.570278 -1.53776 0.0202942
      vertex 0.238406 -1.79177 -0.14011
      vertex 0.328488 -1.82744 -0.044263
    endloop
  endfacet
  facet normal -0.612376 0.353564 0.707099
    outer loop
      vertex 0.570278 -1.53776 0.0202942
      vertex 0.187538 -1.77871 -0.190694
      vertex 0.238406 -1.79177 -0.14011
    endloop
  endfacet
  facet normal -0.612375 0.35355 0.707106
    outer loop
      vertex 0 -1.67044 -0.407244
      vertex 0.570278 -1.53776 0.0202942
      vertex 0 -1.20851 -0.638207
    endloop
  endfacet
  facet normal -0.612374 0.353558 0.707103
    outer loop
      vertex 0.570278 -1.53776 0.0202942
      vertex 0 -1.67044 -0.407244
      vertex 0.187538 -1.77871 -0.190694
    endloop
  endfacet
  facet normal -0.724827 -0.608188 0.323625
    outer loop
      vertex -0.946354 -1.12406 -1.5
      vertex -0.552382 -1.56876 -1.45334
      vertex -0.740517 -1.2429 -1.26232
    endloop
  endfacet
  facet normal -0.72484 -0.608206 0.323562
    outer loop
      vertex -0.552382 -1.56876 -1.45334
      vertex -0.946354 -1.12406 -1.5
      vertex -0.566414 -1.57686 -1.5
    endloop
  endfacet
  facet normal -0.724846 -0.608172 0.323611
    outer loop
      vertex 0 -2.2519 -1.5
      vertex 0.0247073 -1.75554 -0.511834
      vertex 0 -1.67044 -0.407244
    endloop
  endfacet
  facet normal -0.724828 -0.60819 0.323619
    outer loop
      vertex 0 -2.2519 -1.5
      vertex 0.249103 -2.02297 -0.511834
      vertex 0.0247073 -1.75554 -0.511834
    endloop
  endfacet
  facet normal -0.724842 -0.608173 0.323619
    outer loop
      vertex 0.0935783 -2.36343 -1.5
      vertex 0.249103 -2.02297 -0.511834
      vertex 0 -2.2519 -1.5
    endloop
  endfacet
  facet normal -0.724756 -0.608266 0.323638
    outer loop
      vertex 0.249103 -2.02297 -0.511834
      vertex 0.0935783 -2.36343 -1.5
      vertex 0.280257 -2.04009 -0.474244
    endloop
  endfacet
  facet normal -0.72483 -0.608184 0.323625
    outer loop
      vertex 0.0484428 -1.75554 -0.458673
      vertex 0 -1.67044 -0.407244
      vertex 0.0247073 -1.75554 -0.511834
    endloop
  endfacet
  facet normal -0.724826 -0.608186 0.323632
    outer loop
      vertex 0.144565 -1.76768 -0.266206
      vertex 0 -1.67044 -0.407244
      vertex 0.0484428 -1.75554 -0.458673
    endloop
  endfacet
  facet normal -0.724836 -0.608157 0.323663
    outer loop
      vertex 0 -1.67044 -0.407244
      vertex 0.144565 -1.76768 -0.266206
      vertex 0.187538 -1.77871 -0.190694
    endloop
  endfacet
  facet normal 0 0 -1
    outer loop
      vertex 7.94594 -4.58759 -1.5
      vertex 9.499 -4.89761 -1.5
      vertex 9.24498 -5.33759 -1.5
    endloop
  endfacet
  facet normal 0 0 -1
    outer loop
      vertex 9.499 -4.89761 -1.5
      vertex 7.94594 -4.58759 -1.5
      vertex 8.48681 -3.69135 -1.5
    endloop
  endfacet
  facet normal 0 0 -1
    outer loop
      vertex 7.6469 -2.10554 -1.5
      vertex 8.48681 -3.69135 -1.5
      vertex 7.94594 -4.58759 -1.5
    endloop
  endfacet
  facet normal 0 0 -1
    outer loop
      vertex 8.48681 -3.69135 -1.5
      vertex 7.6469 -2.10554 -1.5
      vertex 8.68683 -3.34491 -1.5
    endloop
  endfacet
  facet normal 0 0 -1
    outer loop
      vertex 7.44021 -5.50412 -1.5
      vertex 7.94594 -4.58759 -1.5
      vertex 8.99096 -5.77757 -1.5
    endloop
  endfacet
  facet normal 0 0 -1
    outer loop
      vertex 5.6469 -5.56964 -1.5
      vertex 7.94594 -4.58759 -1.5
      vertex 7.44021 -5.50412 -1.5
    endloop
  endfacet
  facet normal 0 0 -1
    outer loop
      vertex 5.6469 -5.56964 -1.5
      vertex 7.44021 -5.50412 -1.5
      vertex 7.24019 -5.85056 -1.5
    endloop
  endfacet
  facet normal -0 0 -1
    outer loop
      vertex 7.94594 -4.58759 -1.5
      vertex 5.6469 -5.56964 -1.5
      vertex 7.6469 -2.10554 -1.5
    endloop
  endfacet
  facet normal -0.866025 0.500001 -1.09594e-06
    outer loop
      vertex 6.1236 -4.74397 0.0202942
      vertex 6.6469 -3.83759 0
      vertex 5.6469 -5.56964 -1.5
    endloop
  endfacet
  facet normal -0.866029 0.499994 -3.61995e-06
    outer loop
      vertex 7.37022 -2.58476 0.0202942
      vertex 7.6469 -2.10554 -1.5
      vertex 7.1702 -2.93121 0.0202942
    endloop
  endfacet
  facet normal -0.866025 0.500001 -1.85075e-06
    outer loop
      vertex 6.90092 -3.39761 1.5
      vertex 7.1702 -2.93121 0.0202942
      vertex 6.6469 -3.83759 0
    endloop
  endfacet
  facet normal -0.866028 0.499996 0
    outer loop
      vertex 6.6469 -3.83759 1.5
      vertex 6.90092 -3.39761 1.5
      vertex 6.6469 -3.83759 0
    endloop
  endfacet
  facet normal -0.866025 0.500001 1.09594e-06
    outer loop
      vertex 7.1702 -2.93121 0.0202942
      vertex 7.6469 -2.10554 -1.5
      vertex 6.6469 -3.83759 0
    endloop
  endfacet
  facet normal -0.866025 0.500001 1.85075e-06
    outer loop
      vertex 6.39288 -4.27757 1.5
      vertex 6.6469 -3.83759 0
      vertex 6.1236 -4.74397 0.0202942
    endloop
  endfacet
  facet normal -0.866029 0.499994 3.61995e-06
    outer loop
      vertex 5.92358 -5.09042 0.0202942
      vertex 6.1236 -4.74397 0.0202942
      vertex 5.6469 -5.56964 -1.5
    endloop
  endfacet
  facet normal -0.866025 0.5 7.40149e-17
    outer loop
      vertex 6.6469 -3.83759 0
      vertex 7.6469 -2.10554 -1.5
      vertex 5.6469 -5.56964 -1.5
    endloop
  endfacet
  facet normal -0.164292 -0.931814 0.323622
    outer loop
      vertex 7.24019 -5.85056 -1.5
      vertex 5.92358 -5.09042 0.0202942
      vertex 5.6469 -5.56964 -1.5
    endloop
  endfacet
  facet normal 0.612371 -0.353557 0.707106
    outer loop
      vertex 6.1236 -4.74397 0.0202942
      vertex 7.24019 -5.85056 -1.5
      vertex 7.44021 -5.50412 -1.5
    endloop
  endfacet
  facet normal 0.612376 -0.35355 0.707105
    outer loop
      vertex 7.24019 -5.85056 -1.5
      vertex 6.1236 -4.74397 0.0202942
      vertex 5.92358 -5.09042 0.0202942
    endloop
  endfacet
  facet normal -0.164311 -0.931815 0.32361
    outer loop
      vertex 7.44021 -5.50412 -1.5
      vertex 8.99096 -5.77757 -1.5
      vertex 6.39288 -4.27757 1.5
    endloop
  endfacet
  facet normal -0.164315 -0.931814 0.323608
    outer loop
      vertex 7.44021 -5.50412 -1.5
      vertex 6.39288 -4.27757 1.5
      vertex 6.1236 -4.74397 0.0202942
    endloop
  endfacet
  facet normal 0.715477 0.62832 0.305462
    outer loop
      vertex 8.99096 -5.77757 -1.5
      vertex 7.94594 -4.58759 -1.5
      vertex 6.6469 -3.83759 0
    endloop
  endfacet
  facet normal 0.715477 0.62832 0.305462
    outer loop
      vertex 8.99096 -5.77757 -1.5
      vertex 6.6469 -3.83759 0
      vertex 6.39288 -4.27757 1.5
    endloop
  endfacet
  facet normal -0.499999 -0.866026 -2.71388e-16
    outer loop
      vertex 7.94594 -4.58759 -1.5
      vertex 9.24498 -5.33759 -1.5
      vertex 6.6469 -3.83759 1.5
    endloop
  endfacet
  facet normal -0.499999 -0.866026 0
    outer loop
      vertex 7.94594 -4.58759 -1.5
      vertex 6.6469 -3.83759 1.5
      vertex 6.6469 -3.83759 0
    endloop
  endfacet
  facet normal 0.612374 -0.353551 0.707107
    outer loop
      vertex 6.90092 -3.39761 1.5
      vertex 9.24498 -5.33759 -1.5
      vertex 9.499 -4.89761 -1.5
    endloop
  endfacet
  facet normal 0.612374 -0.353551 0.707107
    outer loop
      vertex 9.24498 -5.33759 -1.5
      vertex 6.90092 -3.39761 1.5
      vertex 6.6469 -3.83759 1.5
    endloop
  endfacet
  facet normal 0.724819 0.608206 0.32361
    outer loop
      vertex 9.499 -4.89761 -1.5
      vertex 8.48681 -3.69135 -1.5
      vertex 7.1702 -2.93121 0.0202942
    endloop
  endfacet
  facet normal 0.724819 0.608206 0.323609
    outer loop
      vertex 9.499 -4.89761 -1.5
      vertex 7.1702 -2.93121 0.0202942
      vertex 6.90092 -3.39761 1.5
    endloop
  endfacet
  facet normal 0.612371 -0.353557 0.707106
    outer loop
      vertex 7.37022 -2.58476 0.0202942
      vertex 8.48681 -3.69135 -1.5
      vertex 8.68683 -3.34491 -1.5
    endloop
  endfacet
  facet normal 0.612376 -0.35355 0.707105
    outer loop
      vertex 8.48681 -3.69135 -1.5
      vertex 7.37022 -2.58476 0.0202942
      vertex 7.1702 -2.93121 0.0202942
    endloop
  endfacet
  facet normal 0.724828 0.608188 0.323622
    outer loop
      vertex 8.68683 -3.34491 -1.5
      vertex 7.6469 -2.10554 -1.5
      vertex 7.37022 -2.58476 0.0202942
    endloop
  endfacet
  facet normal 0 0 -1
    outer loop
      vertex 1.0466 -14.0203 -1.5
      vertex 2 -12.5 -1.5
      vertex 1.44664 -14.0203 -1.5
    endloop
  endfacet
  facet normal 0 0 -1
    outer loop
      vertex 0 -14 -1.5
      vertex 0.508041 -15.5 -1.5
      vertex 0 -15.5 -1.5
    endloop
  endfacet
  facet normal 0 0 -1
    outer loop
      vertex 0.508041 -15.5 -1.5
      vertex 0 -14 -1.5
      vertex 1.0466 -14.0203 -1.5
    endloop
  endfacet
  facet normal 0 0 -1
    outer loop
      vertex 1.0466 -14.0203 -1.5
      vertex 0 -14 -1.5
      vertex 2 -12.5 -1.5
    endloop
  endfacet
  facet normal 0 0 -1
    outer loop
      vertex -1.0466 -14.0203 -1.5
      vertex 0 -14 -1.5
      vertex -0.508041 -15.5 -1.5
    endloop
  endfacet
  facet normal 0 0 -1
    outer loop
      vertex -2 -12.5 -1.5
      vertex 0 -14 -1.5
      vertex -1.0466 -14.0203 -1.5
    endloop
  endfacet
  facet normal 0 0 -1
    outer loop
      vertex -2 -12.5 -1.5
      vertex -1.0466 -14.0203 -1.5
      vertex -1.44664 -14.0203 -1.5
    endloop
  endfacet
  facet normal 0 0 -1
    outer loop
      vertex 0 -14 -1.5
      vertex -2 -12.5 -1.5
      vertex 2 -12.5 -1.5
    endloop
  endfacet
  facet normal 0 1 0
    outer loop
      vertex 2 -12.5 -1.5
      vertex -1.64033 -12.5 -0.511834
      vertex 1.64033 -12.5 -0.511834
    endloop
  endfacet
  facet normal 0 1 0
    outer loop
      vertex -1.64033 -12.5 -0.511834
      vertex 2 -12.5 -1.5
      vertex -2 -12.5 -1.5
    endloop
  endfacet
  facet normal -0.889108 -0.323666 0.323615
    outer loop
      vertex -2 -12.5 -1.5
      vertex -1.61037 -12.5823 -0.511834
      vertex -1.64033 -12.5 -0.511834
    endloop
  endfacet
  facet normal -0.889125 -0.323618 0.323616
    outer loop
      vertex -1.61037 -12.5823 -0.511834
      vertex -1.44664 -14.0203 -1.5
      vertex -1.44664 -12.603 -0.0826915
    endloop
  endfacet
  facet normal -0.889121 -0.323623 0.323624
    outer loop
      vertex -1.44664 -14.0203 -1.5
      vertex -1.61037 -12.5823 -0.511834
      vertex -2 -12.5 -1.5
    endloop
  endfacet
  facet normal 6.39815e-05 -0.707109 0.707105
    outer loop
      vertex -1.44664 -14.0203 -1.5
      vertex -1.0466 -12.6535 -0.133228
      vertex -1.44664 -12.603 -0.0826915
    endloop
  endfacet
  facet normal 0 -0.7071 0.707114
    outer loop
      vertex -1.0466 -12.6535 -0.133228
      vertex -1.44664 -14.0203 -1.5
      vertex -1.0466 -14.0203 -1.5
    endloop
  endfacet
  facet normal -0.889133 -0.323604 0.32361
    outer loop
      vertex -1.0466 -14.0203 -1.5
      vertex -0.798067 -12.6849 0.518227
      vertex -1.0466 -12.6535 -0.133228
    endloop
  endfacet
  facet normal -0.889128 -0.323612 0.323615
    outer loop
      vertex -0.508041 -15.5 -1.5
      vertex -0.798067 -12.6849 0.518227
      vertex -1.0466 -14.0203 -1.5
    endloop
  endfacet
  facet normal -0.88913 -0.323609 0.323612
    outer loop
      vertex -0.798067 -12.6849 0.518227
      vertex -0.508041 -15.5 -1.5
      vertex -0.508041 -12.6849 1.31508
    endloop
  endfacet
  facet normal 0.901881 -0.305457 0.305462
    outer loop
      vertex -0.508041 -12.6849 1.31508
      vertex 0 -14 -1.5
      vertex 0 -12.6849 -0.184919
    endloop
  endfacet
  facet normal 0.901879 -0.305461 0.305463
    outer loop
      vertex 0 -14 -1.5
      vertex -0.508041 -12.6849 1.31508
      vertex -0.508041 -15.5 -1.5
    endloop
  endfacet
  facet normal -1 0 0
    outer loop
      vertex 0 -14 -1.5
      vertex 0 -12.6849 1.31508
      vertex 0 -12.6849 -0.184919
    endloop
  endfacet
  facet normal -1 0 0
    outer loop
      vertex 0 -12.6849 1.31508
      vertex 0 -14 -1.5
      vertex 0 -15.5 -1.5
    endloop
  endfacet
  facet normal 0 -0.707104 0.707109
    outer loop
      vertex 0 -15.5 -1.5
      vertex 0.508041 -12.6849 1.31508
      vertex 0 -12.6849 1.31508
    endloop
  endfacet
  facet normal 0 -0.707104 0.707109
    outer loop
      vertex 0.508041 -12.6849 1.31508
      vertex 0 -15.5 -1.5
      vertex 0.508041 -15.5 -1.5
    endloop
  endfacet
  facet normal 0.88913 -0.323609 0.323612
    outer loop
      vertex 0.508041 -15.5 -1.5
      vertex 0.798067 -12.6849 0.518227
      vertex 0.508041 -12.6849 1.31508
    endloop
  endfacet
  facet normal 0.889128 -0.323612 0.323615
    outer loop
      vertex 0.798067 -12.6849 0.518227
      vertex 0.508041 -15.5 -1.5
      vertex 1.0466 -14.0203 -1.5
    endloop
  endfacet
  facet normal 0.889133 -0.323604 0.32361
    outer loop
      vertex 1.0466 -12.6535 -0.133228
      vertex 0.798067 -12.6849 0.518227
      vertex 1.0466 -14.0203 -1.5
    endloop
  endfacet
  facet normal -6.39815e-05 -0.707109 0.707105
    outer loop
      vertex 1.0466 -12.6535 -0.133228
      vertex 1.44664 -14.0203 -1.5
      vertex 1.44664 -12.603 -0.0826915
    endloop
  endfacet
  facet normal 0 -0.7071 0.707114
    outer loop
      vertex 1.44664 -14.0203 -1.5
      vertex 1.0466 -12.6535 -0.133228
      vertex 1.0466 -14.0203 -1.5
    endloop
  endfacet
  facet normal 0.889108 -0.323666 0.323615
    outer loop
      vertex 1.61037 -12.5823 -0.511834
      vertex 2 -12.5 -1.5
      vertex 1.64033 -12.5 -0.511834
    endloop
  endfacet
  facet normal 0.889121 -0.323623 0.323624
    outer loop
      vertex 1.61037 -12.5823 -0.511834
      vertex 1.44664 -14.0203 -1.5
      vertex 2 -12.5 -1.5
    endloop
  endfacet
  facet normal 0.889125 -0.323618 0.323616
    outer loop
      vertex 1.44664 -14.0203 -1.5
      vertex 1.61037 -12.5823 -0.511834
      vertex 1.44664 -12.603 -0.0826915
    endloop
  endfacet
  facet normal 0 0 -1
    outer loop
      vertex 11.8253 4.51795 -1.5
      vertex 12.6652 6.10376 -1.5
      vertex 12.8653 5.75732 -1.5
    endloop
  endfacet
  facet normal -0 0 -1
    outer loop
      vertex 12.6652 6.10376 -1.5
      vertex 11.8253 4.51795 -1.5
      vertex 12.1244 7 -1.5
    endloop
  endfacet
  facet normal 0 0 -1
    outer loop
      vertex 13.6774 7.31002 -1.5
      vertex 12.6652 6.10376 -1.5
      vertex 12.1244 7 -1.5
    endloop
  endfacet
  facet normal 0 0 -1
    outer loop
      vertex 12.1244 7 -1.5
      vertex 13.1694 8.18998 -1.5
      vertex 13.4234 7.75 -1.5
    endloop
  endfacet
  facet normal 0 0 -1
    outer loop
      vertex 12.1244 7 -1.5
      vertex 11.6186 7.91653 -1.5
      vertex 13.1694 8.18998 -1.5
    endloop
  endfacet
  facet normal 0 0 -1
    outer loop
      vertex 9.82532 7.98205 -1.5
      vertex 12.1244 7 -1.5
      vertex 11.8253 4.51795 -1.5
    endloop
  endfacet
  facet normal 0 0 -1
    outer loop
      vertex 12.1244 7 -1.5
      vertex 9.82532 7.98205 -1.5
      vertex 11.6186 7.91653 -1.5
    endloop
  endfacet
  facet normal 0 0 -1
    outer loop
      vertex 11.6186 7.91653 -1.5
      vertex 9.82532 7.98205 -1.5
      vertex 11.4186 8.26297 -1.5
    endloop
  endfacet
  facet normal -0.865984 -0.500072 9.28077e-05
    outer loop
      vertex 11.8253 4.51795 -1.5
      vertex 11.5155 5.05462 -0.511834
      vertex 11.1665 5.65899 -0.511834
    endloop
  endfacet
  facet normal -0.866038 -0.499978 4.54528e-05
    outer loop
      vertex 10.1352 7.44538 -0.511834
      vertex 10.0052 7.67056 -0.511834
      vertex 9.82532 7.98205 -1.5
    endloop
  endfacet
  facet normal -0.866046 -0.499964 5.51234e-05
    outer loop
      vertex 10.4841 6.84101 -0.511834
      vertex 10.1352 7.44538 -0.511834
      vertex 9.82532 7.98205 -1.5
    endloop
  endfacet
  facet normal -0.866038 -0.499978 2.466e-05
    outer loop
      vertex 11.8253 4.51795 -1.5
      vertex 11.6455 4.82944 -0.511834
      vertex 11.5155 5.05462 -0.511834
    endloop
  endfacet
  facet normal -0.866038 -0.499978 3.36912e-05
    outer loop
      vertex 9.82532 7.98205 -1.5
      vertex 11.1665 5.65899 -0.511834
      vertex 10.4841 6.84101 -0.511834
    endloop
  endfacet
  facet normal -0.866027 -0.499996 -2.32504e-05
    outer loop
      vertex 11.1665 5.65899 -0.511834
      vertex 9.82532 7.98205 -1.5
      vertex 11.8253 4.51795 -1.5
    endloop
  endfacet
  facet normal 0.724848 -0.608106 0.323732
    outer loop
      vertex 11.7103 4.90665 -0.511834
      vertex 12.8653 5.75732 -1.5
      vertex 11.6422 5.05122 -0.0877923
    endloop
  endfacet
  facet normal 0.724763 -0.608271 0.323612
    outer loop
      vertex 11.8253 4.51795 -1.5
      vertex 11.7103 4.90665 -0.511834
      vertex 11.6455 4.82944 -0.511834
    endloop
  endfacet
  facet normal 0.724814 -0.608218 0.323597
    outer loop
      vertex 11.7103 4.90665 -0.511834
      vertex 11.8253 4.51795 -1.5
      vertex 12.8653 5.75732 -1.5
    endloop
  endfacet
  facet normal 0.612313 0.353665 0.707102
    outer loop
      vertex 11.4713 5.41446 -0.121384
      vertex 12.8653 5.75732 -1.5
      vertex 12.6652 6.10376 -1.5
    endloop
  endfacet
  facet normal 0.612376 0.353509 0.707126
    outer loop
      vertex 12.8653 5.75732 -1.5
      vertex 11.4713 5.41446 -0.121384
      vertex 11.6422 5.05122 -0.0877923
    endloop
  endfacet
  facet normal 0.724863 -0.60811 0.32369
    outer loop
      vertex 11.2687 5.84509 1.14184
      vertex 13.6774 7.31002 -1.5
      vertex 11.2412 5.90347 1.3131
    endloop
  endfacet
  facet normal 0.72482 -0.608213 0.323594
    outer loop
      vertex 13.6774 7.31002 -1.5
      vertex 11.2687 5.84509 1.14184
      vertex 12.6652 6.10376 -1.5
    endloop
  endfacet
  facet normal 0.724813 -0.608223 0.32359
    outer loop
      vertex 11.4713 5.41446 -0.121384
      vertex 12.6652 6.10376 -1.5
      vertex 11.2687 5.84509 1.14184
    endloop
  endfacet
  facet normal -0.186408 0.933785 0.305447
    outer loop
      vertex 12.1244 7 -1.5
      vertex 11.013 6.31977 -0.0987286
      vertex 13.6774 7.31002 -1.5
    endloop
  endfacet
  facet normal -0.186439 0.933786 0.305423
    outer loop
      vertex 11.013 6.31977 -0.0987286
      vertex 12.1244 7 -1.5
      vertex 10.9951 6.34803 -0.196056
    endloop
  endfacet
  facet normal -0.186388 0.933778 0.30548
    outer loop
      vertex 11.1379 6.12309 0.578682
      vertex 13.6774 7.31002 -1.5
      vertex 11.013 6.31977 -0.0987286
    endloop
  endfacet
  facet normal -0.186409 0.933781 0.305457
    outer loop
      vertex 13.6774 7.31002 -1.5
      vertex 11.1379 6.12309 0.578682
      vertex 11.2412 5.90347 1.3131
    endloop
  endfacet
  facet normal 0.500011 -0.866019 1.68646e-05
    outer loop
      vertex 13.4234 7.75 -1.5
      vertex 10.9951 6.34803 1.10789
      vertex 12.1244 7 -1.5
    endloop
  endfacet
  facet normal 0.499997 -0.866027 0
    outer loop
      vertex 10.9951 6.34803 1.10789
      vertex 13.4234 7.75 -1.5
      vertex 10.9951 6.34803 1.30394
    endloop
  endfacet
  facet normal 0.499982 -0.866036 0
    outer loop
      vertex 12.1244 7 -1.5
      vertex 10.9951 6.34803 1.10789
      vertex 10.9951 6.34803 -0.196056
    endloop
  endfacet
  facet normal 0.612384 0.353529 0.707109
    outer loop
      vertex 13.1694 8.18998 -1.5
      vertex 10.9951 6.34803 1.30394
      vertex 13.4234 7.75 -1.5
    endloop
  endfacet
  facet normal 0.612347 0.353581 0.707114
    outer loop
      vertex 10.9951 6.34803 1.30394
      vertex 13.1694 8.18998 -1.5
      vertex 10.7226 6.77736 1.32524
    endloop
  endfacet
  facet normal -0.164305 0.931812 0.323622
    outer loop
      vertex 11.6186 7.91653 -1.5
      vertex 10.4486 7.20921 -0.0574152
      vertex 13.1694 8.18998 -1.5
    endloop
  endfacet
  facet normal -0.164152 0.931798 0.32374
    outer loop
      vertex 10.4486 7.20921 -0.0574152
      vertex 11.6186 7.91653 -1.5
      vertex 10.4338 7.23248 -0.131896
    endloop
  endfacet
  facet normal -0.164318 0.931817 0.323601
    outer loop
      vertex 10.7226 6.77736 1.32524
      vertex 13.1694 8.18998 -1.5
      vertex 10.4486 7.20921 -0.0574152
    endloop
  endfacet
  facet normal 0.612388 0.353532 0.707104
    outer loop
      vertex 10.2826 7.47075 -0.120078
      vertex 11.6186 7.91653 -1.5
      vertex 11.4186 8.26297 -1.5
    endloop
  endfacet
  facet normal 0.612388 0.353534 0.707104
    outer loop
      vertex 11.6186 7.91653 -1.5
      vertex 10.2826 7.47075 -0.120078
      vertex 10.4338 7.23248 -0.131896
    endloop
  endfacet
  facet normal 0.612482 0.353384 0.707096
    outer loop
      vertex 10.2826 7.47075 -0.120078
      vertex 11.4186 8.26297 -1.5
      vertex 10.2063 7.56303 -0.100106
    endloop
  endfacet
  facet normal -0.164278 0.931811 0.323637
    outer loop
      vertex 11.4186 8.26297 -1.5
      vertex 10.103 7.68782 -0.511834
      vertex 10.2063 7.56303 -0.100106
    endloop
  endfacet
  facet normal -0.164293 0.931815 0.323619
    outer loop
      vertex 9.82532 7.98205 -1.5
      vertex 10.103 7.68782 -0.511834
      vertex 11.4186 8.26297 -1.5
    endloop
  endfacet
  facet normal -0.164443 0.931778 0.323649
    outer loop
      vertex 10.103 7.68782 -0.511834
      vertex 9.82532 7.98205 -1.5
      vertex 10.0052 7.67056 -0.511834
    endloop
  endfacet
  facet normal 0 0 -1
    outer loop
      vertex -11.8253 4.51795 -1.5
      vertex -12.6652 6.10376 -1.5
      vertex -12.1244 7 -1.5
    endloop
  endfacet
  facet normal 0 -0 -1
    outer loop
      vertex -12.6652 6.10376 -1.5
      vertex -11.8253 4.51795 -1.5
      vertex -12.8653 5.75732 -1.5
    endloop
  endfacet
  facet normal -0 0 -1
    outer loop
      vertex -9.82532 7.98205 -1.5
      vertex -11.6186 7.91653 -1.5
      vertex -11.4186 8.26297 -1.5
    endloop
  endfacet
  facet normal 0 0 -1
    outer loop
      vertex -12.1244 7 -1.5
      vertex -9.82532 7.98205 -1.5
      vertex -11.8253 4.51795 -1.5
    endloop
  endfacet
  facet normal 0 0 -1
    outer loop
      vertex -9.82532 7.98205 -1.5
      vertex -12.1244 7 -1.5
      vertex -11.6186 7.91653 -1.5
    endloop
  endfacet
  facet normal -0 0 -1
    outer loop
      vertex -11.6186 7.91653 -1.5
      vertex -12.1244 7 -1.5
      vertex -13.1694 8.18998 -1.5
    endloop
  endfacet
  facet normal 0 0 -1
    outer loop
      vertex -13.6774 7.31002 -1.5
      vertex -12.1244 7 -1.5
      vertex -12.6652 6.10376 -1.5
    endloop
  endfacet
  facet normal 0 0 -1
    outer loop
      vertex -12.1244 7 -1.5
      vertex -13.6774 7.31002 -1.5
      vertex -13.4234 7.75 -1.5
    endloop
  endfacet
  facet normal 0.866046 -0.499964 5.51234e-05
    outer loop
      vertex -9.82532 7.98205 -1.5
      vertex -10.1352 7.44538 -0.511834
      vertex -10.4841 6.84101 -0.511834
    endloop
  endfacet
  facet normal 0.866038 -0.499978 2.466e-05
    outer loop
      vertex -11.5155 5.05462 -0.511834
      vertex -11.6455 4.82944 -0.511834
      vertex -11.8253 4.51795 -1.5
    endloop
  endfacet
  facet normal 0.865984 -0.500072 9.28077e-05
    outer loop
      vertex -11.1665 5.65899 -0.511834
      vertex -11.5155 5.05462 -0.511834
      vertex -11.8253 4.51795 -1.5
    endloop
  endfacet
  facet normal 0.866038 -0.499978 4.54528e-05
    outer loop
      vertex -9.82532 7.98205 -1.5
      vertex -10.0052 7.67056 -0.511834
      vertex -10.1352 7.44538 -0.511834
    endloop
  endfacet
  facet normal 0.866038 -0.499978 3.36912e-05
    outer loop
      vertex -11.1665 5.65899 -0.511834
      vertex -9.82532 7.98205 -1.5
      vertex -10.4841 6.84101 -0.511834
    endloop
  endfacet
  facet normal 0.866027 -0.499996 -2.32504e-05
    outer loop
      vertex -9.82532 7.98205 -1.5
      vertex -11.1665 5.65899 -0.511834
      vertex -11.8253 4.51795 -1.5
    endloop
  endfacet
  facet normal 0.164443 0.931778 0.323649
    outer loop
      vertex -10.0052 7.67056 -0.511834
      vertex -9.82532 7.98205 -1.5
      vertex -10.103 7.68782 -0.511834
    endloop
  endfacet
  facet normal 0.164278 0.931811 0.323637
    outer loop
      vertex -10.103 7.68782 -0.511834
      vertex -11.4186 8.26297 -1.5
      vertex -10.2063 7.56303 -0.100106
    endloop
  endfacet
  facet normal 0.164293 0.931815 0.323619
    outer loop
      vertex -11.4186 8.26297 -1.5
      vertex -10.103 7.68782 -0.511834
      vertex -9.82532 7.98205 -1.5
    endloop
  endfacet
  facet normal -0.612482 0.353384 0.707096
    outer loop
      vertex -11.4186 8.26297 -1.5
      vertex -10.2826 7.47075 -0.120078
      vertex -10.2063 7.56303 -0.100106
    endloop
  endfacet
  facet normal -0.612388 0.353532 0.707104
    outer loop
      vertex -11.6186 7.91653 -1.5
      vertex -10.2826 7.47075 -0.120078
      vertex -11.4186 8.26297 -1.5
    endloop
  endfacet
  facet normal -0.612388 0.353534 0.707104
    outer loop
      vertex -10.2826 7.47075 -0.120078
      vertex -11.6186 7.91653 -1.5
      vertex -10.4338 7.23248 -0.131896
    endloop
  endfacet
  facet normal 0.164305 0.931815 0.323612
    outer loop
      vertex -13.1694 8.18998 -1.5
      vertex -10.6899 6.82891 1.16019
      vertex -11.6186 7.91653 -1.5
    endloop
  endfacet
  facet normal 0.164329 0.931818 0.323591
    outer loop
      vertex -10.6899 6.82891 1.16019
      vertex -13.1694 8.18998 -1.5
      vertex -10.7226 6.77736 1.32524
    endloop
  endfacet
  facet normal 0.164311 0.931815 0.32361
    outer loop
      vertex -10.6899 6.82891 1.16019
      vertex -10.4338 7.23248 -0.131896
      vertex -11.6186 7.91653 -1.5
    endloop
  endfacet
  facet normal -0.715473 -0.628304 0.305502
    outer loop
      vertex -12.1244 7 -1.5
      vertex -10.9774 6.37589 -0.097337
      vertex -13.1694 8.18998 -1.5
    endloop
  endfacet
  facet normal -0.71552 -0.628212 0.305582
    outer loop
      vertex -10.9774 6.37589 -0.097337
      vertex -12.1244 7 -1.5
      vertex -10.9951 6.34803 -0.196056
    endloop
  endfacet
  facet normal -0.715469 -0.628324 0.30547
    outer loop
      vertex -10.9774 6.37589 -0.097337
      vertex -10.7226 6.77736 1.32524
      vertex -13.1694 8.18998 -1.5
    endloop
  endfacet
  facet normal 0.500011 0.866019 -1.68646e-05
    outer loop
      vertex -13.4234 7.75 -1.5
      vertex -10.9951 6.34803 1.10789
      vertex -12.1244 7 -1.5
    endloop
  endfacet
  facet normal 0.499997 0.866027 -0
    outer loop
      vertex -10.9951 6.34803 1.10789
      vertex -13.4234 7.75 -1.5
      vertex -10.9951 6.34803 1.30394
    endloop
  endfacet
  facet normal 0.499982 0.866036 0
    outer loop
      vertex -10.9951 6.34803 1.10789
      vertex -10.9951 6.34803 -0.196056
      vertex -12.1244 7 -1.5
    endloop
  endfacet
  facet normal -0.612307 0.353664 0.707109
    outer loop
      vertex -13.4234 7.75 -1.5
      vertex -11.1379 6.12309 1.29279
      vertex -10.9951 6.34803 1.30394
    endloop
  endfacet
  facet normal -0.612391 0.353533 0.707101
    outer loop
      vertex -13.6774 7.31002 -1.5
      vertex -11.1379 6.12309 1.29279
      vertex -13.4234 7.75 -1.5
    endloop
  endfacet
  facet normal -0.612432 0.353454 0.707105
    outer loop
      vertex -11.1379 6.12309 1.29279
      vertex -13.6774 7.31002 -1.5
      vertex -11.2412 5.90347 1.3131
    endloop
  endfacet
  facet normal -0.724823 -0.608215 0.323583
    outer loop
      vertex -12.6652 6.10376 -1.5
      vertex -11.4603 5.4379 -0.0526023
      vertex -13.6774 7.31002 -1.5
    endloop
  endfacet
  facet normal -0.72466 -0.608568 0.323285
    outer loop
      vertex -11.4603 5.4379 -0.0526023
      vertex -12.6652 6.10376 -1.5
      vertex -11.4713 5.41446 -0.121384
    endloop
  endfacet
  facet normal -0.724827 -0.608192 0.323618
    outer loop
      vertex -11.4603 5.4379 -0.0526023
      vertex -11.2412 5.90347 1.3131
      vertex -13.6774 7.31002 -1.5
    endloop
  endfacet
  facet normal -0.612313 0.353665 0.707102
    outer loop
      vertex -12.8653 5.75732 -1.5
      vertex -11.4713 5.41446 -0.121384
      vertex -12.6652 6.10376 -1.5
    endloop
  endfacet
  facet normal -0.612376 0.353509 0.707126
    outer loop
      vertex -11.4713 5.41446 -0.121384
      vertex -12.8653 5.75732 -1.5
      vertex -11.6422 5.05122 -0.0877923
    endloop
  endfacet
  facet normal -0.724848 -0.608106 0.323732
    outer loop
      vertex -12.8653 5.75732 -1.5
      vertex -11.7103 4.90665 -0.511834
      vertex -11.6422 5.05122 -0.0877923
    endloop
  endfacet
  facet normal -0.724814 -0.608218 0.323597
    outer loop
      vertex -11.8253 4.51795 -1.5
      vertex -11.7103 4.90665 -0.511834
      vertex -12.8653 5.75732 -1.5
    endloop
  endfacet
  facet normal -0.724763 -0.608271 0.323612
    outer loop
      vertex -11.7103 4.90665 -0.511834
      vertex -11.8253 4.51795 -1.5
      vertex -11.6455 4.82944 -0.511834
    endloop
  endfacet
  facet normal 0 0 -1
    outer loop
      vertex -4.75039 9.36396 -1.5
      vertex -3.82592 10.902 -1.5
      vertex -3.64494 10.5453 -1.5
    endloop
  endfacet
  facet normal -0 0 -1
    outer loop
      vertex -3.82592 10.902 -1.5
      vertex -4.75039 9.36396 -1.5
      vertex -4.31752 11.8262 -1.5
    endloop
  endfacet
  facet normal 0 0 -1
    outer loop
      vertex -4.31752 11.8262 -1.5
      vertex -2.74996 12.0518 -1.5
      vertex -3.82592 10.902 -1.5
    endloop
  endfacet
  facet normal -0 0 -1
    outer loop
      vertex -2.74996 12.0518 -1.5
      vertex -4.31752 11.8262 -1.5
      vertex -2.97981 12.5048 -1.5
    endloop
  endfacet
  facet normal 0 0 -1
    outer loop
      vertex -4.31752 11.8262 -1.5
      vertex -4.77292 12.7687 -1.5
      vertex -3.20966 12.9579 -1.5
    endloop
  endfacet
  facet normal 0 0 -1
    outer loop
      vertex -6.99294 10.4689 -1.5
      vertex -4.31752 11.8262 -1.5
      vertex -4.75039 9.36396 -1.5
    endloop
  endfacet
  facet normal 0 -0 -1
    outer loop
      vertex -6.56007 12.9312 -1.5
      vertex -4.31752 11.8262 -1.5
      vertex -6.99294 10.4689 -1.5
    endloop
  endfacet
  facet normal 0 0 -1
    outer loop
      vertex -6.53754 9.5264 -1.5
      vertex -4.75039 9.36396 -1.5
      vertex -6.35655 9.16964 -1.5
    endloop
  endfacet
  facet normal 0 0 -1
    outer loop
      vertex -6.99294 10.4689 -1.5
      vertex -4.75039 9.36396 -1.5
      vertex -6.53754 9.5264 -1.5
    endloop
  endfacet
  facet normal 0 0 -1
    outer loop
      vertex -4.31752 11.8262 -1.5
      vertex -6.56007 12.9312 -1.5
      vertex -4.77292 12.7687 -1.5
    endloop
  endfacet
  facet normal 0 0 -1
    outer loop
      vertex -4.77292 12.7687 -1.5
      vertex -6.56007 12.9312 -1.5
      vertex -4.95391 13.1255 -1.5
    endloop
  endfacet
  facet normal 0 0 -1
    outer loop
      vertex -8.1008 9.33724 -1.5
      vertex -6.99294 10.4689 -1.5
      vertex -6.53754 9.5264 -1.5
    endloop
  endfacet
  facet normal 0 0 -1
    outer loop
      vertex -6.99294 10.4689 -1.5
      vertex -8.1008 9.33724 -1.5
      vertex -8.33065 9.79032 -1.5
    endloop
  endfacet
  facet normal -0 0 -1
    outer loop
      vertex -6.99294 10.4689 -1.5
      vertex -8.56049 10.2434 -1.5
      vertex -7.48454 11.3931 -1.5
    endloop
  endfacet
  facet normal 0 0 -1
    outer loop
      vertex -7.48454 11.3931 -1.5
      vertex -6.56007 12.9312 -1.5
      vertex -6.99294 10.4689 -1.5
    endloop
  endfacet
  facet normal 0 0 -1
    outer loop
      vertex -6.56007 12.9312 -1.5
      vertex -7.48454 11.3931 -1.5
      vertex -7.66552 11.7499 -1.5
    endloop
  endfacet
  facet normal -0.690866 0.646506 0.323627
    outer loop
      vertex -6.30972 12.4377 0.0202942
      vertex -6.56007 12.9312 -1.5
      vertex -7.66552 11.7499 -1.5
    endloop
  endfacet
  facet normal -0.630614 -0.319885 0.707106
    outer loop
      vertex -6.30972 12.4377 0.0202942
      vertex -7.48454 11.3931 -1.5
      vertex -6.12873 12.0809 0.0202942
    endloop
  endfacet
  facet normal -0.630623 -0.319872 0.707104
    outer loop
      vertex -7.48454 11.3931 -1.5
      vertex -6.30972 12.4377 0.0202942
      vertex -7.66552 11.7499 -1.5
    endloop
  endfacet
  facet normal -0.690849 0.646533 0.32361
    outer loop
      vertex -5.88508 11.6006 1.5
      vertex -7.48454 11.3931 -1.5
      vertex -8.56049 10.2434 -1.5
    endloop
  endfacet
  facet normal -0.690854 0.646525 0.323613
    outer loop
      vertex -5.88508 11.6006 1.5
      vertex -6.12873 12.0809 0.0202942
      vertex -7.48454 11.3931 -1.5
    endloop
  endfacet
  facet normal 0.13609 -0.942693 0.304648
    outer loop
      vertex -8.56049 10.2434 -1.5
      vertex -6.60322 10.8453 -0.511834
      vertex -6.5728 10.862 -0.473747
    endloop
  endfacet
  facet normal 0.135581 -0.942481 0.305527
    outer loop
      vertex -6.99294 10.4689 -1.5
      vertex -6.60322 10.8453 -0.511834
      vertex -8.56049 10.2434 -1.5
    endloop
  endfacet
  facet normal 0.135563 -0.942482 0.305534
    outer loop
      vertex -6.60322 10.8453 -0.511834
      vertex -6.99294 10.4689 -1.5
      vertex -6.11169 10.916 -0.511834
    endloop
  endfacet
  facet normal 0.13564 -0.942503 0.305434
    outer loop
      vertex -5.88508 11.6006 1.5
      vertex -6.5728 10.862 -0.473747
      vertex -5.74205 11.3187 0.566601
    endloop
  endfacet
  facet normal 0.135621 -0.942503 0.305441
    outer loop
      vertex -6.5728 10.862 -0.473747
      vertex -5.88508 11.6006 1.5
      vertex -8.56049 10.2434 -1.5
    endloop
  endfacet
  facet normal -0.452423 0.891803 -5.67146e-05
    outer loop
      vertex -6.99294 10.4689 -1.5
      vertex -7.44939 10.2374 -0.511834
      vertex -6.55231 10.6925 -0.511834
    endloop
  endfacet
  facet normal -0.452393 0.891819 -3.91141e-05
    outer loop
      vertex -7.44939 10.2374 -0.511834
      vertex -6.99294 10.4689 -1.5
      vertex -8.33065 9.79032 -1.5
    endloop
  endfacet
  facet normal -0.452371 0.89183 -8.56731e-05
    outer loop
      vertex -6.55231 10.6925 -0.511834
      vertex -6.11169 10.916 -0.511834
      vertex -6.99294 10.4689 -1.5
    endloop
  endfacet
  facet normal -0.630647 -0.319828 0.707103
    outer loop
      vertex -6.69783 10.5541 0.3017
      vertex -5.64221 11.1219 1.5
      vertex -5.64718 11.1317 1.5
    endloop
  endfacet
  facet normal -0.630569 -0.319977 0.707105
    outer loop
      vertex -5.64221 11.1219 1.5
      vertex -6.69783 10.5541 0.3017
      vertex -6.62908 10.4458 0.314001
    endloop
  endfacet
  facet normal -0.630558 -0.319968 0.707119
    outer loop
      vertex -7.36439 10.0698 -0.511834
      vertex -6.62908 10.4458 0.314001
      vertex -6.69783 10.5541 0.3017
    endloop
  endfacet
  facet normal -0.630575 -0.319935 0.707119
    outer loop
      vertex -6.62908 10.4458 0.314001
      vertex -7.36439 10.0698 -0.511834
      vertex -7.26836 9.88053 -0.511834
    endloop
  endfacet
  facet normal -0.630601 -0.319913 0.707106
    outer loop
      vertex -6.58531 10.3768 0.321832
      vertex -5.42538 10.6945 1.5
      vertex -5.55231 10.9447 1.5
    endloop
  endfacet
  facet normal -0.630607 -0.319897 0.707107
    outer loop
      vertex -7.26836 9.88053 -0.511834
      vertex -5.42538 10.6945 1.5
      vertex -6.58531 10.3768 0.321832
    endloop
  endfacet
  facet normal -0.630607 -0.319898 0.707107
    outer loop
      vertex -7.26836 9.88053 -0.511834
      vertex -8.1008 9.33724 -1.5
      vertex -5.42538 10.6945 1.5
    endloop
  endfacet
  facet normal -0.630583 -0.319939 0.70711
    outer loop
      vertex -7.36439 10.0698 -0.511834
      vertex -8.1008 9.33724 -1.5
      vertex -7.26836 9.88053 -0.511834
    endloop
  endfacet
  facet normal -0.630635 -0.319833 0.707112
    outer loop
      vertex -8.33065 9.79032 -1.5
      vertex -7.36439 10.0698 -0.511834
      vertex -7.44939 10.2374 -0.511834
    endloop
  endfacet
  facet normal -0.630605 -0.319909 0.707104
    outer loop
      vertex -7.36439 10.0698 -0.511834
      vertex -8.33065 9.79032 -1.5
      vertex -8.1008 9.33724 -1.5
    endloop
  endfacet
  facet normal 0.113664 -0.939341 0.323603
    outer loop
      vertex -6.53754 9.5264 -1.5
      vertex -5.18173 10.2142 0.0202942
      vertex -8.1008 9.33724 -1.5
    endloop
  endfacet
  facet normal 0.113656 -0.939338 0.323616
    outer loop
      vertex -5.18173 10.2142 0.0202942
      vertex -5.42538 10.6945 1.5
      vertex -8.1008 9.33724 -1.5
    endloop
  endfacet
  facet normal -0.630595 -0.31992 0.707107
    outer loop
      vertex -5.18173 10.2142 0.0202942
      vertex -6.35655 9.16964 -1.5
      vertex -5.00074 9.85745 0.0202942
    endloop
  endfacet
  facet normal -0.6306 -0.319913 0.707106
    outer loop
      vertex -6.35655 9.16964 -1.5
      vertex -5.18173 10.2142 0.0202942
      vertex -6.53754 9.5264 -1.5
    endloop
  endfacet
  facet normal 0.113645 -0.939336 0.323624
    outer loop
      vertex -4.75039 9.36396 -1.5
      vertex -5.00074 9.85745 0.0202942
      vertex -6.35655 9.16964 -1.5
    endloop
  endfacet
  facet normal -0.113633 0.939336 0.323628
    outer loop
      vertex -6.30972 12.4377 0.0202942
      vertex -4.95391 13.1255 -1.5
      vertex -6.56007 12.9312 -1.5
    endloop
  endfacet
  facet normal 0.630614 0.319885 0.707106
    outer loop
      vertex -4.95391 13.1255 -1.5
      vertex -6.12873 12.0809 0.0202942
      vertex -4.77292 12.7687 -1.5
    endloop
  endfacet
  facet normal 0.630614 0.319885 0.707106
    outer loop
      vertex -6.12873 12.0809 0.0202942
      vertex -4.95391 13.1255 -1.5
      vertex -6.30972 12.4377 0.0202942
    endloop
  endfacet
  facet normal -0.113668 0.939336 0.323617
    outer loop
      vertex -5.88508 11.6006 1.5
      vertex -3.20966 12.9579 -1.5
      vertex -6.12873 12.0809 0.0202942
    endloop
  endfacet
  facet normal -0.113688 0.939345 0.323583
    outer loop
      vertex -3.20966 12.9579 -1.5
      vertex -4.77292 12.7687 -1.5
      vertex -6.12873 12.0809 0.0202942
    endloop
  endfacet
  facet normal 0.680305 -0.666285 0.305368
    outer loop
      vertex -5.88508 11.6006 1.5
      vertex -4.87028 11.7147 -0.511834
      vertex -4.31752 11.8262 -1.5
    endloop
  endfacet
  facet normal 0.680341 -0.666238 0.305389
    outer loop
      vertex -5.88508 11.6006 1.5
      vertex -5.41165 11.5004 0.226704
      vertex -4.87028 11.7147 -0.511834
    endloop
  endfacet
  facet normal 0.680503 -0.666052 0.305435
    outer loop
      vertex -5.41165 11.5004 0.226704
      vertex -5.88508 11.6006 1.5
      vertex -5.74205 11.3187 0.566601
    endloop
  endfacet
  facet normal 0.680474 -0.666057 0.305488
    outer loop
      vertex -4.31752 11.8262 -1.5
      vertex -4.87028 11.7147 -0.511834
      vertex -5.19877 11.3791 -0.511834
    endloop
  endfacet
  facet normal 0.680441 -0.666107 0.305453
    outer loop
      vertex -4.31752 11.8262 -1.5
      vertex -3.20966 12.9579 -1.5
      vertex -5.88508 11.6006 1.5
    endloop
  endfacet
  facet normal -0.452444 0.891793 -8.56687e-05
    outer loop
      vertex -3.86106 12.0578 -0.511834
      vertex -2.97981 12.5048 -1.5
      vertex -4.74232 11.6107 -0.511834
    endloop
  endfacet
  facet normal -0.452403 0.891813 4.87439e-06
    outer loop
      vertex -4.31752 11.8262 -1.5
      vertex -4.74232 11.6107 -0.511834
      vertex -2.97981 12.5048 -1.5
    endloop
  endfacet
  facet normal -0.452481 0.891774 -3.69819e-05
    outer loop
      vertex -4.74232 11.6107 -0.511834
      vertex -4.31752 11.8262 -1.5
      vertex -5.19877 11.3791 -0.511834
    endloop
  endfacet
  facet normal 0.630572 0.319964 0.707108
    outer loop
      vertex -2.74996 12.0518 -1.5
      vertex -3.78515 11.9081 -0.511834
      vertex -3.68803 11.7167 -0.511834
    endloop
  endfacet
  facet normal 0.630559 0.319958 0.707122
    outer loop
      vertex -3.68803 11.7167 -0.511834
      vertex -3.78515 11.9081 -0.511834
      vertex -3.75414 11.7062 -0.448131
    endloop
  endfacet
  facet normal 0.630669 0.3198 0.707096
    outer loop
      vertex -3.78515 11.9081 -0.511834
      vertex -2.97981 12.5048 -1.5
      vertex -3.86106 12.0578 -0.511834
    endloop
  endfacet
  facet normal 0.630576 0.319951 0.707111
    outer loop
      vertex -3.78515 11.9081 -0.511834
      vertex -2.74996 12.0518 -1.5
      vertex -2.97981 12.5048 -1.5
    endloop
  endfacet
  facet normal 0.630584 0.31994 0.707109
    outer loop
      vertex -5.42538 10.6945 1.5
      vertex -3.79782 11.6885 -0.401169
      vertex -5.23283 11.1203 1.13563
    endloop
  endfacet
  facet normal 0.630556 0.31999 0.707111
    outer loop
      vertex -3.79782 11.6885 -0.401169
      vertex -5.42538 10.6945 1.5
      vertex -3.68803 11.7167 -0.511834
    endloop
  endfacet
  facet normal 0.630579 0.319948 0.707109
    outer loop
      vertex -3.68803 11.7167 -0.511834
      vertex -5.42538 10.6945 1.5
      vertex -2.74996 12.0518 -1.5
    endloop
  endfacet
  facet normal 0.630609 0.319917 0.707096
    outer loop
      vertex -5.42538 10.6945 1.5
      vertex -5.23283 11.1203 1.13563
      vertex -5.55231 10.9447 1.5
    endloop
  endfacet
  facet normal 0.630395 0.319976 0.707261
    outer loop
      vertex -3.78515 11.9081 -0.511834
      vertex -3.80115 11.6987 -0.402837
      vertex -3.75414 11.7062 -0.448131
    endloop
  endfacet
  facet normal 0.63066 0.31986 0.707076
    outer loop
      vertex -3.86271 11.8882 -0.433654
      vertex -3.80115 11.6987 -0.402837
      vertex -3.78515 11.9081 -0.511834
    endloop
  endfacet
  facet normal 0.63064 0.319856 0.707096
    outer loop
      vertex -3.86271 11.8882 -0.433654
      vertex -4.62148 11.463 0.435413
      vertex -3.80115 11.6987 -0.402837
    endloop
  endfacet
  facet normal 0.630519 0.320084 0.707101
    outer loop
      vertex -5.32224 11.3103 1.1294
      vertex -4.62148 11.463 0.435413
      vertex -3.86271 11.8882 -0.433654
    endloop
  endfacet
  facet normal 0.630372 0.320498 0.707044
    outer loop
      vertex -4.62148 11.463 0.435413
      vertex -5.32224 11.3103 1.1294
      vertex -5.30201 11.2674 1.13081
    endloop
  endfacet
  facet normal 0.630317 0.320474 0.707105
    outer loop
      vertex -5.32224 11.3103 1.1294
      vertex -5.48794 11.1879 1.33258
      vertex -5.30201 11.2674 1.13081
    endloop
  endfacet
  facet normal 0.630329 0.320454 0.707103
    outer loop
      vertex -5.64718 11.1317 1.5
      vertex -5.48794 11.1879 1.33258
      vertex -5.32224 11.3103 1.1294
    endloop
  endfacet
  facet normal 0.630606 0.319807 0.707149
    outer loop
      vertex -5.48794 11.1879 1.33258
      vertex -5.64718 11.1317 1.5
      vertex -5.64221 11.1219 1.5
    endloop
  endfacet
  facet normal 0.690854 -0.646525 0.323613
    outer loop
      vertex -5.18173 10.2142 0.0202942
      vertex -3.82592 10.902 -1.5
      vertex -5.42538 10.6945 1.5
    endloop
  endfacet
  facet normal 0.69087 -0.646503 0.323623
    outer loop
      vertex -3.82592 10.902 -1.5
      vertex -2.74996 12.0518 -1.5
      vertex -5.42538 10.6945 1.5
    endloop
  endfacet
  facet normal 0.630582 0.319941 0.70711
    outer loop
      vertex -3.82592 10.902 -1.5
      vertex -5.00074 9.85745 0.0202942
      vertex -3.64494 10.5453 -1.5
    endloop
  endfacet
  facet normal 0.630596 0.31992 0.707106
    outer loop
      vertex -5.00074 9.85745 0.0202942
      vertex -3.82592 10.902 -1.5
      vertex -5.18173 10.2142 0.0202942
    endloop
  endfacet
  facet normal 0.690878 -0.646496 0.323622
    outer loop
      vertex -4.75039 9.36396 -1.5
      vertex -3.64494 10.5453 -1.5
      vertex -5.00074 9.85745 0.0202942
    endloop
  endfacet
  facet normal 0 0 -1
    outer loop
      vertex 0 2.40856 -1.5
      vertex -0.323647 3.22783 -1.5
      vertex 0 3.25765 -1.5
    endloop
  endfacet
  facet normal 0 0 -1
    outer loop
      vertex -0.568628 2.25901 -1.5
      vertex -0.323647 3.22783 -1.5
      vertex 0 2.40856 -1.5
    endloop
  endfacet
  facet normal -0 0 -1
    outer loop
      vertex -0.323647 3.22783 -1.5
      vertex -0.568628 2.25901 -1.5
      vertex -0.492809 3.30306 -1.5
    endloop
  endfacet
  facet normal 0 0 -1
    outer loop
      vertex 0 3.25765 -1.5
      vertex 0.568628 2.25901 -1.5
      vertex 0 2.40856 -1.5
    endloop
  endfacet
  facet normal 0 0 -1
    outer loop
      vertex 0.568628 2.25901 -1.5
      vertex 0 3.25765 -1.5
      vertex 0.376574 4.34338 -1.5
    endloop
  endfacet
  facet normal 0 0 -1
    outer loop
      vertex 0 3.25765 -1.5
      vertex 0 4.16567 -1.5
      vertex 0.376574 4.34338 -1.5
    endloop
  endfacet
  facet normal 0 0 -1
    outer loop
      vertex -0.492809 3.30306 -1.5
      vertex 0 4.16567 -1.5
      vertex 0 3.25765 -1.5
    endloop
  endfacet
  facet normal -0 0 -1
    outer loop
      vertex 0 4.16567 -1.5
      vertex -0.492809 3.30306 -1.5
      vertex -0.376574 4.34338 -1.5
    endloop
  endfacet
  facet normal 0 0 -1
    outer loop
      vertex 0.574397 -9.06467 -1.5
      vertex 0.0894279 -8.91331 -1.5
      vertex 0.536328 -7.48143 -1.5
    endloop
  endfacet
  facet normal 0 0 -1
    outer loop
      vertex 3.57319 -2.49781 -1.5
      vertex 1.67205 -1.62195 -1.5
      vertex 2.82121 -1.62883 -1.5
    endloop
  endfacet
  facet normal 0 0 -1
    outer loop
      vertex 0.536328 -7.48143 -1.5
      vertex 2.82794 -5.26161 -1.5
      vertex 2.8924 -6.64542 -1.5
    endloop
  endfacet
  facet normal 0 0 -1
    outer loop
      vertex 2.82121 -1.62883 -1.5
      vertex 2.24068 -0.637059 -1.5
      vertex 2.33997 1.1547 -1.5
    endloop
  endfacet
  facet normal 0 0 -1
    outer loop
      vertex 2.82121 -1.62883 -1.5
      vertex 2.08588 -1.20428 -1.5
      vertex 2.24068 -0.637059 -1.5
    endloop
  endfacet
  facet normal 0 0 -1
    outer loop
      vertex 1.52935 -7.81262 -1.5
      vertex 2.8924 -6.64542 -1.5
      vertex 1.91123 -7.9318 -1.5
    endloop
  endfacet
  facet normal 0 0 -1
    outer loop
      vertex 2.82121 -1.62883 -1.5
      vertex 1.67205 -1.62195 -1.5
      vertex 2.08588 -1.20428 -1.5
    endloop
  endfacet
  facet normal 0 0 -1
    outer loop
      vertex 0.536328 -7.48143 -1.5
      vertex 2.8924 -6.64542 -1.5
      vertex 1.52935 -7.81262 -1.5
    endloop
  endfacet
  facet normal 0 0 -1
    outer loop
      vertex 2.82794 -5.26161 -1.5
      vertex 0.0386871 -4.18898 -1.5
      vertex 1.67205 -1.62195 -1.5
    endloop
  endfacet
  facet normal 0 0 -1
    outer loop
      vertex 0.536328 -7.48143 -1.5
      vertex 1.52935 -7.81262 -1.5
      vertex 0.574397 -9.06467 -1.5
    endloop
  endfacet
  facet normal -0 0 -1
    outer loop
      vertex 2.82794 -5.26161 -1.5
      vertex 0.536328 -7.48143 -1.5
      vertex -0.371353 -4.72658 -1.5
    endloop
  endfacet
  facet normal 0 -0 -1
    outer loop
      vertex 0.169986 -2.60383 -1.5
      vertex 1.67205 -1.62195 -1.5
      vertex 0.0386871 -4.18898 -1.5
    endloop
  endfacet
  facet normal -0 0 -1
    outer loop
      vertex 1.67205 -1.62195 -1.5
      vertex 0.169986 -2.60383 -1.5
      vertex 1.30871 -1.45456 -1.5
    endloop
  endfacet
  facet normal 0 0 -1
    outer loop
      vertex 2.82794 -5.26161 -1.5
      vertex -0.371353 -4.72658 -1.5
      vertex 0.0386871 -4.18898 -1.5
    endloop
  endfacet
  facet normal 0 0 -1
    outer loop
      vertex -0.468788 -7.18898 -1.5
      vertex 0.536328 -7.48143 -1.5
      vertex -0.395541 -8.76195 -1.5
    endloop
  endfacet
  facet normal 0 0 -1
    outer loop
      vertex -0.889393 -6.23832 -1.5
      vertex 0.536328 -7.48143 -1.5
      vertex -0.468788 -7.18898 -1.5
    endloop
  endfacet
  facet normal 0 0 -1
    outer loop
      vertex -0.910966 -5.77521 -1.5
      vertex 0.536328 -7.48143 -1.5
      vertex -0.889393 -6.23832 -1.5
    endloop
  endfacet
  facet normal 0 0 -1
    outer loop
      vertex 3.80298 -4.27755 -1.5
      vertex 3.57319 -2.49781 -1.5
      vertex 3.93653 -2.6652 -1.5
    endloop
  endfacet
  facet normal 0 0 -1
    outer loop
      vertex 2.82794 -5.26161 -1.5
      vertex 3.57319 -2.49781 -1.5
      vertex 3.80298 -4.27755 -1.5
    endloop
  endfacet
  facet normal 0 0 -1
    outer loop
      vertex 1.67205 -1.62195 -1.5
      vertex 3.57319 -2.49781 -1.5
      vertex 2.82794 -5.26161 -1.5
    endloop
  endfacet
  facet normal 0 0 -1
    outer loop
      vertex 3.57319 -2.49781 -1.5
      vertex 2.82121 -1.62883 -1.5
      vertex 3.10694 -1.22474 -1.5
    endloop
  endfacet
  facet normal 0 0 -1
    outer loop
      vertex 5.70525 0.637059 -1.5
      vertex 4.83899 1.22474 -1.5
      vertex 5.45696 2.09868 -1.5
    endloop
  endfacet
  facet normal 0 0 -1
    outer loop
      vertex 3.14272 5.07987 -1.5
      vertex 6.21094 4.20519 -1.5
      vertex 4.27901 2.04169 -1.5
    endloop
  endfacet
  facet normal 0 0 -1
    outer loop
      vertex 3.10694 -1.22474 -1.5
      vertex 4.83899 1.22474 -1.5
      vertex 5.60596 -1.1547 -1.5
    endloop
  endfacet
  facet normal 0 0 -1
    outer loop
      vertex 3.94977 -1.84557 -1.5
      vertex 5.60596 -1.1547 -1.5
      vertex 4.2764 -2.07653 -1.5
    endloop
  endfacet
  facet normal 0 0 -1
    outer loop
      vertex 4.83899 1.22474 -1.5
      vertex 3.99616 1.84557 -1.5
      vertex 4.27901 2.04169 -1.5
    endloop
  endfacet
  facet normal 0 0 -1
    outer loop
      vertex 3.10694 -1.22474 -1.5
      vertex 5.60596 -1.1547 -1.5
      vertex 3.94977 -1.84557 -1.5
    endloop
  endfacet
  facet normal 0 0 -1
    outer loop
      vertex 2.33997 1.1547 -1.5
      vertex 4.83899 1.22474 -1.5
      vertex 3.10694 -1.22474 -1.5
    endloop
  endfacet
  facet normal 0 0 -1
    outer loop
      vertex 3.10694 -1.22474 -1.5
      vertex 3.94977 -1.84557 -1.5
      vertex 3.60757 -2.08283 -1.5
    endloop
  endfacet
  facet normal 0 0 -1
    outer loop
      vertex 3.10694 -1.22474 -1.5
      vertex 3.60757 -2.08283 -1.5
      vertex 3.57319 -2.49781 -1.5
    endloop
  endfacet
  facet normal -0 0 -1
    outer loop
      vertex 4.83899 1.22474 -1.5
      vertex 2.33997 1.1547 -1.5
      vertex 3.99616 1.84557 -1.5
    endloop
  endfacet
  facet normal 0 0 -1
    outer loop
      vertex 2.33997 1.1547 -1.5
      vertex 3.10694 -1.22474 -1.5
      vertex 2.95721 -1.33363 -1.5
    endloop
  endfacet
  facet normal 0 0 -1
    outer loop
      vertex 2.33997 1.1547 -1.5
      vertex 2.95721 -1.33363 -1.5
      vertex 2.82121 -1.62883 -1.5
    endloop
  endfacet
  facet normal -0 0 -1
    outer loop
      vertex 3.99616 1.84557 -1.5
      vertex 2.33997 1.1547 -1.5
      vertex 3.66953 2.07653 -1.5
    endloop
  endfacet
  facet normal 0 0 -1
    outer loop
      vertex 3.14272 5.07987 -1.5
      vertex 4.27901 2.04169 -1.5
      vertex 3.60842 2.128 -1.5
    endloop
  endfacet
  facet normal 0 0 -1
    outer loop
      vertex 6.21094 4.20519 -1.5
      vertex 3.14272 5.07987 -1.5
      vertex 4.3089 5.8276 -1.5
    endloop
  endfacet
  facet normal 0 0 -1
    outer loop
      vertex 0.568628 2.25901 -1.5
      vertex 3.60842 2.128 -1.5
      vertex 2.16999 1.44912 -1.5
    endloop
  endfacet
  facet normal 0 0 -1
    outer loop
      vertex 3.60842 2.128 -1.5
      vertex 0.568628 2.25901 -1.5
      vertex 3.14272 5.07987 -1.5
    endloop
  endfacet
  facet normal 0 0 -1
    outer loop
      vertex 0.568628 2.25901 -1.5
      vertex 2.16999 1.44912 -1.5
      vertex 0.605332 1.86066 -1.5
    endloop
  endfacet
  facet normal 0 0 -1
    outer loop
      vertex 0.376574 4.34338 -1.5
      vertex 3.14272 5.07987 -1.5
      vertex 0.568628 2.25901 -1.5
    endloop
  endfacet
  facet normal -0 0 -1
    outer loop
      vertex 3.14272 5.07987 -1.5
      vertex 0.376574 4.34338 -1.5
      vertex 1.80298 5.43225 -1.5
    endloop
  endfacet
  facet normal 0 0 -1
    outer loop
      vertex 1.80298 5.43225 -1.5
      vertex 0.376574 4.34338 -1.5
      vertex 0.339869 4.74174 -1.5
    endloop
  endfacet
  facet normal 0 0 -1
    outer loop
      vertex 2.33997 1.1547 -1.5
      vertex 2.24068 -0.637059 -1.5
      vertex 1.91405 -0.406096 -1.5
    endloop
  endfacet
  facet normal -0 0 -1
    outer loop
      vertex 6.03188 0.406096 -1.5
      vertex 5.60596 -1.1547 -1.5
      vertex 5.70525 0.637059 -1.5
    endloop
  endfacet
  facet normal 0 0 -1
    outer loop
      vertex 5.45696 2.09868 -1.5
      vertex 6.11983 2.15617 -1.5
      vertex 5.70525 0.637059 -1.5
    endloop
  endfacet
  facet normal 0 0 -1
    outer loop
      vertex 5.84724 2.34892 -1.5
      vertex 6.46024 3.18851 -1.5
      vertex 6.54796 2.79821 -1.5
    endloop
  endfacet
  facet normal 0 0 -1
    outer loop
      vertex 4.3089 5.8276 -1.5
      vertex 6.00125 5.23077 -1.5
      vertex 6.21094 4.20519 -1.5
    endloop
  endfacet
  facet normal -0 0 -1
    outer loop
      vertex 6.46024 3.18851 -1.5
      vertex 5.84724 2.34892 -1.5
      vertex 6.21094 4.20519 -1.5
    endloop
  endfacet
  facet normal 0 0 -1
    outer loop
      vertex 5.45696 2.09868 -1.5
      vertex 6.21094 4.20519 -1.5
      vertex 5.84724 2.34892 -1.5
    endloop
  endfacet
  facet normal -0 0 -1
    outer loop
      vertex 6.11983 2.15617 -1.5
      vertex 5.45696 2.09868 -1.5
      vertex 5.84724 2.34892 -1.5
    endloop
  endfacet
  facet normal 0 0 -1
    outer loop
      vertex 4.83899 1.22474 -1.5
      vertex 5.70525 0.637059 -1.5
      vertex 5.60596 -1.1547 -1.5
    endloop
  endfacet
  facet normal 0 0 -1
    outer loop
      vertex 4.27901 2.04169 -1.5
      vertex 5.45696 2.09868 -1.5
      vertex 5.05223 1.94217 -1.5
    endloop
  endfacet
  facet normal 0 0 -1
    outer loop
      vertex 5.05223 1.94217 -1.5
      vertex 5.45696 2.09868 -1.5
      vertex 5.186 1.92495 -1.5
    endloop
  endfacet
  facet normal -0 0 -1
    outer loop
      vertex 5.45696 2.09868 -1.5
      vertex 4.27901 2.04169 -1.5
      vertex 6.21094 4.20519 -1.5
    endloop
  endfacet
  facet normal 0 0 -1
    outer loop
      vertex 4.27901 2.04169 -1.5
      vertex 5.05223 1.94217 -1.5
      vertex 4.83899 1.22474 -1.5
    endloop
  endfacet
  facet normal 0 0 -1
    outer loop
      vertex 6.00125 5.23077 -1.5
      vertex 4.3089 5.8276 -1.5
      vertex 5.91353 5.62107 -1.5
    endloop
  endfacet
  facet normal -0 0 -1
    outer loop
      vertex 7.78584 4.03842 -1.5
      vertex 6.46024 3.18851 -1.5
      vertex 6.21094 4.20519 -1.5
    endloop
  endfacet
  facet normal 0 0 -1
    outer loop
      vertex 6.21094 4.20519 -1.5
      vertex 7.56304 5.02978 -1.5
      vertex 7.67444 4.5341 -1.5
    endloop
  endfacet
  facet normal -0 0 -1
    outer loop
      vertex 7.56304 5.02978 -1.5
      vertex 6.21094 4.20519 -1.5
      vertex 6.00125 5.23077 -1.5
    endloop
  endfacet
  facet normal 0 0 -1
    outer loop
      vertex -1.80298 5.43225 -1.5
      vertex -0.376574 4.34338 -1.5
      vertex -0.492809 3.30306 -1.5
    endloop
  endfacet
  facet normal 0 0 -1
    outer loop
      vertex -2.16999 1.44912 -1.5
      vertex -0.568628 2.25901 -1.5
      vertex -0.605332 1.86066 -1.5
    endloop
  endfacet
  facet normal 0 0 -1
    outer loop
      vertex -0.376574 4.34338 -1.5
      vertex -1.80298 5.43225 -1.5
      vertex -0.339869 4.74174 -1.5
    endloop
  endfacet
  facet normal -0 0 -1
    outer loop
      vertex -0.568628 2.25901 -1.5
      vertex -2.16999 1.44912 -1.5
      vertex -0.492809 3.30306 -1.5
    endloop
  endfacet
  facet normal -0 0 -1
    outer loop
      vertex -0.492809 3.30306 -1.5
      vertex -2.16999 1.44912 -1.5
      vertex -3.48015 3.57832 -1.5
    endloop
  endfacet
  facet normal 0 0 -1
    outer loop
      vertex -0.492809 3.30306 -1.5
      vertex -3.48015 3.57832 -1.5
      vertex -1.80298 5.43225 -1.5
    endloop
  endfacet
  facet normal 0 0 -1
    outer loop
      vertex -1.80298 5.43225 -1.5
      vertex -3.40434 4.62236 -1.5
      vertex -3.36763 5.02072 -1.5
    endloop
  endfacet
  facet normal 0 0 -1
    outer loop
      vertex -1.80298 5.43225 -1.5
      vertex -3.48015 3.57832 -1.5
      vertex -3.40434 4.62236 -1.5
    endloop
  endfacet
  facet normal 0 0 -1
    outer loop
      vertex -2.16999 1.44912 -1.5
      vertex -3.59639 2.53799 -1.5
      vertex -3.48015 3.57832 -1.5
    endloop
  endfacet
  facet normal 0 -0 -1
    outer loop
      vertex -3.59639 2.53799 -1.5
      vertex -2.16999 1.44912 -1.5
      vertex -3.6331 2.13964 -1.5
    endloop
  endfacet
  facet normal 0 0 -1
    outer loop
      vertex -7.2013 0.817814 -1.5
      vertex -7.82476 2.31073 -1.5
      vertex -7.5306 2.58185 -1.5
    endloop
  endfacet
  facet normal -0 0 -1
    outer loop
      vertex -5.99145 4.00047 -1.5
      vertex -6.74727 3.27624 -1.5
      vertex -7.3903 4.72352 -1.5
    endloop
  endfacet
  facet normal -0 0 -1
    outer loop
      vertex -2.08588 -1.20428 -1.5
      vertex -2.82121 -1.62883 -1.5
      vertex -2.24068 -0.637059 -1.5
    endloop
  endfacet
  facet normal 0 0 -1
    outer loop
      vertex -3.94977 -1.84557 -1.5
      vertex -2.24068 -0.637059 -1.5
      vertex -2.82121 -1.62883 -1.5
    endloop
  endfacet
  facet normal -0 0 -1
    outer loop
      vertex -2.61413 -2.07832 -1.5
      vertex -3.60757 -2.08283 -1.5
      vertex -2.82121 -1.62883 -1.5
    endloop
  endfacet
  facet normal 0 0 -1
    outer loop
      vertex -3.94977 -1.84557 -1.5
      vertex -2.82121 -1.62883 -1.5
      vertex -3.60757 -2.08283 -1.5
    endloop
  endfacet
  facet normal 0 0 -1
    outer loop
      vertex -5.97066 0.181736 -1.5
      vertex -2.24068 -0.637059 -1.5
      vertex -3.94977 -1.84557 -1.5
    endloop
  endfacet
  facet normal 0 -0 -1
    outer loop
      vertex -3.64711 2.06099 -1.5
      vertex -2.24068 -0.637059 -1.5
      vertex -5.97066 0.181736 -1.5
    endloop
  endfacet
  facet normal 0 0 -1
    outer loop
      vertex -2.24068 -0.637059 -1.5
      vertex -3.64711 2.06099 -1.5
      vertex -2.33997 1.1547 -1.5
    endloop
  endfacet
  facet normal 0 0 -1
    outer loop
      vertex -4.54599 3.67652 -1.5
      vertex -3.40434 4.62236 -1.5
      vertex -3.48015 3.57832 -1.5
    endloop
  endfacet
  facet normal 0 0 -1
    outer loop
      vertex -3.40434 4.62236 -1.5
      vertex -4.54599 3.67652 -1.5
      vertex -4.92721 4.22184 -1.5
    endloop
  endfacet
  facet normal 0 0 -1
    outer loop
      vertex -3.90766 2.68489 -1.5
      vertex -3.48015 3.57832 -1.5
      vertex -3.59639 2.53799 -1.5
    endloop
  endfacet
  facet normal 0 0 -1
    outer loop
      vertex -3.90766 2.68489 -1.5
      vertex -4.20808 3.40427 -1.5
      vertex -3.48015 3.57832 -1.5
    endloop
  endfacet
  facet normal -0 0 -1
    outer loop
      vertex -3.64711 2.06099 -1.5
      vertex -5.97066 0.181736 -1.5
      vertex -3.90766 2.68489 -1.5
    endloop
  endfacet
  facet normal 0 0 -1
    outer loop
      vertex -6.74727 3.27624 -1.5
      vertex -3.90766 2.68489 -1.5
      vertex -5.97066 0.181736 -1.5
    endloop
  endfacet
  facet normal 0 0 -1
    outer loop
      vertex -5.60596 -1.1547 -1.5
      vertex -3.94977 -1.84557 -1.5
      vertex -4.2764 -2.07653 -1.5
    endloop
  endfacet
  facet normal 0 -0 -1
    outer loop
      vertex -4.54599 3.67652 -1.5
      vertex -3.90766 2.68489 -1.5
      vertex -6.74727 3.27624 -1.5
    endloop
  endfacet
  facet normal 0 0 -1
    outer loop
      vertex -4.20808 3.40427 -1.5
      vertex -4.54599 3.67652 -1.5
      vertex -4.26005 3.52873 -1.5
    endloop
  endfacet
  facet normal 0 0 -1
    outer loop
      vertex -4.54599 3.67652 -1.5
      vertex -4.95785 3.8894 -1.5
      vertex -4.92721 4.22184 -1.5
    endloop
  endfacet
  facet normal 0 0 -1
    outer loop
      vertex -3.94977 -1.84557 -1.5
      vertex -5.60596 -1.1547 -1.5
      vertex -5.97066 0.181736 -1.5
    endloop
  endfacet
  facet normal 0 0 -1
    outer loop
      vertex -3.90766 2.68489 -1.5
      vertex -4.54599 3.67652 -1.5
      vertex -4.20808 3.40427 -1.5
    endloop
  endfacet
  facet normal -0 0 -1
    outer loop
      vertex -4.54599 3.67652 -1.5
      vertex -6.74727 3.27624 -1.5
      vertex -4.95785 3.8894 -1.5
    endloop
  endfacet
  facet normal 0 0 -1
    outer loop
      vertex -4.95785 3.8894 -1.5
      vertex -5.99145 4.00047 -1.5
      vertex -5.6973 4.27159 -1.5
    endloop
  endfacet
  facet normal -0 0 -1
    outer loop
      vertex -4.95785 3.8894 -1.5
      vertex -6.74727 3.27624 -1.5
      vertex -5.99145 4.00047 -1.5
    endloop
  endfacet
  facet normal 0 0 -1
    outer loop
      vertex -7.2013 0.817814 -1.5
      vertex -6.74727 3.27624 -1.5
      vertex -5.97066 0.181736 -1.5
    endloop
  endfacet
  facet normal 0 0 -1
    outer loop
      vertex -7.5306 2.58185 -1.5
      vertex -6.74727 3.27624 -1.5
      vertex -7.2013 0.817814 -1.5
    endloop
  endfacet
  facet normal 0 0 -1
    outer loop
      vertex -8.13743 4.03489 -1.5
      vertex -6.74727 3.27624 -1.5
      vertex -7.5306 2.58185 -1.5
    endloop
  endfacet
  facet normal 0 0 -1
    outer loop
      vertex -6.74727 3.27624 -1.5
      vertex -8.13743 4.03489 -1.5
      vertex -7.76387 4.37921 -1.5
    endloop
  endfacet
  facet normal 0 0 -1
    outer loop
      vertex -1.19262 -6.37801 -1.5
      vertex -0.910966 -5.77521 -1.5
      vertex -0.889393 -6.23832 -1.5
    endloop
  endfacet
  facet normal 0 0 -1
    outer loop
      vertex -2.30092 -5.25942 -1.5
      vertex -0.910966 -5.77521 -1.5
      vertex -1.19262 -6.37801 -1.5
    endloop
  endfacet
  facet normal 0 0 -1
    outer loop
      vertex -0.169986 -2.60383 -1.5
      vertex -2.61413 -2.07832 -1.5
      vertex -1.67205 -1.62195 -1.5
    endloop
  endfacet
  facet normal 0 0 -1
    outer loop
      vertex -0.910966 -5.77521 -1.5
      vertex -2.30092 -5.25942 -1.5
      vertex -1.35884 -4.80306 -1.5
    endloop
  endfacet
  facet normal 0 0 -1
    outer loop
      vertex -3.80298 -4.27755 -1.5
      vertex -1.35884 -4.80306 -1.5
      vertex -2.30092 -5.25942 -1.5
    endloop
  endfacet
  facet normal 0 0 -1
    outer loop
      vertex -2.63356 -1.8942 -1.5
      vertex -1.67205 -1.62195 -1.5
      vertex -2.61413 -2.07832 -1.5
    endloop
  endfacet
  facet normal 0 0 -1
    outer loop
      vertex -0.889393 -6.23832 -1.5
      vertex -0.468788 -7.18898 -1.5
      vertex -0.85066 -7.0698 -1.5
    endloop
  endfacet
  facet normal 0 0 -1
    outer loop
      vertex 0.536328 -7.48143 -1.5
      vertex -0.910966 -5.77521 -1.5
      vertex -0.371353 -4.72658 -1.5
    endloop
  endfacet
  facet normal 0 0 -1
    outer loop
      vertex -0.371353 -4.72658 -1.5
      vertex -0.910966 -5.77521 -1.5
      vertex -0.844148 -5.34644 -1.5
    endloop
  endfacet
  facet normal 0 0 -1
    outer loop
      vertex -0.844148 -5.34644 -1.5
      vertex -0.910966 -5.77521 -1.5
      vertex -0.925943 -5.45368 -1.5
    endloop
  endfacet
  facet normal 0 0 -1
    outer loop
      vertex -0.399771 -4.38356 -1.5
      vertex -0.169986 -2.60383 -1.5
      vertex -0.0364351 -4.21617 -1.5
    endloop
  endfacet
  facet normal 0 0 -1
    outer loop
      vertex -1.35884 -4.80306 -1.5
      vertex -0.371353 -4.72658 -1.5
      vertex -0.844148 -5.34644 -1.5
    endloop
  endfacet
  facet normal -0 0 -1
    outer loop
      vertex -0.371353 -4.72658 -1.5
      vertex -1.35884 -4.80306 -1.5
      vertex -0.399771 -4.38356 -1.5
    endloop
  endfacet
  facet normal -0 0 -1
    outer loop
      vertex -0.399771 -4.38356 -1.5
      vertex -1.35884 -4.80306 -1.5
      vertex -0.169986 -2.60383 -1.5
    endloop
  endfacet
  facet normal 0 0 -1
    outer loop
      vertex -2.61413 -2.07832 -1.5
      vertex -0.169986 -2.60383 -1.5
      vertex -1.35884 -4.80306 -1.5
    endloop
  endfacet
  facet normal 0 0 -1
    outer loop
      vertex -0.169986 -2.60383 -1.5
      vertex -1.67205 -1.62195 -1.5
      vertex -1.30871 -1.45456 -1.5
    endloop
  endfacet
  facet normal 0 0 -1
    outer loop
      vertex -2.24068 -0.637059 -1.5
      vertex -2.33997 1.1547 -1.5
      vertex -1.91405 -0.406096 -1.5
    endloop
  endfacet
  facet normal -0 0 -1
    outer loop
      vertex -1.67205 -1.62195 -1.5
      vertex -2.63356 -1.8942 -1.5
      vertex -2.08588 -1.20428 -1.5
    endloop
  endfacet
  facet normal 0 0 -1
    outer loop
      vertex -2.82121 -1.62883 -1.5
      vertex -2.08588 -1.20428 -1.5
      vertex -2.63356 -1.8942 -1.5
    endloop
  endfacet
  facet normal 0 0 -1
    outer loop
      vertex -3.80298 -4.27755 -1.5
      vertex -2.30092 -5.25942 -1.5
      vertex -2.66425 -5.42681 -1.5
    endloop
  endfacet
  facet normal 0 0 -1
    outer loop
      vertex -1.35884 -4.80306 -1.5
      vertex -3.80298 -4.27755 -1.5
      vertex -2.61413 -2.07832 -1.5
    endloop
  endfacet
  facet normal 0 0 -1
    outer loop
      vertex -3.60757 -2.08283 -1.5
      vertex -2.61413 -2.07832 -1.5
      vertex -3.57319 -2.49781 -1.5
    endloop
  endfacet
  facet normal 0 0 -1
    outer loop
      vertex -2.61413 -2.07832 -1.5
      vertex -3.80298 -4.27755 -1.5
      vertex -3.57319 -2.49781 -1.5
    endloop
  endfacet
  facet normal 0 0 -1
    outer loop
      vertex -3.57319 -2.49781 -1.5
      vertex -3.80298 -4.27755 -1.5
      vertex -3.93653 -2.6652 -1.5
    endloop
  endfacet
  facet normal 0.5107 -0.796525 0.323624
    outer loop
      vertex 5.186 1.92495 -1.5
      vertex 5.57517 2.26585 -1.27509
      vertex 5.06466 2.46484 0.0202942
    endloop
  endfacet
  facet normal 0.510721 -0.796526 0.323589
    outer loop
      vertex 5.57517 2.26585 -1.27509
      vertex 5.186 1.92495 -1.5
      vertex 5.53455 2.20841 -1.35237
    endloop
  endfacet
  facet normal 0.510702 -0.796523 0.323627
    outer loop
      vertex 5.53455 2.20841 -1.35237
      vertex 5.186 1.92495 -1.5
      vertex 5.45696 2.09868 -1.5
    endloop
  endfacet
  facet normal 0.510716 -0.796521 0.323612
    outer loop
      vertex 6.54796 2.79821 -1.5
      vertex 5.57517 2.26585 -1.27509
      vertex 5.84724 2.34892 -1.5
    endloop
  endfacet
  facet normal 0.510716 -0.796513 0.323629
    outer loop
      vertex 5.57517 2.26585 -1.27509
      vertex 6.54796 2.79821 -1.5
      vertex 5.06466 2.46484 0.0202942
    endloop
  endfacet
  facet normal 0.689896 0.155054 0.707108
    outer loop
      vertex 6.46024 3.18851 -1.5
      vertex 5.06466 2.46484 0.0202942
      vertex 6.54796 2.79821 -1.5
    endloop
  endfacet
  facet normal 0.689897 0.155051 0.707108
    outer loop
      vertex 5.06466 2.46484 0.0202942
      vertex 6.46024 3.18851 -1.5
      vertex 4.97694 2.85515 0.0202942
    endloop
  endfacet
  facet normal 0.510698 -0.796532 0.323611
    outer loop
      vertex 6.46024 3.18851 -1.5
      vertex 7.78584 4.03842 -1.5
      vertex 4.85885 3.3806 1.5
    endloop
  endfacet
  facet normal 0.510695 -0.796534 0.32361
    outer loop
      vertex 4.97694 2.85515 0.0202942
      vertex 6.46024 3.18851 -1.5
      vertex 4.85885 3.3806 1.5
    endloop
  endfacet
  facet normal 0.100272 0.946907 0.30547
    outer loop
      vertex 5.54171 3.91866 -0.392114
      vertex 7.78584 4.03842 -1.5
      vertex 5.60726 3.95034 -0.511834
    endloop
  endfacet
  facet normal 0.100197 0.946963 0.305321
    outer loop
      vertex 5.52143 3.9217 -0.394867
      vertex 4.74745 3.87628 0
      vertex 5.50675 3.9168 -0.374852
    endloop
  endfacet
  facet normal 0.100251 0.946925 0.305424
    outer loop
      vertex 5.60726 3.95034 -0.511834
      vertex 4.74745 3.87628 0
      vertex 5.52143 3.9217 -0.394867
    endloop
  endfacet
  facet normal 0.100281 0.946906 0.305472
    outer loop
      vertex 5.60726 3.95034 -0.511834
      vertex 6.21094 4.20519 -1.5
      vertex 4.74745 3.87628 0
    endloop
  endfacet
  facet normal 0.10027 0.946909 0.305466
    outer loop
      vertex 6.21094 4.20519 -1.5
      vertex 5.60726 3.95034 -0.511834
      vertex 7.78584 4.03842 -1.5
    endloop
  endfacet
  facet normal 0.100241 0.946915 0.305458
    outer loop
      vertex 4.85885 3.3806 1.5
      vertex 5.15619 3.77056 0.193555
      vertex 4.79354 3.67139 0.619989
    endloop
  endfacet
  facet normal 0.100275 0.946909 0.305464
    outer loop
      vertex 4.85885 3.3806 1.5
      vertex 5.50829 3.90251 -0.331061
      vertex 5.15619 3.77056 0.193555
    endloop
  endfacet
  facet normal 0.100272 0.94691 0.305463
    outer loop
      vertex 7.78584 4.03842 -1.5
      vertex 5.50829 3.90251 -0.331061
      vertex 4.85885 3.3806 1.5
    endloop
  endfacet
  facet normal 0.100209 0.946954 0.305346
    outer loop
      vertex 5.50829 3.90251 -0.331061
      vertex 7.78584 4.03842 -1.5
      vertex 5.54171 3.91866 -0.392114
    endloop
  endfacet
  facet normal 0.365744 0.891466 0.267431
    outer loop
      vertex 4.77452 3.75594 0.364159
      vertex 4.85885 3.3806 1.5
      vertex 4.79354 3.67139 0.619989
    endloop
  endfacet
  facet normal 0.100285 0.946904 0.305477
    outer loop
      vertex 4.74745 3.87628 0
      vertex 4.90071 3.7789 0.251541
      vertex 5.13944 3.82235 0.0384839
    endloop
  endfacet
  facet normal 0.0921869 0.947477 0.30625
    outer loop
      vertex 4.77452 3.75594 0.364159
      vertex 4.74745 3.87628 0
      vertex 4.85885 3.3806 1.5
    endloop
  endfacet
  facet normal 0.100317 0.946907 0.305458
    outer loop
      vertex 4.90071 3.7789 0.251541
      vertex 4.74745 3.87628 0
      vertex 4.77452 3.75594 0.364159
    endloop
  endfacet
  facet normal 0.10028 0.946893 0.305511
    outer loop
      vertex 5.21524 3.84178 -0.0466173
      vertex 4.74745 3.87628 0
      vertex 5.13944 3.82235 0.0384839
    endloop
  endfacet
  facet normal 0.100276 0.946908 0.305465
    outer loop
      vertex 5.50274 3.91546 -0.369396
      vertex 4.74745 3.87628 0
      vertex 5.21524 3.84178 -0.0466173
    endloop
  endfacet
  facet normal 0.10084 0.94649 0.306574
    outer loop
      vertex 4.74745 3.87628 0
      vertex 5.50274 3.91546 -0.369396
      vertex 5.50675 3.9168 -0.374852
    endloop
  endfacet
  facet normal 0.219226 -0.975674 -4.17222e-05
    outer loop
      vertex 4.74745 3.87628 1.5
      vertex 5.62549 4.07361 0.531014
      vertex 5.57362 4.06195 0.653223
    endloop
  endfacet
  facet normal 0.219265 -0.975665 -5.13249e-06
    outer loop
      vertex 4.74745 3.87628 1.5
      vertex 5.81922 4.11715 0.0745857
      vertex 5.62549 4.07361 0.531014
    endloop
  endfacet
  facet normal 0.219252 -0.975668 -1.48513e-05
    outer loop
      vertex 4.74745 3.87628 1.5
      vertex 5.88333 4.13156 -0.13511
      vertex 5.81922 4.11715 0.0745857
    endloop
  endfacet
  facet normal 0.219246 -0.97567 -1.94775e-05
    outer loop
      vertex 4.74745 3.87628 1.5
      vertex 5.99851 4.15745 -0.511834
      vertex 5.88333 4.13156 -0.13511
    endloop
  endfacet
  facet normal 0.219282 -0.975662 4.0271e-06
    outer loop
      vertex 5.99851 4.15745 -0.511834
      vertex 4.74745 3.87628 1.5
      vertex 6.21094 4.20519 -1.5
    endloop
  endfacet
  facet normal 0.219273 -0.975664 1.93037e-06
    outer loop
      vertex 7.67444 4.5341 -1.5
      vertex 5.99851 4.15745 -0.511834
      vertex 6.21094 4.20519 -1.5
    endloop
  endfacet
  facet normal 0.219264 -0.975666 -1.33732e-05
    outer loop
      vertex 5.99851 4.15745 -0.511834
      vertex 7.67444 4.5341 -1.5
      vertex 5.99851 4.15744 0.217732
    endloop
  endfacet
  facet normal 0.219274 -0.975663 0
    outer loop
      vertex 6.21094 4.20519 -1.5
      vertex 4.74745 3.87628 1.5
      vertex 4.74745 3.87628 0
    endloop
  endfacet
  facet normal 0.689893 0.155063 0.707109
    outer loop
      vertex 6.50466 4.79191 -0.415225
      vertex 6.63977 4.63134 -0.511834
      vertex 7.56304 5.02978 -1.5
    endloop
  endfacet
  facet normal 0.689886 0.155051 0.707118
    outer loop
      vertex 6.50466 4.79191 -0.415225
      vertex 6.48332 4.51617 -0.333943
      vertex 6.63977 4.63134 -0.511834
    endloop
  endfacet
  facet normal 0.6899 0.155046 0.707105
    outer loop
      vertex 6.34006 4.64603 -0.222643
      vertex 6.48332 4.51617 -0.333943
      vertex 6.50466 4.79191 -0.415225
    endloop
  endfacet
  facet normal 0.689928 0.155112 0.707064
    outer loop
      vertex 6.48332 4.51617 -0.333943
      vertex 6.34006 4.64603 -0.222643
      vertex 6.45925 4.49845 -0.306569
    endloop
  endfacet
  facet normal 0.689875 0.15503 0.707134
    outer loop
      vertex 6.45925 4.49845 -0.306569
      vertex 6.34006 4.64603 -0.222643
      vertex 6.40571 4.46639 -0.247307
    endloop
  endfacet
  facet normal 0.689905 0.155045 0.707102
    outer loop
      vertex 6.40571 4.46639 -0.247307
      vertex 6.34006 4.64603 -0.222643
      vertex 6.07121 4.44854 0.0829717
    endloop
  endfacet
  facet normal 0.689898 0.155049 0.707107
    outer loop
      vertex 6.63977 4.63134 -0.511834
      vertex 7.67444 4.5341 -1.5
      vertex 7.56304 5.02978 -1.5
    endloop
  endfacet
  facet normal 0.689897 0.155064 0.707105
    outer loop
      vertex 6.47201 4.48266 -0.315552
      vertex 7.67444 4.5341 -1.5
      vertex 6.63977 4.63134 -0.511834
    endloop
  endfacet
  facet normal 0.689905 0.155004 0.70711
    outer loop
      vertex 7.67444 4.5341 -1.5
      vertex 6.47201 4.48266 -0.315552
      vertex 6.45333 4.46894 -0.294319
    endloop
  endfacet
  facet normal 0.689895 0.155061 0.707107
    outer loop
      vertex 4.63605 4.37195 1.5
      vertex 5.9361 4.60959 0.179484
      vertex 6.04309 4.68818 0.0578644
    endloop
  endfacet
  facet normal 0.689906 0.155005 0.707109
    outer loop
      vertex 5.9361 4.60959 0.179484
      vertex 4.63605 4.37195 1.5
      vertex 5.64692 4.43551 0.499789
    endloop
  endfacet
  facet normal 0.689893 0.155098 0.707101
    outer loop
      vertex 5.64692 4.43551 0.499789
      vertex 4.63605 4.37195 1.5
      vertex 5.62457 4.42471 0.523964
    endloop
  endfacet
  facet normal 0.689898 0.15505 0.707107
    outer loop
      vertex 6.16897 4.26006 0.0289227
      vertex 7.67444 4.5341 -1.5
      vertex 6.45333 4.46894 -0.294319
    endloop
  endfacet
  facet normal 0.689907 0.155008 0.707107
    outer loop
      vertex 7.67444 4.5341 -1.5
      vertex 6.16897 4.26006 0.0289227
      vertex 5.99851 4.15744 0.217732
    endloop
  endfacet
  facet normal 0.689903 0.155053 0.707101
    outer loop
      vertex 6.07121 4.44854 0.0829717
      vertex 6.20793 4.34796 -0.028368
      vertex 6.40571 4.46639 -0.247307
    endloop
  endfacet
  facet normal 0.689908 0.155066 0.707094
    outer loop
      vertex 6.07121 4.44854 0.0829717
      vertex 6.13822 4.30621 0.0488034
      vertex 6.20793 4.34796 -0.028368
    endloop
  endfacet
  facet normal 0.689861 0.155031 0.707147
    outer loop
      vertex 6.05253 4.43482 0.104203
      vertex 6.13822 4.30621 0.0488034
      vertex 6.07121 4.44854 0.0829717
    endloop
  endfacet
  facet normal 0.689884 0.155058 0.707119
    outer loop
      vertex 6.05253 4.43482 0.104203
      vertex 5.92361 4.20376 0.280648
      vertex 6.13822 4.30621 0.0488034
    endloop
  endfacet
  facet normal 0.689899 0.155042 0.707108
    outer loop
      vertex 5.74687 4.25082 0.442768
      vertex 5.92361 4.20376 0.280648
      vertex 6.05253 4.43482 0.104203
    endloop
  endfacet
  facet normal 0.689901 0.155105 0.707092
    outer loop
      vertex 5.92361 4.20376 0.280648
      vertex 5.74687 4.25082 0.442768
      vertex 5.8034 4.14638 0.410522
    endloop
  endfacet
  facet normal 0.689879 0.155086 0.707117
    outer loop
      vertex 5.74687 4.25082 0.442768
      vertex 5.63226 4.0835 0.591281
      vertex 5.8034 4.14638 0.410522
    endloop
  endfacet
  facet normal 0.6899 0.155059 0.707103
    outer loop
      vertex 5.42566 4.09557 0.790208
      vertex 5.63226 4.0835 0.591281
      vertex 5.74687 4.25082 0.442768
    endloop
  endfacet
  facet normal 0.689894 0.15514 0.707091
    outer loop
      vertex 5.63226 4.0835 0.591281
      vertex 5.42566 4.09557 0.790208
      vertex 5.57362 4.06195 0.653223
    endloop
  endfacet
  facet normal 0.689893 0.155065 0.707109
    outer loop
      vertex 5.09158 3.97037 1.14361
      vertex 5.57362 4.06195 0.653223
      vertex 5.42566 4.09557 0.790208
    endloop
  endfacet
  facet normal 0.689868 0.155186 0.707107
    outer loop
      vertex 5.09158 3.97037 1.14361
      vertex 4.74745 3.87628 1.5
      vertex 5.57362 4.06195 0.653223
    endloop
  endfacet
  facet normal 0.689902 0.155037 0.707106
    outer loop
      vertex 4.63605 4.37195 1.5
      vertex 5.34303 4.28863 0.82849
      vertex 5.62457 4.42471 0.523964
    endloop
  endfacet
  facet normal 0.689902 0.155034 0.707107
    outer loop
      vertex 5.34303 4.28863 0.82849
      vertex 4.63605 4.37195 1.5
      vertex 5.02697 4.17018 1.16283
    endloop
  endfacet
  facet normal 0.689905 0.155049 0.707101
    outer loop
      vertex 5.02697 4.17018 1.16283
      vertex 4.63605 4.37195 1.5
      vertex 4.7014 4.08117 1.5
    endloop
  endfacet
  facet normal 0.120771 0.938449 0.323615
    outer loop
      vertex 7.56304 5.02978 -1.5
      vertex 6.00125 5.23077 -1.5
      vertex 4.51795 4.8974 0.0202942
    endloop
  endfacet
  facet normal 0.1208 0.938436 0.323644
    outer loop
      vertex 6.53748 4.821 -0.511834
      vertex 7.56304 5.02978 -1.5
      vertex 6.26131 4.85655 -0.511834
    endloop
  endfacet
  facet normal 0.120755 0.938456 0.323602
    outer loop
      vertex 7.56304 5.02978 -1.5
      vertex 6.53748 4.821 -0.511834
      vertex 6.50466 4.79191 -0.415225
    endloop
  endfacet
  facet normal 0.120766 0.938452 0.32361
    outer loop
      vertex 6.04309 4.68818 0.0578644
      vertex 4.51795 4.8974 0.0202942
      vertex 4.63605 4.37195 1.5
    endloop
  endfacet
  facet normal 0.120767 0.938456 0.323598
    outer loop
      vertex 6.20812 4.8094 -0.355271
      vertex 4.51795 4.8974 0.0202942
      vertex 6.04309 4.68818 0.0578644
    endloop
  endfacet
  facet normal 0.120777 0.938437 0.323649
    outer loop
      vertex 6.26131 4.85655 -0.511834
      vertex 4.51795 4.8974 0.0202942
      vertex 6.20812 4.8094 -0.355271
    endloop
  endfacet
  facet normal 0.120762 0.938457 0.323598
    outer loop
      vertex 4.51795 4.8974 0.0202942
      vertex 6.26131 4.85655 -0.511834
      vertex 7.56304 5.02978 -1.5
    endloop
  endfacet
  facet normal 0.689898 0.155055 0.707106
    outer loop
      vertex 6.00125 5.23077 -1.5
      vertex 5.91353 5.62107 -1.5
      vertex 4.43024 5.28771 0.0202942
    endloop
  endfacet
  facet normal 0.6899 0.155034 0.707108
    outer loop
      vertex 4.51795 4.8974 0.0202942
      vertex 6.00125 5.23077 -1.5
      vertex 4.43024 5.28771 0.0202942
    endloop
  endfacet
  facet normal 0.120786 0.938445 0.323622
    outer loop
      vertex 4.43024 5.28771 0.0202942
      vertex 5.91353 5.62107 -1.5
      vertex 4.3089 5.8276 -1.5
    endloop
  endfacet
  facet normal -0.120809 -0.938441 0.323626
    outer loop
      vertex 5.06466 2.46484 0.0202942
      vertex 4.67663 2.13863 -1.07049
      vertex 4.9018 2.19352 -0.827266
    endloop
  endfacet
  facet normal -0.120778 -0.938448 0.323617
    outer loop
      vertex 3.60697 2.13723 -1.47376
      vertex 4.67663 2.13863 -1.07049
      vertex 5.06466 2.46484 0.0202942
    endloop
  endfacet
  facet normal -0.120793 -0.938505 0.323447
    outer loop
      vertex 4.27901 2.04169 -1.5
      vertex 3.60697 2.13723 -1.47376
      vertex 3.60842 2.128 -1.5
    endloop
  endfacet
  facet normal -0.120778 -0.938448 0.323617
    outer loop
      vertex 3.60697 2.13723 -1.47376
      vertex 4.27901 2.04169 -1.5
      vertex 4.67663 2.13863 -1.07049
    endloop
  endfacet
  facet normal -0.120805 -0.938446 0.323613
    outer loop
      vertex 5.186 1.92495 -1.5
      vertex 4.9018 2.19352 -0.827266
      vertex 5.05223 1.94217 -1.5
    endloop
  endfacet
  facet normal -0.120782 -0.938446 0.323623
    outer loop
      vertex 4.9018 2.19352 -0.827266
      vertex 5.186 1.92495 -1.5
      vertex 5.06466 2.46484 0.0202942
    endloop
  endfacet
  facet normal -0.689899 -0.155051 0.707106
    outer loop
      vertex 4.97694 2.85515 0.0202942
      vertex 3.5466 2.51986 -1.44876
      vertex 5.06466 2.46484 0.0202942
    endloop
  endfacet
  facet normal -0.68988 -0.155131 0.707106
    outer loop
      vertex 3.5445 2.53321 -1.44788
      vertex 3.5466 2.51986 -1.44876
      vertex 4.97694 2.85515 0.0202942
    endloop
  endfacet
  facet normal -0.689899 -0.15505 0.707106
    outer loop
      vertex 3.60697 2.13723 -1.47376
      vertex 5.06466 2.46484 0.0202942
      vertex 3.5466 2.51986 -1.44876
    endloop
  endfacet
  facet normal 0.219277 -0.975663 0
    outer loop
      vertex 3.46039 3.0663 0.0666575
      vertex 4.85885 3.3806 1.5
      vertex 3.46039 3.0663 0.0666589
    endloop
  endfacet
  facet normal -0.120768 -0.938452 0.32361
    outer loop
      vertex 3.46039 3.0663 0.0666575
      vertex 4.97694 2.85515 0.0202942
      vertex 4.85885 3.3806 1.5
    endloop
  endfacet
  facet normal -0.120768 -0.938453 0.323606
    outer loop
      vertex 4.97694 2.85515 0.0202942
      vertex 3.46039 3.0663 0.0666575
      vertex 3.50381 2.79111 -0.715185
    endloop
  endfacet
  facet normal -0.120774 -0.938449 0.323617
    outer loop
      vertex 3.54155 2.55191 -1.39475
      vertex 4.97694 2.85515 0.0202942
      vertex 3.50381 2.79111 -0.715185
    endloop
  endfacet
  facet normal -0.120756 -0.938456 0.323601
    outer loop
      vertex 4.97694 2.85515 0.0202942
      vertex 3.54155 2.55191 -1.39475
      vertex 3.5445 2.53321 -1.44788
    endloop
  endfacet
  facet normal -0.495792 0.812947 0.305462
    outer loop
      vertex 4.74745 3.87628 0
      vertex 3.87138 3.48516 -0.381024
      vertex 4.85885 3.3806 1.5
    endloop
  endfacet
  facet normal -0.495796 0.812937 0.305483
    outer loop
      vertex 4.74745 3.87628 0
      vertex 4.01075 3.62721 -0.532844
      vertex 3.87138 3.48516 -0.381024
    endloop
  endfacet
  facet normal -0.49576 0.812986 0.30541
    outer loop
      vertex 4.74745 3.87628 0
      vertex 3.75353 3.6035 -0.887264
      vertex 4.01075 3.62721 -0.532844
    endloop
  endfacet
  facet normal -0.495834 0.8129 0.30552
    outer loop
      vertex 3.38105 3.56919 -1.40048
      vertex 3.75353 3.6035 -0.887264
      vertex 4.74745 3.87628 0
    endloop
  endfacet
  facet normal -0.809312 0 0.587379
    outer loop
      vertex 3.75353 3.6035 -0.887264
      vertex 3.38105 3.56919 -1.40048
      vertex 3.38105 3.56918 -1.40048
    endloop
  endfacet
  facet normal -0.495787 0.812951 0.30546
    outer loop
      vertex 4.85885 3.3806 1.5
      vertex 3.87138 3.48516 -0.381024
      vertex 3.46039 3.0663 0.0666589
    endloop
  endfacet
  facet normal 0.219281 -0.975662 0
    outer loop
      vertex 3.38105 3.56918 0.0995179
      vertex 4.74745 3.87628 0
      vertex 4.74745 3.87628 1.5
    endloop
  endfacet
  facet normal 0.219281 -0.975662 0
    outer loop
      vertex 3.38105 3.56918 -0.700237
      vertex 4.74745 3.87628 0
      vertex 3.38105 3.56918 0.0995179
    endloop
  endfacet
  facet normal 0.219281 -0.975662 0
    outer loop
      vertex 4.74745 3.87628 0
      vertex 3.38105 3.56918 -0.700237
      vertex 3.38105 3.56918 -0.700241
    endloop
  endfacet
  facet normal 1 0 0
    outer loop
      vertex 3.38105 3.56919 -1.40048
      vertex 3.38105 3.56918 -0.700241
      vertex 3.38105 3.56918 -1.40047
    endloop
  endfacet
  facet normal 0.219288 -0.97566 -1.39332e-05
    outer loop
      vertex 3.38105 3.56918 -0.700241
      vertex 3.38105 3.56919 -1.40048
      vertex 4.74745 3.87628 0
    endloop
  endfacet
  facet normal -0.679465 -0.152703 0.717641
    outer loop
      vertex 4.7014 4.08117 1.5
      vertex 4.63605 4.37195 1.5
      vertex 4.70136 4.08116 1.49996
    endloop
  endfacet
  facet normal -0.6899 -0.155045 0.707106
    outer loop
      vertex 3.30172 4.07207 0.132384
      vertex 4.70136 4.08116 1.49996
      vertex 4.63605 4.37195 1.5
    endloop
  endfacet
  facet normal -0.689898 -0.155062 0.707104
    outer loop
      vertex 3.30172 4.07207 0.132384
      vertex 4.74745 3.87628 1.5
      vertex 4.70136 4.08116 1.49996
    endloop
  endfacet
  facet normal -0.689899 -0.155039 0.707108
    outer loop
      vertex 2.96034 3.7809 -0.264529
      vertex 4.74745 3.87628 1.5
      vertex 3.30172 4.07207 0.132384
    endloop
  endfacet
  facet normal 0 -0.976793 0.214184
    outer loop
      vertex 4.63605 4.37195 1.5
      vertex 3.30171 4.07207 0.132384
      vertex 3.30172 4.07207 0.132384
    endloop
  endfacet
  facet normal -0.689898 -0.155047 0.707108
    outer loop
      vertex 2.96034 3.7809 -0.264529
      vertex 3.38105 3.56918 0.0995179
      vertex 4.74745 3.87628 1.5
    endloop
  endfacet
  facet normal -0.689863 -0.155078 0.707135
    outer loop
      vertex 2.84716 3.51999 -0.432163
      vertex 2.96034 3.7809 -0.264529
      vertex 2.88863 3.71974 -0.3479
    endloop
  endfacet
  facet normal -0.689898 -0.155045 0.707108
    outer loop
      vertex 2.96034 3.7809 -0.264529
      vertex 2.84716 3.51999 -0.432163
      vertex 3.38105 3.56918 0.0995179
    endloop
  endfacet
  facet normal -0.689896 -0.155059 0.707107
    outer loop
      vertex 2.84716 3.51999 -0.432163
      vertex 2.88863 3.71974 -0.3479
      vertex 2.63109 3.50008 -0.64734
    endloop
  endfacet
  facet normal -0.5107 0.796531 0.323612
    outer loop
      vertex 4.51795 4.8974 0.0202942
      vertex 3.22775 4.54088 -1.13827
      vertex 4.63605 4.37195 1.5
    endloop
  endfacet
  facet normal -0.510709 0.796519 0.323626
    outer loop
      vertex 3.21761 4.60516 -1.31248
      vertex 3.22775 4.54088 -1.13827
      vertex 4.51795 4.8974 0.0202942
    endloop
  endfacet
  facet normal -0.510696 0.796532 0.323613
    outer loop
      vertex 4.63605 4.37195 1.5
      vertex 3.25541 4.36555 -0.663046
      vertex 3.30171 4.07207 0.132384
    endloop
  endfacet
  facet normal -0.510681 0.796547 0.323603
    outer loop
      vertex 3.25541 4.36555 -0.663046
      vertex 4.63605 4.37195 1.5
      vertex 3.22775 4.54088 -1.13827
    endloop
  endfacet
  facet normal -0.689901 -0.155034 0.707107
    outer loop
      vertex 3.15514 5.00114 -1.28661
      vertex 4.51795 4.8974 0.0202942
      vertex 4.43024 5.28771 0.0202942
    endloop
  endfacet
  facet normal -0.689918 -0.15496 0.707107
    outer loop
      vertex 4.51795 4.8974 0.0202942
      vertex 3.20977 4.65485 -1.30924
      vertex 3.21761 4.60516 -1.31248
    endloop
  endfacet
  facet normal -0.689901 -0.155047 0.707105
    outer loop
      vertex 4.51795 4.8974 0.0202942
      vertex 3.15514 5.00114 -1.28661
      vertex 3.20977 4.65485 -1.30924
    endloop
  endfacet
  facet normal -0.510708 0.796521 0.323623
    outer loop
      vertex 4.3089 5.8276 -1.5
      vertex 3.15514 5.00114 -1.28661
      vertex 4.43024 5.28771 0.0202942
    endloop
  endfacet
  facet normal -0.510715 0.796525 0.323602
    outer loop
      vertex 3.15514 5.00114 -1.28661
      vertex 4.3089 5.8276 -1.5
      vertex 3.14272 5.07987 -1.5
    endloop
  endfacet
  facet normal 0 0 -1
    outer loop
      vertex -5.5699 -11.2905 -1.5
      vertex -4.03589 -11.6841 -1.5
      vertex -4.31334 -12.1097 -1.5
    endloop
  endfacet
  facet normal 0 0 -1
    outer loop
      vertex -4.03589 -11.6841 -1.5
      vertex -5.5699 -11.2905 -1.5
      vertex -4.98134 -10.4249 -1.5
    endloop
  endfacet
  facet normal 0 0 -1
    outer loop
      vertex -5.73423 -8.79594 -1.5
      vertex -4.98134 -10.4249 -1.5
      vertex -5.5699 -11.2905 -1.5
    endloop
  endfacet
  facet normal 0 0 -1
    outer loop
      vertex -4.98134 -10.4249 -1.5
      vertex -5.73423 -8.79594 -1.5
      vertex -4.76287 -10.0898 -1.5
    endloop
  endfacet
  facet normal 0 0 -1
    outer loop
      vertex -7.9187 -12.1468 -1.5
      vertex -8.6716 -10.5178 -1.5
      vertex -8.08303 -9.65218 -1.5
    endloop
  endfacet
  facet normal 0 -0 -1
    outer loop
      vertex -8.6716 -10.5178 -1.5
      vertex -7.9187 -12.1468 -1.5
      vertex -8.89006 -10.853 -1.5
    endloop
  endfacet
  facet normal 0 0 -1
    outer loop
      vertex -6.12447 -12.1784 -1.5
      vertex -5.5699 -11.2905 -1.5
      vertex -4.59079 -12.5353 -1.5
    endloop
  endfacet
  facet normal 0 0 -1
    outer loop
      vertex -7.9187 -12.1468 -1.5
      vertex -5.5699 -11.2905 -1.5
      vertex -6.12447 -12.1784 -1.5
    endloop
  endfacet
  facet normal 0 0 -1
    outer loop
      vertex -7.9187 -12.1468 -1.5
      vertex -6.12447 -12.1784 -1.5
      vertex -6.34294 -12.5135 -1.5
    endloop
  endfacet
  facet normal 0 0 -1
    outer loop
      vertex -5.5699 -11.2905 -1.5
      vertex -8.08303 -9.65218 -1.5
      vertex -5.73423 -8.79594 -1.5
    endloop
  endfacet
  facet normal 0 0 -1
    outer loop
      vertex -5.73423 -8.79594 -1.5
      vertex -7.52846 -8.76435 -1.5
      vertex -7.30999 -8.42924 -1.5
    endloop
  endfacet
  facet normal -0 0 -1
    outer loop
      vertex -5.5699 -11.2905 -1.5
      vertex -7.9187 -12.1468 -1.5
      vertex -8.08303 -9.65218 -1.5
    endloop
  endfacet
  facet normal -0 0 -1
    outer loop
      vertex -5.73423 -8.79594 -1.5
      vertex -8.08303 -9.65218 -1.5
      vertex -7.52846 -8.76435 -1.5
    endloop
  endfacet
  facet normal 0 0 -1
    outer loop
      vertex -8.08303 -9.65218 -1.5
      vertex -9.06214 -8.40742 -1.5
      vertex -7.52846 -8.76435 -1.5
    endloop
  endfacet
  facet normal 0 -0 -1
    outer loop
      vertex -9.06214 -8.40742 -1.5
      vertex -8.08303 -9.65218 -1.5
      vertex -9.33959 -8.83301 -1.5
    endloop
  endfacet
  facet normal -0 0 -1
    outer loop
      vertex -8.08303 -9.65218 -1.5
      vertex -8.6716 -10.5178 -1.5
      vertex -9.61704 -9.2586 -1.5
    endloop
  endfacet
  facet normal -0.214457 -0.921553 0.323648
    outer loop
      vertex -6.34294 -12.5135 -1.5
      vertex -7.6165 -11.6832 0.0202942
      vertex -7.9187 -12.1468 -1.5
    endloop
  endfacet
  facet normal 0.592336 -0.386176 0.707111
    outer loop
      vertex -6.34294 -12.5135 -1.5
      vertex -6.12447 -12.1784 -1.5
      vertex -7.39803 -11.3481 0.0202942
    endloop
  endfacet
  facet normal 0.592336 -0.386176 0.707111
    outer loop
      vertex -6.34294 -12.5135 -1.5
      vertex -7.39803 -11.3481 0.0202942
      vertex -7.6165 -11.6832 0.0202942
    endloop
  endfacet
  facet normal -0.214454 -0.921556 0.323642
    outer loop
      vertex -6.12447 -12.1784 -1.5
      vertex -4.59079 -12.5353 -1.5
      vertex -7.10392 -10.8969 1.5
    endloop
  endfacet
  facet normal -0.214474 -0.921554 0.323635
    outer loop
      vertex -6.12447 -12.1784 -1.5
      vertex -7.10392 -10.8969 1.5
      vertex -7.39803 -11.3481 0.0202942
    endloop
  endfacet
  facet normal 0.748419 0.588676 0.305498
    outer loop
      vertex -6.11028 -11.1163 -0.511834
      vertex -4.59079 -12.5353 -1.5
      vertex -5.5699 -11.2905 -1.5
    endloop
  endfacet
  facet normal 0.748444 0.588474 0.305827
    outer loop
      vertex -4.59079 -12.5353 -1.5
      vertex -6.11028 -11.1163 -0.511834
      vertex -6.1538 -11.0924 -0.451317
    endloop
  endfacet
  facet normal 0.74841 0.588692 0.305491
    outer loop
      vertex -6.3977 -10.7509 -0.511834
      vertex -6.11028 -11.1163 -0.511834
      vertex -5.5699 -11.2905 -1.5
    endloop
  endfacet
  facet normal 0.748359 0.588785 0.305436
    outer loop
      vertex -7.10392 -10.8969 1.5
      vertex -6.81036 -10.7314 0.461708
      vertex -6.93633 -10.6399 0.593968
    endloop
  endfacet
  facet normal 0.748434 0.588686 0.305442
    outer loop
      vertex -7.10392 -10.8969 1.5
      vertex -6.1538 -11.0924 -0.451317
      vertex -6.81036 -10.7314 0.461708
    endloop
  endfacet
  facet normal 0.748408 0.588728 0.305425
    outer loop
      vertex -6.1538 -11.0924 -0.451317
      vertex -7.10392 -10.8969 1.5
      vertex -4.59079 -12.5353 -1.5
    endloop
  endfacet
  facet normal -0.546151 -0.837687 -4.45594e-05
    outer loop
      vertex -5.5699 -11.2905 -1.5
      vertex -5.14113 -11.5701 -0.511834
      vertex -5.9838 -11.0207 -0.511834
    endloop
  endfacet
  facet normal -0.546129 -0.837701 -5.78792e-05
    outer loop
      vertex -5.14113 -11.5701 -0.511834
      vertex -5.5699 -11.2905 -1.5
      vertex -4.31334 -12.1097 -1.5
    endloop
  endfacet
  facet normal 0.592557 -0.38622 0.706902
    outer loop
      vertex -4.92691 -11.2414 -0.511834
      vertex -5.07183 -11.4095 -0.482198
      vertex -5.04371 -11.4206 -0.511834
    endloop
  endfacet
  facet normal 0.592429 -0.386077 0.707087
    outer loop
      vertex -5.24622 -11.1488 -0.193741
      vertex -5.07183 -11.4095 -0.482198
      vertex -4.92691 -11.2414 -0.511834
    endloop
  endfacet
  facet normal 0.592424 -0.386083 0.707088
    outer loop
      vertex -5.07183 -11.4095 -0.482198
      vertex -5.24622 -11.1488 -0.193741
      vertex -5.44794 -11.0623 0.0224978
    endloop
  endfacet
  facet normal 0.592378 -0.386103 0.707116
    outer loop
      vertex -5.04371 -11.4206 -0.511834
      vertex -4.03589 -11.6841 -1.5
      vertex -4.92691 -11.2414 -0.511834
    endloop
  endfacet
  facet normal 0.59251 -0.385879 0.707127
    outer loop
      vertex -4.92691 -11.2414 -0.511834
      vertex -5.60915 -10.9134 0.238812
      vertex -5.23283 -11.1203 -0.189416
    endloop
  endfacet
  facet normal 0.592316 -0.386225 0.707102
    outer loop
      vertex -4.92691 -11.2414 -0.511834
      vertex -6.54902 -10.0458 1.5
      vertex -5.60915 -10.9134 0.238812
    endloop
  endfacet
  facet normal 0.592273 -0.386286 0.707104
    outer loop
      vertex -6.54902 -10.0458 1.5
      vertex -4.92691 -11.2414 -0.511834
      vertex -4.03589 -11.6841 -1.5
    endloop
  endfacet
  facet normal 0.592354 -0.386157 0.707106
    outer loop
      vertex -4.03589 -11.6841 -1.5
      vertex -5.04371 -11.4206 -0.511834
      vertex -4.31334 -12.1097 -1.5
    endloop
  endfacet
  facet normal 0.593107 -0.385201 0.706996
    outer loop
      vertex -4.31334 -12.1097 -1.5
      vertex -5.04371 -11.4206 -0.511834
      vertex -5.04975 -11.4299 -0.511834
    endloop
  endfacet
  facet normal 0.592396 -0.386114 0.707095
    outer loop
      vertex -4.31334 -12.1097 -1.5
      vertex -5.04975 -11.4299 -0.511834
      vertex -5.14113 -11.5701 -0.511834
    endloop
  endfacet
  facet normal 0.592357 -0.386171 0.707096
    outer loop
      vertex -6.54902 -10.0458 1.5
      vertex -6.58531 -10.3768 1.34963
      vertex -5.60915 -10.9134 0.238812
    endloop
  endfacet
  facet normal 0.592333 -0.386177 0.707114
    outer loop
      vertex -6.58531 -10.3768 1.34963
      vertex -6.54902 -10.0458 1.5
      vertex -6.70712 -10.2883 1.5
    endloop
  endfacet
  facet normal 0.592191 -0.386381 0.70712
    outer loop
      vertex -5.44794 -11.0623 0.0224978
      vertex -5.32224 -11.3103 -0.218283
      vertex -5.07183 -11.4095 -0.482198
    endloop
  endfacet
  facet normal 0.592223 -0.386354 0.707109
    outer loop
      vertex -6.03827 -10.809 0.655315
      vertex -5.32224 -11.3103 -0.218283
      vertex -5.44794 -11.0623 0.0224978
    endloop
  endfacet
  facet normal 0.592257 -0.386368 0.707073
    outer loop
      vertex -6.69783 -10.5541 1.34706
      vertex -6.03827 -10.809 0.655315
      vertex -6.68386 -10.5321 1.34738
    endloop
  endfacet
  facet normal 0.59239 -0.386107 0.707104
    outer loop
      vertex -6.03827 -10.809 0.655315
      vertex -6.69783 -10.5541 1.34706
      vertex -5.32224 -11.3103 -0.218283
    endloop
  endfacet
  facet normal 0.592549 -0.385801 0.707137
    outer loop
      vertex -6.82172 -10.4641 1.5
      vertex -6.68386 -10.5321 1.34738
      vertex -6.81573 -10.4549 1.5
    endloop
  endfacet
  facet normal 0.592234 -0.386354 0.707099
    outer loop
      vertex -6.68386 -10.5321 1.34738
      vertex -6.82172 -10.4641 1.5
      vertex -6.69783 -10.5541 1.34706
    endloop
  endfacet
  facet normal 0.756657 0.568124 0.323583
    outer loop
      vertex -4.03589 -11.6841 -1.5
      vertex -4.98134 -10.4249 -1.5
      vertex -6.2549 -9.59461 0.0202942
    endloop
  endfacet
  facet normal 0.75666 0.568096 0.323624
    outer loop
      vertex -4.03589 -11.6841 -1.5
      vertex -6.2549 -9.59461 0.0202942
      vertex -6.54902 -10.0458 1.5
    endloop
  endfacet
  facet normal 0.592336 -0.386176 0.707111
    outer loop
      vertex -4.98134 -10.4249 -1.5
      vertex -4.76287 -10.0898 -1.5
      vertex -6.03643 -9.2595 0.0202942
    endloop
  endfacet
  facet normal 0.592342 -0.386169 0.70711
    outer loop
      vertex -4.98134 -10.4249 -1.5
      vertex -6.03643 -9.2595 0.0202942
      vertex -6.2549 -9.59461 0.0202942
    endloop
  endfacet
  facet normal 0.756678 0.568073 0.323624
    outer loop
      vertex -4.76287 -10.0898 -1.5
      vertex -5.73423 -8.79594 -1.5
      vertex -6.03643 -9.2595 0.0202942
    endloop
  endfacet
  facet normal -0.756661 -0.568086 0.32364
    outer loop
      vertex -7.9187 -12.1468 -1.5
      vertex -7.6165 -11.6832 0.0202942
      vertex -8.89006 -10.853 -1.5
    endloop
  endfacet
  facet normal -0.592334 0.386175 0.707113
    outer loop
      vertex -7.6165 -11.6832 0.0202942
      vertex -7.39803 -11.3481 0.0202942
      vertex -8.6716 -10.5178 -1.5
    endloop
  endfacet
  facet normal -0.592407 0.38609 0.707099
    outer loop
      vertex -7.6165 -11.6832 0.0202942
      vertex -8.6716 -10.5178 -1.5
      vertex -8.89006 -10.853 -1.5
    endloop
  endfacet
  facet normal -0.756661 -0.568096 0.323623
    outer loop
      vertex -7.39803 -11.3481 0.0202942
      vertex -7.10392 -10.8969 1.5
      vertex -9.61704 -9.2586 -1.5
    endloop
  endfacet
  facet normal -0.756658 -0.568119 0.323588
    outer loop
      vertex -8.6716 -10.5178 -1.5
      vertex -7.39803 -11.3481 0.0202942
      vertex -9.61704 -9.2586 -1.5
    endloop
  endfacet
  facet normal 0.23662 0.922339 0.305453
    outer loop
      vertex -7.25523 -10.1918 -0.511834
      vertex -8.08303 -9.65218 -1.5
      vertex -7.71558 -10.0737 -0.511834
    endloop
  endfacet
  facet normal 0.236754 0.922318 0.305412
    outer loop
      vertex -7.71558 -10.0737 -0.511834
      vertex -7.10392 -10.8969 1.5
      vertex -6.93633 -10.6399 0.593968
    endloop
  endfacet
  facet normal 0.236494 0.922354 0.305506
    outer loop
      vertex -7.10392 -10.8969 1.5
      vertex -7.71558 -10.0737 -0.511834
      vertex -8.08303 -9.65218 -1.5
    endloop
  endfacet
  facet normal 0.236643 0.922334 0.30545
    outer loop
      vertex -7.10392 -10.8969 1.5
      vertex -8.08303 -9.65218 -1.5
      vertex -9.61704 -9.2586 -1.5
    endloop
  endfacet
  facet normal -0.546076 -0.837735 5.11652e-16
    outer loop
      vertex -5.5699 -11.2905 -1.5
      vertex -5.9838 -11.0207 -0.511834
      vertex -6.3977 -10.7509 -0.511834
    endloop
  endfacet
  facet normal -0.546115 -0.83771 -1.2614e-06
    outer loop
      vertex -8.08303 -9.65218 -1.5
      vertex -8.5118 -9.37266 -0.511834
      vertex -9.33959 -8.83301 -1.5
    endloop
  endfacet
  facet normal -0.546098 -0.837721 9.30257e-06
    outer loop
      vertex -8.5118 -9.37266 -0.511834
      vertex -8.08303 -9.65218 -1.5
      vertex -7.25523 -10.1918 -0.511834
    endloop
  endfacet
  facet normal -0.592337 0.386179 0.707108
    outer loop
      vertex -6.54902 -10.0458 1.5
      vertex -7.83394 -9.46961 0.108956
      vertex -6.70712 -10.2883 1.5
    endloop
  endfacet
  facet normal -0.592343 0.386169 0.707109
    outer loop
      vertex -6.54902 -10.0458 1.5
      vertex -8.2936 -9.03796 -0.511834
      vertex -7.83394 -9.46961 0.108956
    endloop
  endfacet
  facet normal -0.592345 0.386172 0.707106
    outer loop
      vertex -9.06214 -8.40742 -1.5
      vertex -8.40986 -9.21629 -0.511834
      vertex -8.2936 -9.03796 -0.511834
    endloop
  endfacet
  facet normal -0.59232 0.386206 0.707108
    outer loop
      vertex -9.06214 -8.40742 -1.5
      vertex -8.2936 -9.03796 -0.511834
      vertex -6.54902 -10.0458 1.5
    endloop
  endfacet
  facet normal -0.592352 0.386165 0.707104
    outer loop
      vertex -8.40986 -9.21629 -0.511834
      vertex -9.06214 -8.40742 -1.5
      vertex -9.33959 -8.83301 -1.5
    endloop
  endfacet
  facet normal -0.592352 0.386164 0.707104
    outer loop
      vertex -8.40986 -9.21629 -0.511834
      vertex -9.33959 -8.83301 -1.5
      vertex -8.5118 -9.37266 -0.511834
    endloop
  endfacet
  facet normal -0.592597 0.385832 0.707081
    outer loop
      vertex -7.39582 -9.9398 0.732759
      vertex -6.82172 -10.4641 1.5
      vertex -6.81573 -10.4549 1.5
    endloop
  endfacet
  facet normal -0.592355 0.386162 0.707103
    outer loop
      vertex -7.9678 -9.63142 0.0851875
      vertex -7.39582 -9.9398 0.732759
      vertex -7.87265 -9.5164 0.102082
    endloop
  endfacet
  facet normal -0.592401 0.386084 0.707107
    outer loop
      vertex -7.39582 -9.9398 0.732759
      vertex -7.9678 -9.63142 0.0851875
      vertex -6.82172 -10.4641 1.5
    endloop
  endfacet
  facet normal -0.592354 0.386161 0.707104
    outer loop
      vertex -8.04885 -9.31614 -0.154889
      vertex -7.9678 -9.63142 0.0851875
      vertex -7.87265 -9.5164 0.102082
    endloop
  endfacet
  facet normal -0.592341 0.386169 0.707111
    outer loop
      vertex -8.40986 -9.21629 -0.511834
      vertex -8.04885 -9.31614 -0.154889
      vertex -8.2936 -9.03796 -0.511834
    endloop
  endfacet
  facet normal -0.59234 0.38617 0.707111
    outer loop
      vertex -8.04885 -9.31614 -0.154889
      vertex -8.40986 -9.21629 -0.511834
      vertex -7.9678 -9.63142 0.0851875
    endloop
  endfacet
  facet normal 0.214457 0.92156 0.323628
    outer loop
      vertex -6.54902 -10.0458 1.5
      vertex -6.2549 -9.59461 0.0202942
      vertex -7.52846 -8.76435 -1.5
    endloop
  endfacet
  facet normal 0.214472 0.921558 0.323623
    outer loop
      vertex -6.54902 -10.0458 1.5
      vertex -7.52846 -8.76435 -1.5
      vertex -9.06214 -8.40742 -1.5
    endloop
  endfacet
  facet normal -0.592345 0.386171 0.707106
    outer loop
      vertex -6.2549 -9.59461 0.0202942
      vertex -6.03643 -9.2595 0.0202942
      vertex -7.30999 -8.42924 -1.5
    endloop
  endfacet
  facet normal -0.592345 0.386171 0.707106
    outer loop
      vertex -6.2549 -9.59461 0.0202942
      vertex -7.30999 -8.42924 -1.5
      vertex -7.52846 -8.76435 -1.5
    endloop
  endfacet
  facet normal 0.214459 0.92156 0.323627
    outer loop
      vertex -6.03643 -9.2595 0.0202942
      vertex -5.73423 -8.79594 -1.5
      vertex -7.30999 -8.42924 -1.5
    endloop
  endfacet
  facet normal -0.403835 0.855679 0.323621
    outer loop
      vertex 1.85375 4.88123 0.0202942
      vertex 1.80298 5.43225 -1.5
      vertex 0.339869 4.74174 -1.5
    endloop
  endfacet
  facet normal -0.704123 -0.0648781 0.707108
    outer loop
      vertex 0.376574 4.34338 -1.5
      vertex 1.89046 4.48287 0.0202942
      vertex 0.339869 4.74174 -1.5
    endloop
  endfacet
  facet normal -0.704123 -0.064887 0.707107
    outer loop
      vertex 1.89046 4.48287 0.0202942
      vertex 1.85375 4.88123 0.0202942
      vertex 0.339869 4.74174 -1.5
    endloop
  endfacet
  facet normal -0.403822 0.855691 0.323607
    outer loop
      vertex 0.376574 4.34338 -1.5
      vertex 0 3.76785 -0.448087
      vertex 1.93987 3.94659 1.5
    endloop
  endfacet
  facet normal -0.403803 0.855696 0.323617
    outer loop
      vertex 0 3.76785 -0.448087
      vertex 0.376574 4.34338 -1.5
      vertex -3.02363e-07 3.96068 -0.957961
    endloop
  endfacet
  facet normal -0.403813 0.855694 0.323609
    outer loop
      vertex -3.02363e-07 3.96068 -0.957961
      vertex 0.376574 4.34338 -1.5
      vertex 0 4.16567 -1.5
    endloop
  endfacet
  facet normal -0.40382 0.855691 0.323607
    outer loop
      vertex 1.93987 3.94659 1.5
      vertex 1.89046 4.48287 0.0202942
      vertex 0.376574 4.34338 -1.5
    endloop
  endfacet
  facet normal -0.221428 -0.926099 0.305467
    outer loop
      vertex 0.753176 3.32705 -1.23853
      vertex 1.98648 3.44069 0
      vertex 0.345905 3.56541 -0.811107
    endloop
  endfacet
  facet normal -0.221425 -0.926101 0.305463
    outer loop
      vertex 0 3.76785 -0.448087
      vertex 1.98648 3.44069 0
      vertex 1.93987 3.94659 1.5
    endloop
  endfacet
  facet normal -0.221425 -0.926102 0.30546
    outer loop
      vertex 1.98648 3.44069 0
      vertex 0 3.76785 -0.448087
      vertex 0.345905 3.56541 -0.811107
    endloop
  endfacet
  facet normal -0.0917559 0.995782 1.74854e-06
    outer loop
      vertex 1.98648 3.44069 1.5
      vertex 0.665897 3.31901 -1.15236
      vertex 0 3.25765 -0.494898
    endloop
  endfacet
  facet normal -0.0917415 0.995783 0
    outer loop
      vertex 0 3.25765 -1.5
      vertex -0.592098 3.2031 -1.0895
      vertex 0 3.25765 -0.494898
    endloop
  endfacet
  facet normal -0.0917488 0.995782 -1.06319e-05
    outer loop
      vertex -0.592098 3.2031 -1.0895
      vertex 0 3.25765 -1.5
      vertex -0.323647 3.22783 -1.5
    endloop
  endfacet
  facet normal -0.0917525 0.995782 0
    outer loop
      vertex 1.98648 3.44069 0
      vertex 0.665897 3.31901 -1.15236
      vertex 1.98648 3.44069 1.5
    endloop
  endfacet
  facet normal -0.0917419 0.995783 -1.21767e-05
    outer loop
      vertex 0.665897 3.31901 -1.15236
      vertex 1.98648 3.44069 0
      vertex 0.753176 3.32705 -1.23853
    endloop
  endfacet
  facet normal -0.704124 -0.0648785 0.707107
    outer loop
      vertex 2.0331 2.93479 1.5
      vertex -0.328549 3.00029 -0.845674
      vertex 0 2.74746 -0.541709
    endloop
  endfacet
  facet normal -0.704124 -0.0648772 0.707107
    outer loop
      vertex -0.328549 3.00029 -0.845674
      vertex 2.0331 2.93479 1.5
      vertex -0.492982 3.12682 -0.997804
    endloop
  endfacet
  facet normal -0.704124 -0.0648868 0.707106
    outer loop
      vertex 0 3.25765 -0.494898
      vertex 2.0331 2.93479 1.5
      vertex 1.98648 3.44069 1.5
    endloop
  endfacet
  facet normal -0.704124 -0.0648795 0.707107
    outer loop
      vertex 0 3.25765 -0.494898
      vertex -0.492982 3.12682 -0.997804
      vertex 2.0331 2.93479 1.5
    endloop
  endfacet
  facet normal -0.70412 -0.0648992 0.707109
    outer loop
      vertex -0.492982 3.12682 -0.997804
      vertex 0 3.25765 -0.494898
      vertex -0.592098 3.2031 -1.0895
    endloop
  endfacet
  facet normal -0.240665 -0.91507 0.323616
    outer loop
      vertex 0.568628 2.25901 -1.5
      vertex 7.01798e-07 2.57751 -1.02227
      vertex 0 2.40856 -1.5
    endloop
  endfacet
  facet normal -0.240668 -0.91507 0.323613
    outer loop
      vertex 7.01798e-07 2.57751 -1.02227
      vertex 0.568628 2.25901 -1.5
      vertex 2.08251 2.3985 0.0202942
    endloop
  endfacet
  facet normal -0.240668 -0.91507 0.323613
    outer loop
      vertex 0 2.74746 -0.541709
      vertex 2.08251 2.3985 0.0202942
      vertex 2.0331 2.93479 1.5
    endloop
  endfacet
  facet normal -0.240669 -0.91507 0.323613
    outer loop
      vertex 2.08251 2.3985 0.0202942
      vertex 0 2.74746 -0.541709
      vertex 7.01798e-07 2.57751 -1.02227
    endloop
  endfacet
  facet normal -0.704115 -0.0648754 0.707116
    outer loop
      vertex 2.08251 2.3985 0.0202942
      vertex 2.04259 2.02059 -0.0541283
      vertex 2.11647 2.02992 0.0202942
    endloop
  endfacet
  facet normal -0.704134 -0.0648698 0.707098
    outer loop
      vertex 2.08251 2.3985 0.0202942
      vertex 1.94875 1.9965 -0.149785
      vertex 2.04259 2.02059 -0.0541283
    endloop
  endfacet
  facet normal -0.704145 -0.0648619 0.707088
    outer loop
      vertex 2.08251 2.3985 0.0202942
      vertex 1.90908 1.98079 -0.190731
      vertex 1.94875 1.9965 -0.149785
    endloop
  endfacet
  facet normal -0.704124 -0.0648804 0.707107
    outer loop
      vertex 0.568628 2.25901 -1.5
      vertex 1.90908 1.98079 -0.190731
      vertex 2.08251 2.3985 0.0202942
    endloop
  endfacet
  facet normal -0.704124 -0.064878 0.707107
    outer loop
      vertex 1.90908 1.98079 -0.190731
      vertex 0.568628 2.25901 -1.5
      vertex 0.605332 1.86066 -1.5
    endloop
  endfacet
  facet normal -0.240682 -0.915062 0.323627
    outer loop
      vertex 2.16999 1.44912 -1.5
      vertex 1.76231 1.90583 -0.511834
      vertex 0.605332 1.86066 -1.5
    endloop
  endfacet
  facet normal -0.240841 -0.914956 0.323808
    outer loop
      vertex 1.77377 1.91416 -0.479773
      vertex 0.605332 1.86066 -1.5
      vertex 1.76231 1.90583 -0.511834
    endloop
  endfacet
  facet normal -0.240643 -0.915085 0.323589
    outer loop
      vertex 1.85867 1.96083 -0.284656
      vertex 0.605332 1.86066 -1.5
      vertex 1.77377 1.91416 -0.479773
    endloop
  endfacet
  facet normal -0.240697 -0.915053 0.323641
    outer loop
      vertex 0.605332 1.86066 -1.5
      vertex 1.85867 1.96083 -0.284656
      vertex 1.90908 1.98079 -0.190731
    endloop
  endfacet
  facet normal -0.240844 -0.915026 0.323606
    outer loop
      vertex 2.10108 1.81673 -0.511834
      vertex 2.16999 1.44912 -1.5
      vertex 2.13571 1.8211 -0.473704
    endloop
  endfacet
  facet normal -0.240671 -0.915063 0.323631
    outer loop
      vertex 1.76231 1.90583 -0.511834
      vertex 2.16999 1.44912 -1.5
      vertex 2.10108 1.81673 -0.511834
    endloop
  endfacet
  facet normal 0.240683 0.915069 0.323605
    outer loop
      vertex 1.80298 5.43225 -1.5
      vertex 3.15514 5.00114 -1.28661
      vertex 3.14272 5.07987 -1.5
    endloop
  endfacet
  facet normal 0.240679 0.915065 0.323621
    outer loop
      vertex 3.15514 5.00114 -1.28661
      vertex 1.80298 5.43225 -1.5
      vertex 1.85375 4.88123 0.0202942
    endloop
  endfacet
  facet normal 0.704115 0.0649876 0.707106
    outer loop
      vertex 3.20977 4.65485 -1.30924
      vertex 1.89046 4.48287 0.0202942
      vertex 3.21761 4.60516 -1.31248
    endloop
  endfacet
  facet normal 0.704126 0.0648872 0.707104
    outer loop
      vertex 1.89046 4.48287 0.0202942
      vertex 3.20977 4.65485 -1.30924
      vertex 1.85375 4.88123 0.0202942
    endloop
  endfacet
  facet normal 0.704125 0.064872 0.707106
    outer loop
      vertex 3.20977 4.65485 -1.30924
      vertex 3.15514 5.00114 -1.28661
      vertex 1.85375 4.88123 0.0202942
    endloop
  endfacet
  facet normal -0 0.995817 0.0913671
    outer loop
      vertex 3.30171 4.07207 0.132384
      vertex 1.93987 3.94659 1.5
      vertex 3.30172 4.07207 0.132384
    endloop
  endfacet
  facet normal 0.240665 0.915073 0.323608
    outer loop
      vertex 3.30171 4.07207 0.132384
      vertex 1.89046 4.48287 0.0202942
      vertex 1.93987 3.94659 1.5
    endloop
  endfacet
  facet normal 0.240664 0.915071 0.323614
    outer loop
      vertex 1.89046 4.48287 0.0202942
      vertex 3.30171 4.07207 0.132384
      vertex 3.25541 4.36555 -0.663046
    endloop
  endfacet
  facet normal 0.240659 0.915076 0.323603
    outer loop
      vertex 3.22775 4.54088 -1.13827
      vertex 1.89046 4.48287 0.0202942
      vertex 3.25541 4.36555 -0.663046
    endloop
  endfacet
  facet normal 0.240683 0.91506 0.32363
    outer loop
      vertex 1.89046 4.48287 0.0202942
      vertex 3.22775 4.54088 -1.13827
      vertex 3.21761 4.60516 -1.31248
    endloop
  endfacet
  facet normal 0.386918 -0.87005 0.305462
    outer loop
      vertex 1.98648 3.44069 0
      vertex 2.88863 3.71974 -0.3479
      vertex 1.93987 3.94659 1.5
    endloop
  endfacet
  facet normal 0.386918 -0.870049 0.305464
    outer loop
      vertex 2.88863 3.71974 -0.3479
      vertex 1.98648 3.44069 0
      vertex 2.63109 3.50008 -0.64734
    endloop
  endfacet
  facet normal 1 0 0
    outer loop
      vertex 3.38105 3.56918 -1.40048
      vertex 3.38105 3.56919 -1.40048
      vertex 3.38105 3.56918 -1.40047
    endloop
  endfacet
  facet normal 0.386924 -0.870046 0.305465
    outer loop
      vertex 1.93987 3.94659 1.5
      vertex 2.96034 3.7809 -0.264529
      vertex 3.30172 4.07207 0.132384
    endloop
  endfacet
  facet normal 0.386916 -0.870051 0.305461
    outer loop
      vertex 2.96034 3.7809 -0.264529
      vertex 1.93987 3.94659 1.5
      vertex 2.88863 3.71974 -0.3479
    endloop
  endfacet
  facet normal -0.667704 0.399348 -0.628246
    outer loop
      vertex 4.01075 3.62721 -0.532844
      vertex 3.38105 3.56918 0.0995179
      vertex 1.98648 3.44069 1.5
    endloop
  endfacet
  facet normal -0.0917662 0.995781 0
    outer loop
      vertex 4.01075 3.62721 -0.532844
      vertex 3.38105 3.56918 -0.700237
      vertex 3.38105 3.56918 0.0995179
    endloop
  endfacet
  facet normal -0.0917607 0.995781 -2.05125e-05
    outer loop
      vertex 3.38105 3.56918 -0.700237
      vertex 4.01075 3.62721 -0.532844
      vertex 3.75353 3.6035 -0.887264
    endloop
  endfacet
  facet normal -0.0917473 0.995782 0
    outer loop
      vertex 3.38105 3.56918 0.0995179
      vertex 1.98648 3.44069 0
      vertex 1.98648 3.44069 1.5
    endloop
  endfacet
  facet normal -0.0917474 0.995782 9.0821e-07
    outer loop
      vertex 1.98648 3.44069 0
      vertex 3.38105 3.56918 0.0995179
      vertex 2.84716 3.51999 -0.432163
    endloop
  endfacet
  facet normal -0.091751 0.995782 -6.39057e-06
    outer loop
      vertex 2.84716 3.51999 -0.432163
      vertex 2.63109 3.50008 -0.64734
      vertex 1.98648 3.44069 0
    endloop
  endfacet
  facet normal -0.0917505 0.995782 0
    outer loop
      vertex 3.75353 3.6035 -0.887264
      vertex 3.38105 3.56918 -0.700241
      vertex 3.38105 3.56918 -0.700237
    endloop
  endfacet
  facet normal -0.0917505 0.995782 0
    outer loop
      vertex 3.75353 3.6035 -0.887264
      vertex 3.38105 3.56918 -1.40047
      vertex 3.38105 3.56918 -0.700241
    endloop
  endfacet
  facet normal -0.0917505 0.995782 0
    outer loop
      vertex 3.38105 3.56918 -1.40047
      vertex 3.75353 3.6035 -0.887264
      vertex 3.38105 3.56918 -1.40048
    endloop
  endfacet
  facet normal 0.704123 0.0648725 0.707108
    outer loop
      vertex 1.98648 3.44069 1.5
      vertex 3.46039 3.0663 0.0666589
      vertex 3.87138 3.48516 -0.381024
    endloop
  endfacet
  facet normal 0.704122 0.0649035 0.707107
    outer loop
      vertex 1.98648 3.44069 1.5
      vertex 3.87138 3.48516 -0.381024
      vertex 4.01075 3.62721 -0.532844
    endloop
  endfacet
  facet normal 0.704125 0.0648869 0.707105
    outer loop
      vertex 3.46039 3.0663 0.0666589
      vertex 1.98648 3.44069 1.5
      vertex 2.0331 2.93479 1.5
    endloop
  endfacet
  facet normal 0.091751 -0.995782 0
    outer loop
      vertex 3.46039 3.0663 0.0666575
      vertex 3.46039 3.0663 0.0666589
      vertex 2.0331 2.93479 1.5
    endloop
  endfacet
  facet normal 0.403824 -0.855688 0.323611
    outer loop
      vertex 2.08251 2.3985 0.0202942
      vertex 3.54155 2.55191 -1.39475
      vertex 2.0331 2.93479 1.5
    endloop
  endfacet
  facet normal 0.403813 -0.855698 0.323599
    outer loop
      vertex 3.5445 2.53321 -1.44788
      vertex 3.54155 2.55191 -1.39475
      vertex 2.08251 2.3985 0.0202942
    endloop
  endfacet
  facet normal 0.403824 -0.855689 0.323609
    outer loop
      vertex 2.0331 2.93479 1.5
      vertex 3.50381 2.79111 -0.715185
      vertex 3.46039 3.0663 0.0666575
    endloop
  endfacet
  facet normal 0.403838 -0.855679 0.323618
    outer loop
      vertex 3.50381 2.79111 -0.715185
      vertex 2.0331 2.93479 1.5
      vertex 3.54155 2.55191 -1.39475
    endloop
  endfacet
  facet normal 0.7043 0.0641853 0.706995
    outer loop
      vertex 2.33419 2.01996 -0.195588
      vertex 3.5466 2.51986 -1.44876
      vertex 3.5445 2.53321 -1.44788
    endloop
  endfacet
  facet normal 0.704123 0.0648936 0.707107
    outer loop
      vertex 3.5466 2.51986 -1.44876
      vertex 2.33419 2.01996 -0.195588
      vertex 3.60697 2.13723 -1.47376
    endloop
  endfacet
  facet normal 0.704121 0.0648837 0.707109
    outer loop
      vertex 2.08251 2.3985 0.0202942
      vertex 2.33419 2.01996 -0.195588
      vertex 3.5445 2.53321 -1.44788
    endloop
  endfacet
  facet normal 0.703014 0.0634453 0.70834
    outer loop
      vertex 2.33419 2.01996 -0.195588
      vertex 2.08251 2.3985 0.0202942
      vertex 2.33172 2.02059 -0.193193
    endloop
  endfacet
  facet normal 0.70413 0.064881 0.707101
    outer loop
      vertex 2.33172 2.02059 -0.193193
      vertex 2.08251 2.3985 0.0202942
      vertex 2.2356 2.03273 -0.0985908
    endloop
  endfacet
  facet normal 0.704109 0.064865 0.707123
    outer loop
      vertex 2.2356 2.03273 -0.0985908
      vertex 2.08251 2.3985 0.0202942
      vertex 2.13871 2.03273 -0.00211383
    endloop
  endfacet
  facet normal 0.704188 0.064882 0.707043
    outer loop
      vertex 2.13871 2.03273 -0.00211383
      vertex 2.08251 2.3985 0.0202942
      vertex 2.11647 2.02992 0.0202942
    endloop
  endfacet
  facet normal 0.404429 -0.855223 0.324084
    outer loop
      vertex 2.13571 1.8211 -0.473704
      vertex 2.1706 1.82315 -0.511834
      vertex 2.1519 1.82315 -0.488498
    endloop
  endfacet
  facet normal 0.403836 -0.855675 0.323631
    outer loop
      vertex 2.16999 1.44912 -1.5
      vertex 2.48665 1.97231 -0.511834
      vertex 2.1706 1.82315 -0.511834
    endloop
  endfacet
  facet normal 0.403941 -0.855631 0.323615
    outer loop
      vertex 2.16999 1.44912 -1.5
      vertex 2.1706 1.82315 -0.511834
      vertex 2.13571 1.8211 -0.473704
    endloop
  endfacet
  facet normal 0.403837 -0.855674 0.323631
    outer loop
      vertex 2.48665 1.97231 -0.511834
      vertex 2.16999 1.44912 -1.5
      vertex 3.60697 2.13723 -1.47376
    endloop
  endfacet
  facet normal 0.403885 -0.855763 0.323336
    outer loop
      vertex 3.60697 2.13723 -1.47376
      vertex 2.16999 1.44912 -1.5
      vertex 3.60842 2.128 -1.5
    endloop
  endfacet
  facet normal 0.403787 -0.85572 0.323573
    outer loop
      vertex 2.42556 1.9965 -0.371651
      vertex 3.60697 2.13723 -1.47376
      vertex 2.33419 2.01996 -0.195588
    endloop
  endfacet
  facet normal 0.403848 -0.855664 0.323645
    outer loop
      vertex 3.60697 2.13723 -1.47376
      vertex 2.42556 1.9965 -0.371651
      vertex 2.48665 1.97231 -0.511834
    endloop
  endfacet
  facet normal 0.672132 0.665964 0.323621
    outer loop
      vertex -1.30871 -1.45456 -1.5
      vertex -0.7715 -2.52551 -0.411883
      vertex -0.768626 -2.47984 -0.511834
    endloop
  endfacet
  facet normal 0.672102 0.665979 0.323651
    outer loop
      vertex -1.30871 -1.45456 -1.5
      vertex -0.765416 -2.62221 -0.225537
      vertex -0.7715 -2.52551 -0.411883
    endloop
  endfacet
  facet normal 0.672269 0.665887 0.323495
    outer loop
      vertex -0.765416 -2.62221 -0.225537
      vertex -1.30871 -1.45456 -1.5
      vertex -0.761627 -2.64207 -0.192531
    endloop
  endfacet
  facet normal 0.672132 0.665964 0.323622
    outer loop
      vertex -0.768626 -2.47984 -0.511834
      vertex -0.169986 -2.60383 -1.5
      vertex -1.30871 -1.45456 -1.5
    endloop
  endfacet
  facet normal 0.672135 0.665959 0.323625
    outer loop
      vertex -0.523777 -2.72696 -0.511834
      vertex -0.169986 -2.60383 -1.5
      vertex -0.768626 -2.47984 -0.511834
    endloop
  endfacet
  facet normal 0.674912 0.664363 0.321116
    outer loop
      vertex -0.508991 -2.76001 -0.474533
      vertex -0.523777 -2.72696 -0.511834
      vertex -0.522069 -2.73221 -0.504562
    endloop
  endfacet
  facet normal 0.672139 0.665955 0.323626
    outer loop
      vertex -0.523777 -2.72696 -0.511834
      vertex -0.508991 -2.76001 -0.474533
      vertex -0.169986 -2.60383 -1.5
    endloop
  endfacet
  facet normal -0.295873 0.642228 0.707108
    outer loop
      vertex -1.03591 -3.00276 0.0202942
      vertex -1.30871 -1.45456 -1.5
      vertex -1.67205 -1.62195 -1.5
    endloop
  endfacet
  facet normal -0.295858 0.642197 0.707143
    outer loop
      vertex -0.717322 -2.80952 -0.0219059
      vertex -1.03591 -3.00276 0.0202942
      vertex -0.699354 -2.84771 0.0202942
    endloop
  endfacet
  facet normal -0.295889 0.642238 0.707093
    outer loop
      vertex -0.747261 -2.71738 -0.118123
      vertex -1.03591 -3.00276 0.0202942
      vertex -0.717322 -2.80952 -0.0219059
    endloop
  endfacet
  facet normal -0.295855 0.642219 0.707125
    outer loop
      vertex -0.761627 -2.64207 -0.192531
      vertex -1.03591 -3.00276 0.0202942
      vertex -0.747261 -2.71738 -0.118123
    endloop
  endfacet
  facet normal -0.295879 0.642227 0.707107
    outer loop
      vertex -1.03591 -3.00276 0.0202942
      vertex -0.761627 -2.64207 -0.192531
      vertex -1.30871 -1.45456 -1.5
    endloop
  endfacet
  facet normal 0.672142 0.665962 0.323603
    outer loop
      vertex -2.23219 -1.28875 -1.02227
      vertex -1.67205 -1.62195 -1.5
      vertex -2.08588 -1.20428 -1.5
    endloop
  endfacet
  facet normal 0.672148 0.665949 0.32362
    outer loop
      vertex -2.37937 -1.37373 -0.541709
      vertex -1.67205 -1.62195 -1.5
      vertex -2.23219 -1.28875 -1.02227
    endloop
  endfacet
  facet normal 0.67214 0.66596 0.323611
    outer loop
      vertex -1.67205 -1.62195 -1.5
      vertex -2.37937 -1.37373 -0.541709
      vertex -1.52505 -3.22811 1.5
    endloop
  endfacet
  facet normal 0.672145 0.665957 0.323609
    outer loop
      vertex -1.52505 -3.22811 1.5
      vertex -1.03591 -3.00276 0.0202942
      vertex -1.67205 -1.62195 -1.5
    endloop
  endfacet
  facet normal -0.946944 -0.09993 0.305469
    outer loop
      vertex -2.61413 -2.07832 -1.5
      vertex -2.47791 -2.11432 -1.0895
      vertex -2.63356 -1.8942 -1.5
    endloop
  endfacet
  facet normal -0.946944 -0.0999328 0.305469
    outer loop
      vertex -2.47791 -2.11432 -1.0895
      vertex -2.61413 -2.07832 -1.5
      vertex -1.98648 -3.44069 0
    endloop
  endfacet
  facet normal -0.946946 -0.0999435 0.305457
    outer loop
      vertex -2.43405 -1.78468 -0.845674
      vertex -2.47791 -2.11432 -1.0895
      vertex -1.98648 -3.44069 0
    endloop
  endfacet
  facet normal -0.946945 -0.0999409 0.305462
    outer loop
      vertex -1.98648 -3.44069 0
      vertex -2.37937 -1.37373 -0.541709
      vertex -2.43405 -1.78468 -0.845674
    endloop
  endfacet
  facet normal -0.946945 -0.0999406 0.305463
    outer loop
      vertex -2.37937 -1.37373 -0.541709
      vertex -1.98648 -3.44069 0
      vertex -1.52505 -3.22811 1.5
    endloop
  endfacet
  facet normal 0.908249 0.41843 0
    outer loop
      vertex -2.82121 -1.62883 -0.494899
      vertex -2.61413 -2.07832 -1.5
      vertex -2.82121 -1.62883 -1.5
    endloop
  endfacet
  facet normal 0.908248 0.418433 -0
    outer loop
      vertex -1.98648 -3.44069 0
      vertex -2.82121 -1.62883 -0.494897
      vertex -1.98648 -3.44069 1.5
    endloop
  endfacet
  facet normal 0.908248 0.418433 0
    outer loop
      vertex -2.82121 -1.62883 -0.494897
      vertex -1.98648 -3.44069 0
      vertex -2.82121 -1.62883 -0.494899
    endloop
  endfacet
  facet normal 0.908248 0.418433 -1.25285e-06
    outer loop
      vertex -2.82121 -1.62883 -0.494899
      vertex -1.98648 -3.44069 0
      vertex -2.61413 -2.07832 -1.5
    endloop
  endfacet
  facet normal 0.908248 0.418431 0
    outer loop
      vertex -0.825296 -5.96116 -1.27509
      vertex -1.98648 -3.44069 0
      vertex -1.98648 -3.44069 1.5
    endloop
  endfacet
  facet normal 0.908247 0.418434 -6.42456e-06
    outer loop
      vertex -1.98648 -3.44069 0
      vertex -0.825296 -5.96116 -1.27509
      vertex -1.35884 -4.80306 -1.5
    endloop
  endfacet
  facet normal 0.908247 0.418434 -7.97643e-06
    outer loop
      vertex -1.35884 -4.80306 -1.5
      vertex -0.825296 -5.96116 -1.27509
      vertex -0.910966 -5.77521 -1.5
    endloop
  endfacet
  facet normal -0.295869 0.642232 0.707107
    outer loop
      vertex -3.26305 -1.88392 -0.448086
      vertex -1.98648 -3.44069 1.5
      vertex -2.82121 -1.62883 -0.494897
    endloop
  endfacet
  facet normal -0.295866 0.642233 0.707107
    outer loop
      vertex -3.26069 -1.48314 -0.811107
      vertex -2.82121 -1.62883 -0.494897
      vertex -3.2073 -1.08282 -1.15236
    endloop
  endfacet
  facet normal -0.295901 0.642228 0.707096
    outer loop
      vertex -3.26069 -1.48314 -0.811107
      vertex -3.2073 -1.08282 -1.15236
      vertex -3.2579 -1.01126 -1.23853
    endloop
  endfacet
  facet normal -0.295868 0.642231 0.707108
    outer loop
      vertex -3.26305 -1.88392 -0.448086
      vertex -2.82121 -1.62883 -0.494897
      vertex -3.26069 -1.48314 -0.811107
    endloop
  endfacet
  facet normal -0.295874 0.642229 0.707107
    outer loop
      vertex -1.98648 -3.44069 1.5
      vertex -3.26305 -1.88392 -0.448086
      vertex -2.44791 -3.65327 1.5
    endloop
  endfacet
  facet normal -0.942965 -0.0781221 0.323596
    outer loop
      vertex -3.57319 -2.49781 -1.5
      vertex -3.43005 -1.98034 -0.957961
      vertex -3.60757 -2.08283 -1.5
    endloop
  endfacet
  facet normal -0.942963 -0.0781272 0.323601
    outer loop
      vertex -3.43005 -1.98034 -0.957961
      vertex -3.57319 -2.49781 -1.5
      vertex -2.93706 -3.87862 0.0202942
    endloop
  endfacet
  facet normal -0.942957 -0.0781157 0.32362
    outer loop
      vertex -2.93706 -3.87862 0.0202942
      vertex -3.26305 -1.88392 -0.448086
      vertex -3.43005 -1.98034 -0.957961
    endloop
  endfacet
  facet normal -0.942959 -0.0781176 0.323613
    outer loop
      vertex -3.26305 -1.88392 -0.448086
      vertex -2.93706 -3.87862 0.0202942
      vertex -2.44791 -3.65327 1.5
    endloop
  endfacet
  facet normal -0.295873 0.642228 0.707108
    outer loop
      vertex -3.30039 -4.04601 0.0202942
      vertex -3.57319 -2.49781 -1.5
      vertex -3.93653 -2.6652 -1.5
    endloop
  endfacet
  facet normal -0.29588 0.642226 0.707107
    outer loop
      vertex -3.30039 -4.04601 0.0202942
      vertex -2.93706 -3.87862 0.0202942
      vertex -3.57319 -2.49781 -1.5
    endloop
  endfacet
  facet normal -0.942956 -0.0781045 0.323625
    outer loop
      vertex -3.80298 -4.27755 -1.5
      vertex -3.30039 -4.04601 0.0202942
      vertex -3.93653 -2.6652 -1.5
    endloop
  endfacet
  facet normal 0.942959 0.0781171 0.323613
    outer loop
      vertex -0.491772 -3.11996 -0.437831
      vertex -0.0364351 -4.21617 -1.5
      vertex -0.464748 -3.1396 -0.511834
    endloop
  endfacet
  facet normal 0.942956 0.078103 0.323626
    outer loop
      vertex -0.562399 -3.05364 -0.248049
      vertex -0.0364351 -4.21617 -1.5
      vertex -0.491772 -3.11996 -0.437831
    endloop
  endfacet
  facet normal 0.942955 0.0781 0.323628
    outer loop
      vertex -0.0364351 -4.21617 -1.5
      vertex -0.562399 -3.05364 -0.248049
      vertex -0.584102 -3.02741 -0.191143
    endloop
  endfacet
  facet normal 0.942957 0.078106 0.323624
    outer loop
      vertex -0.493455 -2.79302 -0.511834
      vertex -0.169986 -2.60383 -1.5
      vertex -0.508991 -2.76001 -0.474533
    endloop
  endfacet
  facet normal 0.942957 0.0781045 0.323624
    outer loop
      vertex -0.464748 -3.1396 -0.511834
      vertex -0.169986 -2.60383 -1.5
      vertex -0.493455 -2.79302 -0.511834
    endloop
  endfacet
  facet normal 0.942956 0.0781055 0.323624
    outer loop
      vertex -0.169986 -2.60383 -1.5
      vertex -0.464748 -3.1396 -0.511834
      vertex -0.0364351 -4.21617 -1.5
    endloop
  endfacet
  facet normal 0.295883 -0.642309 0.707031
    outer loop
      vertex -1.03591 -3.00276 0.0202942
      vertex -0.656151 -2.92857 -0.0712315
      vertex -0.67607 -2.89719 -0.0343882
    endloop
  endfacet
  facet normal 0.295871 -0.642227 0.70711
    outer loop
      vertex -1.03591 -3.00276 0.0202942
      vertex -0.67607 -2.89719 -0.0343882
      vertex -0.699354 -2.84771 0.0202942
    endloop
  endfacet
  facet normal 0.295885 -0.642225 0.707106
    outer loop
      vertex -0.656151 -2.92857 -0.0712315
      vertex -1.03591 -3.00276 0.0202942
      vertex -0.399771 -4.38356 -1.5
    endloop
  endfacet
  facet normal 0.295877 -0.64223 0.707105
    outer loop
      vertex -0.584102 -3.02741 -0.191143
      vertex -0.399771 -4.38356 -1.5
      vertex -0.0364351 -4.21617 -1.5
    endloop
  endfacet
  facet normal 0.295807 -0.64225 0.707116
    outer loop
      vertex -0.624156 -2.97899 -0.130409
      vertex -0.399771 -4.38356 -1.5
      vertex -0.584102 -3.02741 -0.191143
    endloop
  endfacet
  facet normal 0.295759 -0.642265 0.707123
    outer loop
      vertex -0.399771 -4.38356 -1.5
      vertex -0.624156 -2.97899 -0.130409
      vertex -0.656151 -2.92857 -0.0712315
    endloop
  endfacet
  facet normal 0.942961 0.0781227 0.323608
    outer loop
      vertex -0.551253 -5.34184 -0.827266
      vertex -1.03591 -3.00276 0.0202942
      vertex -1.52505 -3.22811 1.5
    endloop
  endfacet
  facet normal 0.942961 0.0781233 0.323607
    outer loop
      vertex -1.03591 -3.00276 0.0202942
      vertex -0.551253 -5.34184 -0.827266
      vertex -0.486212 -5.1194 -1.07049
    endloop
  endfacet
  facet normal 0.94296 0.0781203 0.323612
    outer loop
      vertex -0.486212 -5.1194 -1.07049
      vertex -0.399771 -4.38356 -1.5
      vertex -1.03591 -3.00276 0.0202942
    endloop
  endfacet
  facet normal 0.942959 0.0781209 0.323612
    outer loop
      vertex -0.399771 -4.38356 -1.5
      vertex -0.486212 -5.1194 -1.07049
      vertex -0.371353 -4.72658 -1.5
    endloop
  endfacet
  facet normal -0.691313 -0.65481 0.305465
    outer loop
      vertex -0.551253 -5.34184 -0.827266
      vertex -1.98648 -3.44069 0
      vertex -1.35884 -4.80306 -1.5
    endloop
  endfacet
  facet normal -0.691315 -0.65481 0.305462
    outer loop
      vertex -1.98648 -3.44069 0
      vertex -0.551253 -5.34184 -0.827266
      vertex -1.52505 -3.22811 1.5
    endloop
  endfacet
  facet normal -0.691312 -0.654814 0.305461
    outer loop
      vertex -0.551253 -5.34184 -0.827266
      vertex -1.35884 -4.80306 -1.5
      vertex -0.844148 -5.34644 -1.5
    endloop
  endfacet
  facet normal 0.295861 -0.64223 0.707112
    outer loop
      vertex -0.825296 -5.96116 -1.27509
      vertex -1.19262 -6.37801 -1.5
      vertex -0.889393 -6.23832 -1.5
    endloop
  endfacet
  facet normal 0.295874 -0.64223 0.707107
    outer loop
      vertex -2.44791 -3.65327 1.5
      vertex -0.825296 -5.96116 -1.27509
      vertex -1.98648 -3.44069 1.5
    endloop
  endfacet
  facet normal 0.295868 -0.642233 0.707106
    outer loop
      vertex -0.825296 -5.96116 -1.27509
      vertex -2.44791 -3.65327 1.5
      vertex -1.19262 -6.37801 -1.5
    endloop
  endfacet
  facet normal -0.672138 -0.665962 0.323612
    outer loop
      vertex -2.30092 -5.25942 -1.5
      vertex -2.44791 -3.65327 1.5
      vertex -2.93706 -3.87862 0.0202942
    endloop
  endfacet
  facet normal -0.672142 -0.665959 0.323611
    outer loop
      vertex -2.30092 -5.25942 -1.5
      vertex -1.19262 -6.37801 -1.5
      vertex -2.44791 -3.65327 1.5
    endloop
  endfacet
  facet normal 0.295881 -0.642227 0.707106
    outer loop
      vertex -2.66425 -5.42681 -1.5
      vertex -2.93706 -3.87862 0.0202942
      vertex -3.30039 -4.04601 0.0202942
    endloop
  endfacet
  facet normal 0.295881 -0.642227 0.707106
    outer loop
      vertex -2.66425 -5.42681 -1.5
      vertex -2.30092 -5.25942 -1.5
      vertex -2.93706 -3.87862 0.0202942
    endloop
  endfacet
  facet normal -0.672127 -0.665968 0.323623
    outer loop
      vertex -2.66425 -5.42681 -1.5
      vertex -3.30039 -4.04601 0.0202942
      vertex -3.80298 -4.27755 -1.5
    endloop
  endfacet
  facet normal -0.539118 -0.777572 0.323625
    outer loop
      vertex -4.2764 -2.07653 -1.5
      vertex -5.15414 -0.835217 0.0202942
      vertex -5.60596 -1.1547 -1.5
    endloop
  endfacet
  facet normal 0.408246 -0.577352 0.707106
    outer loop
      vertex -4.2764 -2.07653 -1.5
      vertex -3.94977 -1.84557 -1.5
      vertex -4.82751 -0.604255 0.0202942
    endloop
  endfacet
  facet normal 0.408248 -0.577351 0.707106
    outer loop
      vertex -4.2764 -2.07653 -1.5
      vertex -4.82751 -0.604255 0.0202942
      vertex -5.15414 -0.835217 0.0202942
    endloop
  endfacet
  facet normal -0.539131 -0.777568 0.323612
    outer loop
      vertex -3.94977 -1.84557 -1.5
      vertex -3.26305 -1.88392 -0.448086
      vertex -4.38778 -0.293318 1.5
    endloop
  endfacet
  facet normal -0.539153 -0.777547 0.323628
    outer loop
      vertex -3.26305 -1.88392 -0.448086
      vertex -3.94977 -1.84557 -1.5
      vertex -3.43005 -1.98034 -0.957961
    endloop
  endfacet
  facet normal -0.539126 -0.777581 0.323593
    outer loop
      vertex -3.43005 -1.98034 -0.957961
      vertex -3.94977 -1.84557 -1.5
      vertex -3.60757 -2.08283 -1.5
    endloop
  endfacet
  facet normal -0.539136 -0.777566 0.32361
    outer loop
      vertex -3.94977 -1.84557 -1.5
      vertex -4.38778 -0.293318 1.5
      vertex -4.82751 -0.604255 0.0202942
    endloop
  endfacet
  facet normal 0.912739 0.27129 0.305465
    outer loop
      vertex -3.26069 -1.48314 -0.811107
      vertex -3.2579 -1.01126 -1.23853
      vertex -3.97297 0 0
    endloop
  endfacet
  facet normal 0.912739 0.271296 0.30546
    outer loop
      vertex -3.26305 -1.88392 -0.448086
      vertex -3.97297 0 0
      vertex -4.38778 -0.293318 1.5
    endloop
  endfacet
  facet normal 0.912741 0.271299 0.305451
    outer loop
      vertex -3.97297 0 0
      vertex -3.26305 -1.88392 -0.448086
      vertex -3.26069 -1.48314 -0.811107
    endloop
  endfacet
  facet normal -0.816495 -0.577352 9.43865e-07
    outer loop
      vertex -3.2073 -1.08282 -1.15236
      vertex -2.82121 -1.62883 -0.494897
      vertex -3.97297 0 1.5
    endloop
  endfacet
  facet normal -0.816489 -0.577361 -5.07802e-06
    outer loop
      vertex -2.47791 -2.11432 -1.0895
      vertex -2.82121 -1.62883 -1.5
      vertex -2.63356 -1.8942 -1.5
    endloop
  endfacet
  facet normal -0.816491 -0.577358 0
    outer loop
      vertex -2.82121 -1.62883 -1.5
      vertex -2.47791 -2.11432 -1.0895
      vertex -2.82121 -1.62883 -0.494899
    endloop
  endfacet
  facet normal -0.816498 -0.577348 -3.03429e-06
    outer loop
      vertex -3.2073 -1.08282 -1.15236
      vertex -3.97297 0 0
      vertex -3.2579 -1.01126 -1.23853
    endloop
  endfacet
  facet normal -0.816496 -0.577351 0
    outer loop
      vertex -3.97297 0 0
      vertex -3.2073 -1.08282 -1.15236
      vertex -3.97297 0 1.5
    endloop
  endfacet
  facet normal 0.408246 -0.577349 0.707109
    outer loop
      vertex -2.43405 -1.78468 -0.845674
      vertex -2.82121 -1.62883 -0.494899
      vertex -2.47791 -2.11432 -1.0895
    endloop
  endfacet
  facet normal 0.408249 -0.577345 0.707111
    outer loop
      vertex -2.37937 -1.37373 -0.541709
      vertex -2.82121 -1.62883 -0.494899
      vertex -2.43405 -1.78468 -0.845674
    endloop
  endfacet
  facet normal 0.500005 -0.866022 0
    outer loop
      vertex -2.37937 -1.37373 -0.541709
      vertex -2.82121 -1.62883 -0.494897
      vertex -2.82121 -1.62883 -0.494899
    endloop
  endfacet
  facet normal 0.408253 -0.577347 0.707107
    outer loop
      vertex -3.55815 0.293318 1.5
      vertex -2.82121 -1.62883 -0.494897
      vertex -2.37937 -1.37373 -0.541709
    endloop
  endfacet
  facet normal 0.408244 -0.577352 0.707108
    outer loop
      vertex -3.97297 0 1.5
      vertex -2.82121 -1.62883 -0.494897
      vertex -3.55815 0.293318 1.5
    endloop
  endfacet
  facet normal 0.912809 0.249116 0.323607
    outer loop
      vertex -2.23219 -1.28875 -1.02227
      vertex -2.24068 -0.637059 -1.5
      vertex -3.11842 0.604255 0.0202942
    endloop
  endfacet
  facet normal 0.91281 0.249114 0.323605
    outer loop
      vertex -2.24068 -0.637059 -1.5
      vertex -2.23219 -1.28875 -1.02227
      vertex -2.08588 -1.20428 -1.5
    endloop
  endfacet
  facet normal 0.912809 0.249113 0.32361
    outer loop
      vertex -2.37937 -1.37373 -0.541709
      vertex -3.11842 0.604255 0.0202942
      vertex -3.55815 0.293318 1.5
    endloop
  endfacet
  facet normal 0.912807 0.249111 0.323614
    outer loop
      vertex -3.11842 0.604255 0.0202942
      vertex -2.37937 -1.37373 -0.541709
      vertex -2.23219 -1.28875 -1.02227
    endloop
  endfacet
  facet normal 0.408249 -0.57735 0.707107
    outer loop
      vertex -2.66831 0.660586 -0.193585
      vertex -2.24068 -0.637059 -1.5
      vertex -1.91405 -0.406096 -1.5
    endloop
  endfacet
  facet normal 0.408488 -0.577231 0.707066
    outer loop
      vertex -2.67893 0.668305 -0.181148
      vertex -2.24068 -0.637059 -1.5
      vertex -2.66831 0.660586 -0.193585
    endloop
  endfacet
  facet normal 0.408216 -0.577368 0.707111
    outer loop
      vertex -2.74956 0.734628 -0.0862195
      vertex -2.24068 -0.637059 -1.5
      vertex -2.67893 0.668305 -0.181148
    endloop
  endfacet
  facet normal 0.408476 -0.577231 0.707073
    outer loop
      vertex -2.24068 -0.637059 -1.5
      vertex -2.74956 0.734628 -0.0862195
      vertex -2.75792 0.744735 -0.0731389
    endloop
  endfacet
  facet normal 0.40825 -0.577365 0.707093
    outer loop
      vertex -3.11842 0.604255 0.0202942
      vertex -2.75792 0.744735 -0.0731389
      vertex -2.81131 0.809279 0.0103889
    endloop
  endfacet
  facet normal 0.408176 -0.577247 0.707233
    outer loop
      vertex -3.11842 0.604255 0.0202942
      vertex -2.81131 0.809279 0.0103889
      vertex -2.81663 0.817653 0.0202942
    endloop
  endfacet
  facet normal 0.408248 -0.577351 0.707106
    outer loop
      vertex -2.75792 0.744735 -0.0731389
      vertex -3.11842 0.604255 0.0202942
      vertex -2.24068 -0.637059 -1.5
    endloop
  endfacet
  facet normal 0.912807 0.249042 0.32367
    outer loop
      vertex -2.60055 0.611357 -0.34681
      vertex -1.91405 -0.406096 -1.5
      vertex -2.53171 0.573515 -0.511834
    endloop
  endfacet
  facet normal 0.912808 0.249073 0.323643
    outer loop
      vertex -1.91405 -0.406096 -1.5
      vertex -2.60055 0.611357 -0.34681
      vertex -2.66831 0.660586 -0.193585
    endloop
  endfacet
  facet normal 0.912755 0.249787 0.323241
    outer loop
      vertex -2.62398 0.911637 -0.511834
      vertex -2.64529 0.938809 -0.472657
      vertex -2.64142 0.932714 -0.478875
    endloop
  endfacet
  facet normal 0.912768 0.24922 0.323641
    outer loop
      vertex -2.64529 0.938809 -0.472657
      vertex -2.62398 0.911637 -0.511834
      vertex -2.33997 1.1547 -1.5
    endloop
  endfacet
  facet normal 0.912809 0.249096 0.323623
    outer loop
      vertex -2.53171 0.573515 -0.511834
      vertex -2.33997 1.1547 -1.5
      vertex -2.62398 0.911637 -0.511834
    endloop
  endfacet
  facet normal 0.91281 0.249093 0.323621
    outer loop
      vertex -2.33997 1.1547 -1.5
      vertex -2.53171 0.573515 -0.511834
      vertex -1.91405 -0.406096 -1.5
    endloop
  endfacet
  facet normal -0.912803 -0.249095 0.32364
    outer loop
      vertex -5.60596 -1.1547 -1.5
      vertex -5.90868 0.231862 -1.28661
      vertex -5.97066 0.181736 -1.5
    endloop
  endfacet
  facet normal -0.912808 -0.249094 0.323626
    outer loop
      vertex -5.90868 0.231862 -1.28661
      vertex -5.60596 -1.1547 -1.5
      vertex -5.15414 -0.835217 0.0202942
    endloop
  endfacet
  facet normal 0.0825604 0 0.996586
    outer loop
      vertex -5.59699 0.483954 -1.31248
      vertex -5.6361 0.452322 -1.30924
      vertex -5.59699 0.483953 -1.31248
    endloop
  endfacet
  facet normal -0.408322 0.577297 0.707108
    outer loop
      vertex -5.6361 0.452322 -1.30924
      vertex -4.82751 -0.604255 0.0202942
      vertex -5.59699 0.483953 -1.31248
    endloop
  endfacet
  facet normal -0.408248 0.577351 0.707106
    outer loop
      vertex -4.82751 -0.604255 0.0202942
      vertex -5.6361 0.452322 -1.30924
      vertex -5.15414 -0.835217 0.0202942
    endloop
  endfacet
  facet normal -0.408251 0.57735 0.707106
    outer loop
      vertex -5.86566 0.266654 -1.29018
      vertex -5.15414 -0.835217 0.0202942
      vertex -5.6361 0.452322 -1.30924
    endloop
  endfacet
  facet normal -0.408248 0.577352 0.707106
    outer loop
      vertex -5.15414 -0.835217 0.0202942
      vertex -5.86566 0.266654 -1.29018
      vertex -5.90868 0.231862 -1.28661
    endloop
  endfacet
  facet normal -0.816498 -0.577349 0
    outer loop
      vertex -5.17737 0.823335 0.132384
      vertex -4.38778 -0.293318 1.5
      vertex -5.17737 0.823335 0.132385
    endloop
  endfacet
  facet normal -0.912808 -0.249111 0.323612
    outer loop
      vertex -4.82751 -0.604255 0.0202942
      vertex -5.17737 0.823335 0.132384
      vertex -5.40838 0.636498 -0.663046
    endloop
  endfacet
  facet normal -0.912809 -0.249111 0.32361
    outer loop
      vertex -5.17737 0.823335 0.132384
      vertex -4.82751 -0.604255 0.0202942
      vertex -4.38778 -0.293318 1.5
    endloop
  endfacet
  facet normal -0.91281 -0.249117 0.323603
    outer loop
      vertex -5.54639 0.524875 -1.13827
      vertex -4.82751 -0.604255 0.0202942
      vertex -5.40838 0.636498 -0.663046
    endloop
  endfacet
  facet normal -0.912808 -0.24908 0.323638
    outer loop
      vertex -4.82751 -0.604255 0.0202942
      vertex -5.54639 0.524875 -1.13827
      vertex -5.59699 0.483953 -1.31248
    endloop
  endfacet
  facet normal 0.560026 0.770107 0.30546
    outer loop
      vertex -3.97297 0 0
      vertex -4.66571 0.641758 -0.3479
      vertex -4.38778 -0.293318 1.5
    endloop
  endfacet
  facet normal 0.560026 0.770107 0.30546
    outer loop
      vertex -4.66571 0.641758 -0.3479
      vertex -3.97297 0 0
      vertex -4.34671 0.528551 -0.64734
    endloop
  endfacet
  facet normal 0.560025 0.770108 0.305461
    outer loop
      vertex -4.38778 -0.293318 1.5
      vertex -4.66571 0.641758 -0.3479
      vertex -5.17737 0.823335 0.132385
    endloop
  endfacet
  facet normal -0.816499 -0.577347 -1.22464e-05
    outer loop
      vertex -4.78153 1.14348 -0.700237
      vertex -5.14663 1.65981 -0.532843
      vertex -4.99749 1.4489 -0.887264
    endloop
  endfacet
  facet normal -0.816497 -0.57735 -0
    outer loop
      vertex -4.78153 1.14348 0.0995184
      vertex -5.14663 1.65981 -0.532843
      vertex -4.78153 1.14348 -0.700237
    endloop
  endfacet
  facet normal -0.816498 -0.577348 -1.18624e-05
    outer loop
      vertex -3.97297 0 0
      vertex -4.78153 1.14348 0.0995184
      vertex -4.47198 0.705719 -0.432163
    endloop
  endfacet
  facet normal -0.796137 -0.604179 -0.0336611
    outer loop
      vertex -4.78153 1.14348 0.0995184
      vertex -3.97297 0 1.5
      vertex -5.14663 1.65981 -0.532843
    endloop
  endfacet
  facet normal -0.816497 -0.577349 -0
    outer loop
      vertex -3.97297 0 1.5
      vertex -4.78153 1.14348 0.0995184
      vertex -3.97297 0 0
    endloop
  endfacet
  facet normal -0.816505 -0.577339 1.13834e-05
    outer loop
      vertex -4.34671 0.528551 -0.64734
      vertex -3.97297 0 0
      vertex -4.47198 0.705719 -0.432163
    endloop
  endfacet
  facet normal -0.936919 -0.247167 -0.247167
    outer loop
      vertex -4.78153 1.14348 -1.40047
      vertex -4.99749 1.4489 -0.887264
      vertex -4.78153 1.14349 -1.40048
    endloop
  endfacet
  facet normal -0.816502 -0.577342 -0
    outer loop
      vertex -4.78153 1.14348 -0.700241
      vertex -4.99749 1.4489 -0.887264
      vertex -4.78153 1.14348 -1.40047
    endloop
  endfacet
  facet normal -0.816502 -0.577342 0
    outer loop
      vertex -4.99749 1.4489 -0.887264
      vertex -4.78153 1.14348 -0.700241
      vertex -4.78153 1.14348 -0.700237
    endloop
  endfacet
  facet normal 0.816497 0.577349 0
    outer loop
      vertex -4.38569 1.46364 0.0666592
      vertex -3.55815 0.293318 1.5
      vertex -4.38569 1.46364 0.0666579
    endloop
  endfacet
  facet normal -0.408244 0.577352 0.707108
    outer loop
      vertex -3.55815 0.293318 1.5
      vertex -4.38569 1.46364 0.0666592
      vertex -3.97297 0 1.5
    endloop
  endfacet
  facet normal -0.40825 0.57735 0.707107
    outer loop
      vertex -4.95393 1.61013 -0.381024
      vertex -3.97297 0 1.5
      vertex -4.38569 1.46364 0.0666592
    endloop
  endfacet
  facet normal -0.408248 0.57735 0.707107
    outer loop
      vertex -3.97297 0 1.5
      vertex -4.95393 1.61013 -0.381024
      vertex -5.14663 1.65981 -0.532843
    endloop
  endfacet
  facet normal 0.539136 0.777566 0.32361
    outer loop
      vertex -3.11842 0.604255 0.0202942
      vertex -3.98079 1.79111 -1.39475
      vertex -3.55815 0.293318 1.5
    endloop
  endfacet
  facet normal 0.539076 0.777585 0.323663
    outer loop
      vertex -3.98079 1.79111 -1.39475
      vertex -3.11842 0.604255 0.0202942
      vertex -3.96607 1.80302 -1.44788
    endloop
  endfacet
  facet normal 0.539141 0.777564 0.323607
    outer loop
      vertex -3.55815 0.293318 1.5
      vertex -4.16907 1.63883 -0.715186
      vertex -4.38569 1.46364 0.0666579
    endloop
  endfacet
  facet normal 0.53913 0.777569 0.323613
    outer loop
      vertex -4.16907 1.63883 -0.715186
      vertex -3.55815 0.293318 1.5
      vertex -3.98079 1.79111 -1.39475
    endloop
  endfacet
  facet normal -0.408248 0.577349 0.707108
    outer loop
      vertex -2.86323 0.891083 -0.0665654
      vertex -3.11842 0.604255 0.0202942
      vertex -2.81663 0.817653 0.0202942
    endloop
  endfacet
  facet normal -0.408252 0.577351 0.707104
    outer loop
      vertex -2.90448 0.978748 -0.16196
      vertex -3.11842 0.604255 0.0202942
      vertex -2.86323 0.891083 -0.0665654
    endloop
  endfacet
  facet normal -0.408298 0.577361 0.70707
    outer loop
      vertex -2.914 1.00805 -0.191384
      vertex -3.11842 0.604255 0.0202942
      vertex -2.90448 0.978748 -0.16196
    endloop
  endfacet
  facet normal -0.408985 0.576828 0.707107
    outer loop
      vertex -3.65985 2.05068 -1.47331
      vertex -2.914 1.00805 -0.191384
      vertex -3.65438 2.05511 -1.47376
    endloop
  endfacet
  facet normal -0.408246 0.577354 0.707105
    outer loop
      vertex -2.914 1.00805 -0.191384
      vertex -3.65985 2.05068 -1.47331
      vertex -3.11842 0.604255 0.0202942
    endloop
  endfacet
  facet normal -0.408245 0.577354 0.707105
    outer loop
      vertex -3.95557 1.81151 -1.44876
      vertex -3.11842 0.604255 0.0202942
      vertex -3.65985 2.05068 -1.47331
    endloop
  endfacet
  facet normal -0.407814 0.577656 0.707108
    outer loop
      vertex -3.95557 1.81151 -1.44876
      vertex -3.96607 1.80302 -1.44788
      vertex -3.11842 0.604255 0.0202942
    endloop
  endfacet
  facet normal 0.539121 0.777569 0.323627
    outer loop
      vertex -2.33997 1.1547 -1.5
      vertex -2.95271 1.16826 -0.511834
      vertex -2.66377 0.967926 -0.511834
    endloop
  endfacet
  facet normal 0.539096 0.777589 0.323622
    outer loop
      vertex -2.33997 1.1547 -1.5
      vertex -2.66377 0.967926 -0.511834
      vertex -2.64529 0.938809 -0.472657
    endloop
  endfacet
  facet normal 0.53912 0.777571 0.323626
    outer loop
      vertex -2.95271 1.16826 -0.511834
      vertex -2.33997 1.1547 -1.5
      vertex -3.65438 2.05511 -1.47376
    endloop
  endfacet
  facet normal 0.539122 0.777575 0.323611
    outer loop
      vertex -3.65438 2.05511 -1.47376
      vertex -2.33997 1.1547 -1.5
      vertex -3.64711 2.06099 -1.5
    endloop
  endfacet
  facet normal 0.539133 0.777566 0.323614
    outer loop
      vertex -2.93442 1.07089 -0.308354
      vertex -3.65438 2.05511 -1.47376
      vertex -2.914 1.00805 -0.191384
    endloop
  endfacet
  facet normal 0.539103 0.777576 0.323641
    outer loop
      vertex -2.95257 1.16606 -0.506775
      vertex -3.65438 2.05511 -1.47376
      vertex -2.93442 1.07089 -0.308354
    endloop
  endfacet
  facet normal 0.539602 0.777435 0.323149
    outer loop
      vertex -3.65438 2.05511 -1.47376
      vertex -2.95257 1.16606 -0.506775
      vertex -2.95271 1.16826 -0.511834
    endloop
  endfacet
  facet normal 0.942956 -0.0781045 0.323625
    outer loop
      vertex 3.80298 -4.27755 -1.5
      vertex 3.93653 -2.6652 -1.5
      vertex 3.30039 -4.04601 0.0202942
    endloop
  endfacet
  facet normal 0.295874 0.642229 0.707107
    outer loop
      vertex 3.93653 -2.6652 -1.5
      vertex 3.57319 -2.49781 -1.5
      vertex 2.93706 -3.87862 0.0202942
    endloop
  endfacet
  facet normal 0.29588 0.642225 0.707108
    outer loop
      vertex 3.30039 -4.04601 0.0202942
      vertex 3.93653 -2.6652 -1.5
      vertex 2.93706 -3.87862 0.0202942
    endloop
  endfacet
  facet normal 0.942952 -0.0781568 0.323626
    outer loop
      vertex 3.57319 -2.49781 -1.5
      vertex 3.43005 -1.98034 -0.957961
      vertex 3.26305 -1.88392 -0.448086
    endloop
  endfacet
  facet normal 0.942965 -0.0781221 0.323596
    outer loop
      vertex 3.43005 -1.98034 -0.957961
      vertex 3.57319 -2.49781 -1.5
      vertex 3.60757 -2.08283 -1.5
    endloop
  endfacet
  facet normal 0.94296 -0.078123 0.323609
    outer loop
      vertex 3.26305 -1.88392 -0.448086
      vertex 2.44791 -3.65327 1.5
      vertex 3.57319 -2.49781 -1.5
    endloop
  endfacet
  facet normal 0.94296 -0.0781126 0.323613
    outer loop
      vertex 2.93706 -3.87862 0.0202942
      vertex 3.57319 -2.49781 -1.5
      vertex 2.44791 -3.65327 1.5
    endloop
  endfacet
  facet normal -0.691318 0.654809 0.305459
    outer loop
      vertex 1.98648 -3.44069 0
      vertex 3.26305 -1.88392 -0.448086
      vertex 2.50472 -2.3158 -1.23853
    endloop
  endfacet
  facet normal -0.691316 0.654809 0.305462
    outer loop
      vertex 3.26305 -1.88392 -0.448086
      vertex 1.98648 -3.44069 0
      vertex 2.44791 -3.65327 1.5
    endloop
  endfacet
  facet normal -0.908248 0.418433 0
    outer loop
      vertex 2.37937 -1.37373 -0.541709
      vertex 1.52505 -3.22811 1.5
      vertex 2.37937 -1.37373 -0.541708
    endloop
  endfacet
  facet normal 0.295898 0.642215 0.707109
    outer loop
      vertex 2.7626 -1.21561 -0.845674
      vertex 1.52505 -3.22811 1.5
      vertex 2.9544 -1.13648 -0.997803
    endloop
  endfacet
  facet normal 0.295873 0.642229 0.707107
    outer loop
      vertex 1.52505 -3.22811 1.5
      vertex 2.7626 -1.21561 -0.845674
      vertex 2.37937 -1.37373 -0.541708
    endloop
  endfacet
  facet normal 0.295866 0.642233 0.707107
    outer loop
      vertex 2.9544 -1.13648 -0.997803
      vertex 1.98648 -3.44069 1.5
      vertex 3.07001 -1.08878 -1.0895
    endloop
  endfacet
  facet normal 0.295874 0.642229 0.707107
    outer loop
      vertex 1.98648 -3.44069 1.5
      vertex 2.9544 -1.13648 -0.997803
      vertex 1.52505 -3.22811 1.5
    endloop
  endfacet
  facet normal -0.672142 0.665962 0.323603
    outer loop
      vertex 1.67205 -1.62195 -1.5
      vertex 2.23219 -1.28875 -1.02227
      vertex 2.08588 -1.20428 -1.5
    endloop
  endfacet
  facet normal -0.672144 0.665957 0.32361
    outer loop
      vertex 2.23219 -1.28875 -1.02227
      vertex 1.67205 -1.62195 -1.5
      vertex 1.03591 -3.00276 0.0202942
    endloop
  endfacet
  facet normal -0.672139 0.665958 0.323619
    outer loop
      vertex 1.03591 -3.00276 0.0202942
      vertex 2.37937 -1.37373 -0.541709
      vertex 2.23219 -1.28875 -1.02227
    endloop
  endfacet
  facet normal -0.672143 0.665959 0.323609
    outer loop
      vertex 2.37937 -1.37373 -0.541709
      vertex 1.03591 -3.00276 0.0202942
      vertex 1.52505 -3.22811 1.5
    endloop
  endfacet
  facet normal 0.295874 0.642229 0.707107
    outer loop
      vertex 0.761627 -2.64207 -0.192531
      vertex 1.67205 -1.62195 -1.5
      vertex 1.30871 -1.45456 -1.5
    endloop
  endfacet
  facet normal 0.295922 0.642197 0.707116
    outer loop
      vertex 0.747261 -2.71738 -0.118123
      vertex 1.67205 -1.62195 -1.5
      vertex 0.761627 -2.64207 -0.192531
    endloop
  endfacet
  facet normal 0.295789 0.642282 0.707094
    outer loop
      vertex 1.67205 -1.62195 -1.5
      vertex 0.747261 -2.71738 -0.118123
      vertex 0.732603 -2.76249 -0.0710161
    endloop
  endfacet
  facet normal 0.295877 0.642227 0.707108
    outer loop
      vertex 0.732603 -2.76249 -0.0710161
      vertex 1.03591 -3.00276 0.0202942
      vertex 1.67205 -1.62195 -1.5
    endloop
  endfacet
  facet normal 0.295887 0.642235 0.707097
    outer loop
      vertex 0.717322 -2.80952 -0.0219058
      vertex 1.03591 -3.00276 0.0202942
      vertex 0.732603 -2.76249 -0.0710161
    endloop
  endfacet
  facet normal 0.295857 0.642197 0.707143
    outer loop
      vertex 1.03591 -3.00276 0.0202942
      vertex 0.717322 -2.80952 -0.0219058
      vertex 0.699354 -2.84771 0.0202942
    endloop
  endfacet
  facet normal -0.672132 0.665964 0.323622
    outer loop
      vertex 0.169986 -2.60383 -1.5
      vertex 0.768626 -2.47984 -0.511834
      vertex 1.30871 -1.45456 -1.5
    endloop
  endfacet
  facet normal -0.672135 0.665959 0.323625
    outer loop
      vertex 0.169986 -2.60383 -1.5
      vertex 0.523777 -2.72696 -0.511834
      vertex 0.768626 -2.47984 -0.511834
    endloop
  endfacet
  facet normal -0.672139 0.665955 0.323626
    outer loop
      vertex 0.508991 -2.76001 -0.474533
      vertex 0.523777 -2.72696 -0.511834
      vertex 0.169986 -2.60383 -1.5
    endloop
  endfacet
  facet normal -0.674912 0.664363 0.321116
    outer loop
      vertex 0.523777 -2.72696 -0.511834
      vertex 0.508991 -2.76001 -0.474533
      vertex 0.522069 -2.73221 -0.504562
    endloop
  endfacet
  facet normal -0.672132 0.665964 0.323621
    outer loop
      vertex 0.7715 -2.52551 -0.411883
      vertex 1.30871 -1.45456 -1.5
      vertex 0.768626 -2.47984 -0.511834
    endloop
  endfacet
  facet normal -0.672102 0.665979 0.323651
    outer loop
      vertex 0.765416 -2.62221 -0.225537
      vertex 1.30871 -1.45456 -1.5
      vertex 0.7715 -2.52551 -0.411883
    endloop
  endfacet
  facet normal -0.672269 0.665887 0.323495
    outer loop
      vertex 1.30871 -1.45456 -1.5
      vertex 0.765416 -2.62221 -0.225537
      vertex 0.761627 -2.64207 -0.192531
    endloop
  endfacet
  facet normal 0.672127 -0.665968 0.323623
    outer loop
      vertex 2.75354 -5.233 -1.28661
      vertex 3.80298 -4.27755 -1.5
      vertex 3.30039 -4.04601 0.0202942
    endloop
  endfacet
  facet normal 0.672126 -0.665965 0.32363
    outer loop
      vertex 3.80298 -4.27755 -1.5
      vertex 2.75354 -5.233 -1.28661
      vertex 2.82794 -5.26161 -1.5
    endloop
  endfacet
  facet normal -0.295881 -0.642227 0.707107
    outer loop
      vertex 2.93706 -3.87862 0.0202942
      vertex 2.42633 -5.10717 -1.30924
      vertex 3.30039 -4.04601 0.0202942
    endloop
  endfacet
  facet normal -0.295845 -0.642242 0.707107
    outer loop
      vertex 2.42633 -5.10717 -1.30924
      vertex 2.93706 -3.87862 0.0202942
      vertex 2.37938 -5.08911 -1.31248
    endloop
  endfacet
  facet normal -0.295876 -0.642229 0.707106
    outer loop
      vertex 3.30039 -4.04601 0.0202942
      vertex 2.7019 -5.21314 -1.29018
      vertex 2.75354 -5.233 -1.28661
    endloop
  endfacet
  facet normal -0.295876 -0.64223 0.707106
    outer loop
      vertex 2.7019 -5.21314 -1.29018
      vertex 3.30039 -4.04601 0.0202942
      vertex 2.42633 -5.10717 -1.30924
    endloop
  endfacet
  facet normal 0.67214 -0.66596 0.323612
    outer loop
      vertex 1.87566 -4.8954 0.132384
      vertex 2.93706 -3.87862 0.0202942
      vertex 2.44791 -3.65327 1.5
    endloop
  endfacet
  facet normal 0.672139 -0.665959 0.323618
    outer loop
      vertex 2.93706 -3.87862 0.0202942
      vertex 1.87566 -4.8954 0.132384
      vertex 2.15297 -5.00205 -0.663046
    endloop
  endfacet
  facet normal 0.672146 -0.665957 0.323607
    outer loop
      vertex 2.31864 -5.06576 -1.13826
      vertex 2.93706 -3.87862 0.0202942
      vertex 2.15297 -5.00205 -0.663046
    endloop
  endfacet
  facet normal 0.672157 -0.665952 0.323595
    outer loop
      vertex 2.31864 -5.06576 -1.13826
      vertex 2.37938 -5.08911 -1.31248
      vertex 2.93706 -3.87862 0.0202942
    endloop
  endfacet
  facet normal -0.946943 0.0999339 0.30547
    outer loop
      vertex 1.79419 -4.45418 -0.264529
      vertex 1.98648 -3.44069 0
      vertex 1.71561 -4.02863 -0.647341
    endloop
  endfacet
  facet normal -0.946946 0.0999366 0.305462
    outer loop
      vertex 1.87566 -4.8954 0.132384
      vertex 1.98648 -3.44069 0
      vertex 1.79419 -4.45418 -0.264529
    endloop
  endfacet
  facet normal -0.946945 0.0999366 0.305462
    outer loop
      vertex 1.98648 -3.44069 0
      vertex 1.87566 -4.8954 0.132384
      vertex 2.44791 -3.65327 1.5
    endloop
  endfacet
  facet normal 0.90825 -0.418429 0
    outer loop
      vertex 2.82121 -1.62883 -1.5
      vertex 3.07001 -1.08878 -1.0895
      vertex 2.82121 -1.62883 -0.494899
    endloop
  endfacet
  facet normal 0.910757 0.0335672 0.411577
    outer loop
      vertex 1.98648 -3.44069 1.5
      vertex 2.82121 -1.62883 -0.494899
      vertex 3.07001 -1.08878 -1.0895
    endloop
  endfacet
  facet normal 0.908248 -0.418433 0
    outer loop
      vertex 1.98648 -3.44069 0
      vertex 2.82121 -1.62883 -0.494899
      vertex 1.98648 -3.44069 1.5
    endloop
  endfacet
  facet normal 0.908248 -0.418433 -5.93877e-07
    outer loop
      vertex 2.82121 -1.62883 -0.494899
      vertex 1.98648 -3.44069 0
      vertex 2.50472 -2.3158 -1.23853
    endloop
  endfacet
  facet normal 0.908249 -0.41843 0
    outer loop
      vertex 1.40048 -4.71267 0.0995202
      vertex 1.98648 -3.44069 0
      vertex 1.98648 -3.44069 1.5
    endloop
  endfacet
  facet normal 0.908249 -0.41843 -8.63289e-06
    outer loop
      vertex 1.98648 -3.44069 0
      vertex 1.40048 -4.71267 0.0995202
      vertex 1.71561 -4.02863 -0.647341
    endloop
  endfacet
  facet normal 0.908251 -0.418426 0
    outer loop
      vertex 1.13588 -5.28702 -0.532845
      vertex 1.40048 -4.71267 -0.70024
      vertex 1.40048 -4.71267 0.0995202
    endloop
  endfacet
  facet normal 0.908251 -0.418426 0
    outer loop
      vertex 1.40048 -4.71267 -0.70024
      vertex 1.13588 -5.28702 -0.532845
      vertex 1.40048 -4.71267 -1.40048
    endloop
  endfacet
  facet normal 0.945681 -0.0925448 -0.311646
    outer loop
      vertex 1.13588 -5.28702 -0.532845
      vertex 1.40048 -4.71267 0.0995202
      vertex 1.98648 -3.44069 1.5
    endloop
  endfacet
  facet normal 0.908247 -0.418434 7.79485e-06
    outer loop
      vertex 3.07001 -1.08878 -1.0895
      vertex 2.82121 -1.62883 -1.5
      vertex 2.95721 -1.33363 -1.5
    endloop
  endfacet
  facet normal -0.295874 -0.64223 0.707106
    outer loop
      vertex 0.925299 -4.52994 0.066658
      vertex 1.98648 -3.44069 1.5
      vertex 1.52505 -3.22811 1.5
    endloop
  endfacet
  facet normal -0.295876 -0.642229 0.707107
    outer loop
      vertex 1.98648 -3.44069 1.5
      vertex 0.925299 -4.52994 0.066658
      vertex 1.13588 -5.28702 -0.532845
    endloop
  endfacet
  facet normal -0.942953 0.0780863 0.32364
    outer loop
      vertex 0.439251 -4.34302 -1.39475
      vertex 1.03591 -3.00276 0.0202942
      vertex 0.421578 -4.33623 -1.44788
    endloop
  endfacet
  facet normal -0.94296 0.0781237 0.323608
    outer loop
      vertex 1.03591 -3.00276 0.0202942
      vertex 0.439251 -4.34302 -1.39475
      vertex 1.52505 -3.22811 1.5
    endloop
  endfacet
  facet normal -0.94296 0.07812 0.323609
    outer loop
      vertex 0.665266 -4.42994 -0.715186
      vertex 1.52505 -3.22811 1.5
      vertex 0.439251 -4.34302 -1.39475
    endloop
  endfacet
  facet normal -0.94296 0.0781185 0.32361
    outer loop
      vertex 0.925299 -4.52994 0.0666576
      vertex 1.52505 -3.22811 1.5
      vertex 0.665266 -4.42994 -0.715186
    endloop
  endfacet
  facet normal -0.908249 0.418429 0
    outer loop
      vertex 1.52505 -3.22811 1.5
      vertex 0.925299 -4.52994 0.0666576
      vertex 0.925299 -4.52994 0.066658
    endloop
  endfacet
  facet normal -0.295871 -0.642227 0.70711
    outer loop
      vertex 0.67607 -2.89719 -0.0343882
      vertex 1.03591 -3.00276 0.0202942
      vertex 0.699354 -2.84771 0.0202942
    endloop
  endfacet
  facet normal -0.295873 -0.642241 0.707097
    outer loop
      vertex 0.624156 -2.97899 -0.130408
      vertex 1.03591 -3.00276 0.0202942
      vertex 0.67607 -2.89719 -0.0343882
    endloop
  endfacet
  facet normal -0.295881 -0.64221 0.707121
    outer loop
      vertex 0.584102 -3.02741 -0.191143
      vertex 1.03591 -3.00276 0.0202942
      vertex 0.624156 -2.97899 -0.130408
    endloop
  endfacet
  facet normal -0.295872 -0.642232 0.707105
    outer loop
      vertex 0.584102 -3.02741 -0.191143
      vertex 0.0539842 -4.19487 -1.47331
      vertex 1.03591 -3.00276 0.0202942
    endloop
  endfacet
  facet normal -0.295775 -0.642276 0.707106
    outer loop
      vertex 0.0539842 -4.19487 -1.47331
      vertex 0.584102 -3.02741 -0.191143
      vertex 0.0474145 -4.19234 -1.47376
    endloop
  endfacet
  facet normal -0.295887 -0.642222 0.707108
    outer loop
      vertex 0.0539842 -4.19487 -1.47331
      vertex 0.421578 -4.33623 -1.44788
      vertex 1.03591 -3.00276 0.0202942
    endloop
  endfacet
  facet normal 0 0.177053 0.984201
    outer loop
      vertex 0.421578 -4.33623 -1.44788
      vertex 0.0539842 -4.19487 -1.47331
      vertex 0.421577 -4.33623 -1.44788
    endloop
  endfacet
  facet normal -0.942957 0.078106 0.323624
    outer loop
      vertex 0.169986 -2.60383 -1.5
      vertex 0.493455 -2.79302 -0.511834
      vertex 0.508991 -2.76001 -0.474533
    endloop
  endfacet
  facet normal -0.942957 0.0781045 0.323624
    outer loop
      vertex 0.169986 -2.60383 -1.5
      vertex 0.464748 -3.1396 -0.511834
      vertex 0.493455 -2.79302 -0.511834
    endloop
  endfacet
  facet normal -0.942955 0.0781055 0.323627
    outer loop
      vertex 0.0474145 -4.19234 -1.47376
      vertex 0.169986 -2.60383 -1.5
      vertex 0.0386871 -4.18898 -1.5
    endloop
  endfacet
  facet normal -0.942956 0.0781056 0.323624
    outer loop
      vertex 0.169986 -2.60383 -1.5
      vertex 0.0474145 -4.19234 -1.47376
      vertex 0.464748 -3.1396 -0.511834
    endloop
  endfacet
  facet normal -0.942959 0.0781171 0.323613
    outer loop
      vertex 0.464748 -3.1396 -0.511834
      vertex 0.0474145 -4.19234 -1.47376
      vertex 0.491772 -3.11996 -0.437831
    endloop
  endfacet
  facet normal -0.942956 0.0781031 0.323626
    outer loop
      vertex 0.491772 -3.11996 -0.437831
      vertex 0.0474145 -4.19234 -1.47376
      vertex 0.562399 -3.05364 -0.248049
    endloop
  endfacet
  facet normal -0.942955 0.0781001 0.323628
    outer loop
      vertex 0.562399 -3.05364 -0.248049
      vertex 0.0474145 -4.19234 -1.47376
      vertex 0.584102 -3.02741 -0.191143
    endloop
  endfacet
  facet normal -0.912768 0.24922 0.323641
    outer loop
      vertex 2.62398 0.911637 -0.511834
      vertex 2.64529 0.938809 -0.472657
      vertex 2.33997 1.1547 -1.5
    endloop
  endfacet
  facet normal -0.912755 0.249787 0.323241
    outer loop
      vertex 2.64529 0.938809 -0.472657
      vertex 2.62398 0.911637 -0.511834
      vertex 2.64142 0.932714 -0.478875
    endloop
  endfacet
  facet normal -0.912809 0.249096 0.323623
    outer loop
      vertex 2.33997 1.1547 -1.5
      vertex 2.53171 0.573515 -0.511834
      vertex 2.62398 0.911637 -0.511834
    endloop
  endfacet
  facet normal -0.91281 0.249093 0.323621
    outer loop
      vertex 2.53171 0.573515 -0.511834
      vertex 2.33997 1.1547 -1.5
      vertex 1.91405 -0.406096 -1.5
    endloop
  endfacet
  facet normal -0.912808 0.249073 0.323643
    outer loop
      vertex 2.60055 0.611357 -0.34681
      vertex 1.91405 -0.406096 -1.5
      vertex 2.66831 0.660586 -0.193585
    endloop
  endfacet
  facet normal -0.912807 0.249042 0.32367
    outer loop
      vertex 1.91405 -0.406096 -1.5
      vertex 2.60055 0.611357 -0.34681
      vertex 2.53171 0.573515 -0.511834
    endloop
  endfacet
  facet normal -0.408249 -0.57735 0.707106
    outer loop
      vertex 2.24068 -0.637059 -1.5
      vertex 3.11842 0.604255 0.0202942
      vertex 1.91405 -0.406096 -1.5
    endloop
  endfacet
  facet normal -0.408176 -0.577247 0.707233
    outer loop
      vertex 2.81131 0.809279 0.0103889
      vertex 3.11842 0.604255 0.0202942
      vertex 2.81663 0.817653 0.0202942
    endloop
  endfacet
  facet normal -0.408252 -0.577369 0.70709
    outer loop
      vertex 2.74956 0.734628 -0.0862194
      vertex 3.11842 0.604255 0.0202942
      vertex 2.81131 0.809279 0.0103889
    endloop
  endfacet
  facet normal -0.408249 -0.577339 0.707116
    outer loop
      vertex 2.67893 0.668305 -0.181148
      vertex 3.11842 0.604255 0.0202942
      vertex 2.74956 0.734628 -0.0862194
    endloop
  endfacet
  facet normal -0.408221 -0.577496 0.707003
    outer loop
      vertex 2.66831 0.660586 -0.193585
      vertex 3.11842 0.604255 0.0202942
      vertex 2.67893 0.668305 -0.181148
    endloop
  endfacet
  facet normal -0.408251 -0.577348 0.707107
    outer loop
      vertex 3.11842 0.604255 0.0202942
      vertex 2.66831 0.660586 -0.193585
      vertex 1.91405 -0.406096 -1.5
    endloop
  endfacet
  facet normal -0.91281 0.249114 0.323605
    outer loop
      vertex 2.23219 -1.28875 -1.02227
      vertex 2.24068 -0.637059 -1.5
      vertex 2.08588 -1.20428 -1.5
    endloop
  endfacet
  facet normal -0.912804 0.249122 0.323615
    outer loop
      vertex 2.37937 -1.37373 -0.541709
      vertex 2.24068 -0.637059 -1.5
      vertex 2.23219 -1.28875 -1.02227
    endloop
  endfacet
  facet normal -0.912809 0.249113 0.323609
    outer loop
      vertex 2.24068 -0.637059 -1.5
      vertex 2.37937 -1.37373 -0.541709
      vertex 3.55815 0.293318 1.5
    endloop
  endfacet
  facet normal -0.816497 0.57735 0
    outer loop
      vertex 3.55815 0.293318 1.5
      vertex 2.37937 -1.37373 -0.541709
      vertex 2.37937 -1.37373 -0.541708
    endloop
  endfacet
  facet normal -0.912809 0.249112 0.32361
    outer loop
      vertex 3.55815 0.293318 1.5
      vertex 3.11842 0.604255 0.0202942
      vertex 2.24068 -0.637059 -1.5
    endloop
  endfacet
  facet normal 0.560013 -0.770111 0.305475
    outer loop
      vertex 2.9544 -1.13648 -0.997803
      vertex 3.97297 0 0
      vertex 2.7626 -1.21561 -0.845674
    endloop
  endfacet
  facet normal 0.560022 -0.770109 0.305462
    outer loop
      vertex 3.07001 -1.08878 -1.0895
      vertex 3.97297 0 0
      vertex 2.9544 -1.13648 -0.997803
    endloop
  endfacet
  facet normal 0.560048 -0.770098 0.305445
    outer loop
      vertex 3.10694 -1.22474 -1.5
      vertex 3.07001 -1.08878 -1.0895
      vertex 2.95721 -1.33363 -1.5
    endloop
  endfacet
  facet normal 0.560037 -0.770105 0.305446
    outer loop
      vertex 3.07001 -1.08878 -1.0895
      vertex 3.10694 -1.22474 -1.5
      vertex 3.97297 0 0
    endloop
  endfacet
  facet normal 0.560021 -0.770109 0.305463
    outer loop
      vertex 2.37937 -1.37373 -0.541708
      vertex 3.97297 0 0
      vertex 3.55815 0.293318 1.5
    endloop
  endfacet
  facet normal 0.560024 -0.77011 0.305456
    outer loop
      vertex 3.97297 0 0
      vertex 2.37937 -1.37373 -0.541708
      vertex 2.7626 -1.21561 -0.845674
    endloop
  endfacet
  facet normal -0.816498 0.577349 3.04191e-06
    outer loop
      vertex 3.10694 -1.22474 -1.5
      vertex 2.82121 -1.62883 -0.494899
      vertex 3.97297 0 1.5
    endloop
  endfacet
  facet normal -0.816501 0.577344 0
    outer loop
      vertex 2.82121 -1.62883 -0.494899
      vertex 3.10694 -1.22474 -1.5
      vertex 2.82121 -1.62883 -1.5
    endloop
  endfacet
  facet normal -0.816494 0.577354 0
    outer loop
      vertex 3.97297 0 1.5
      vertex 3.97297 0 0
      vertex 3.10694 -1.22474 -1.5
    endloop
  endfacet
  facet normal -0.408244 -0.577352 0.707108
    outer loop
      vertex 2.82121 -1.62883 -0.494899
      vertex 3.26305 -1.88392 -0.448086
      vertex 3.97297 0 1.5
    endloop
  endfacet
  facet normal -0.408244 -0.577351 0.707109
    outer loop
      vertex 3.26305 -1.88392 -0.448086
      vertex 2.82121 -1.62883 -0.494899
      vertex 2.50472 -2.3158 -1.23853
    endloop
  endfacet
  facet normal -0.408251 -0.577349 0.707106
    outer loop
      vertex 3.26305 -1.88392 -0.448086
      vertex 4.38778 -0.293318 1.5
      vertex 3.97297 0 1.5
    endloop
  endfacet
  facet normal 0.539126 -0.777581 0.323593
    outer loop
      vertex 3.94977 -1.84557 -1.5
      vertex 3.43005 -1.98034 -0.957961
      vertex 3.60757 -2.08283 -1.5
    endloop
  endfacet
  facet normal 0.539138 -0.777565 0.323609
    outer loop
      vertex 3.43005 -1.98034 -0.957961
      vertex 3.94977 -1.84557 -1.5
      vertex 4.82751 -0.604255 0.0202942
    endloop
  endfacet
  facet normal 0.539134 -0.777567 0.32361
    outer loop
      vertex 3.26305 -1.88392 -0.448086
      vertex 4.82751 -0.604255 0.0202942
      vertex 4.38778 -0.293318 1.5
    endloop
  endfacet
  facet normal 0.539129 -0.777566 0.323623
    outer loop
      vertex 4.82751 -0.604255 0.0202942
      vertex 3.26305 -1.88392 -0.448086
      vertex 3.43005 -1.98034 -0.957961
    endloop
  endfacet
  facet normal -0.408246 -0.577353 0.707106
    outer loop
      vertex 4.2764 -2.07653 -1.5
      vertex 5.15414 -0.835217 0.0202942
      vertex 3.94977 -1.84557 -1.5
    endloop
  endfacet
  facet normal -0.408248 -0.577351 0.707106
    outer loop
      vertex 5.15414 -0.835217 0.0202942
      vertex 4.82751 -0.604255 0.0202942
      vertex 3.94977 -1.84557 -1.5
    endloop
  endfacet
  facet normal 0.539118 -0.777572 0.323625
    outer loop
      vertex 5.60596 -1.1547 -1.5
      vertex 5.15414 -0.835217 0.0202942
      vertex 4.2764 -2.07653 -1.5
    endloop
  endfacet
  facet normal -0.539118 0.777572 0.323625
    outer loop
      vertex 2.33997 1.1547 -1.5
      vertex 2.95271 1.16826 -0.511834
      vertex 3.66953 2.07653 -1.5
    endloop
  endfacet
  facet normal -0.5396 0.777436 0.32315
    outer loop
      vertex 2.95257 1.16606 -0.506775
      vertex 3.66953 2.07653 -1.5
      vertex 2.95271 1.16826 -0.511834
    endloop
  endfacet
  facet normal -0.539098 0.777579 0.323643
    outer loop
      vertex 2.93442 1.07089 -0.308354
      vertex 3.66953 2.07653 -1.5
      vertex 2.95257 1.16606 -0.506775
    endloop
  endfacet
  facet normal -0.539127 0.777569 0.323617
    outer loop
      vertex 3.66953 2.07653 -1.5
      vertex 2.93442 1.07089 -0.308354
      vertex 2.914 1.00805 -0.191384
    endloop
  endfacet
  facet normal -0.539096 0.777589 0.323622
    outer loop
      vertex 2.66377 0.967926 -0.511834
      vertex 2.33997 1.1547 -1.5
      vertex 2.64529 0.938809 -0.472657
    endloop
  endfacet
  facet normal -0.539121 0.777569 0.323627
    outer loop
      vertex 2.95271 1.16826 -0.511834
      vertex 2.33997 1.1547 -1.5
      vertex 2.66377 0.967926 -0.511834
    endloop
  endfacet
  facet normal 0.408248 0.577351 0.707106
    outer loop
      vertex 2.86639 0.8978 -0.073875
      vertex 3.11842 0.604255 0.0202942
      vertex 3.99616 1.84557 -1.5
    endloop
  endfacet
  facet normal 0.408286 0.577371 0.707068
    outer loop
      vertex 2.86323 0.891083 -0.0665654
      vertex 3.11842 0.604255 0.0202942
      vertex 2.86639 0.8978 -0.073875
    endloop
  endfacet
  facet normal 0.408248 0.577349 0.707108
    outer loop
      vertex 3.11842 0.604255 0.0202942
      vertex 2.86323 0.891083 -0.0665654
      vertex 2.81663 0.817653 0.0202942
    endloop
  endfacet
  facet normal 0.408246 0.577352 0.707107
    outer loop
      vertex 2.914 1.00805 -0.191384
      vertex 3.99616 1.84557 -1.5
      vertex 3.66953 2.07653 -1.5
    endloop
  endfacet
  facet normal 0.408172 0.577423 0.707091
    outer loop
      vertex 2.90448 0.978748 -0.16196
      vertex 3.99616 1.84557 -1.5
      vertex 2.914 1.00805 -0.191384
    endloop
  endfacet
  facet normal 0.40825 0.577349 0.707107
    outer loop
      vertex 3.99616 1.84557 -1.5
      vertex 2.90448 0.978748 -0.16196
      vertex 2.86639 0.8978 -0.073875
    endloop
  endfacet
  facet normal -0.539134 0.777567 0.32361
    outer loop
      vertex 4.9018 2.19352 -0.827266
      vertex 3.11842 0.604255 0.0202942
      vertex 3.55815 0.293318 1.5
    endloop
  endfacet
  facet normal -0.539125 0.777566 0.323628
    outer loop
      vertex 3.11842 0.604255 0.0202942
      vertex 4.9018 2.19352 -0.827266
      vertex 4.67663 2.13863 -1.07049
    endloop
  endfacet
  facet normal -0.539139 0.777562 0.323614
    outer loop
      vertex 3.99616 1.84557 -1.5
      vertex 4.67663 2.13863 -1.07049
      vertex 4.27901 2.04169 -1.5
    endloop
  endfacet
  facet normal -0.539137 0.777565 0.323609
    outer loop
      vertex 4.67663 2.13863 -1.07049
      vertex 3.99616 1.84557 -1.5
      vertex 3.11842 0.604255 0.0202942
    endloop
  endfacet
  facet normal 0.912741 -0.271286 0.305464
    outer loop
      vertex 3.97297 0 0
      vertex 4.83899 1.22474 -1.5
      vertex 3.55815 0.293318 1.5
    endloop
  endfacet
  facet normal 0.912741 -0.271292 0.305459
    outer loop
      vertex 4.9018 2.19352 -0.827266
      vertex 4.83899 1.22474 -1.5
      vertex 5.05223 1.94217 -1.5
    endloop
  endfacet
  facet normal 0.912739 -0.271293 0.305462
    outer loop
      vertex 4.83899 1.22474 -1.5
      vertex 4.9018 2.19352 -0.827266
      vertex 3.55815 0.293318 1.5
    endloop
  endfacet
  facet normal -0.816489 0.577361 2.78107e-05
    outer loop
      vertex 3.97297 0 0
      vertex 5.57517 2.26585 -1.27509
      vertex 5.53455 2.20841 -1.35237
    endloop
  endfacet
  facet normal -0.816496 0.577351 0
    outer loop
      vertex 5.57517 2.26585 -1.27509
      vertex 3.97297 0 0
      vertex 3.97297 0 1.5
    endloop
  endfacet
  facet normal -0.816496 0.577351 -5.33805e-06
    outer loop
      vertex 4.83899 1.22474 -1.5
      vertex 5.53455 2.20841 -1.35237
      vertex 5.45696 2.09868 -1.5
    endloop
  endfacet
  facet normal -0.816497 0.57735 1.11458e-06
    outer loop
      vertex 5.53455 2.20841 -1.35237
      vertex 4.83899 1.22474 -1.5
      vertex 3.97297 0 0
    endloop
  endfacet
  facet normal 0.408252 0.577356 0.7071
    outer loop
      vertex 5.57517 2.26585 -1.27509
      vertex 6.11983 2.15617 -1.5
      vertex 5.84724 2.34892 -1.5
    endloop
  endfacet
  facet normal 0.408253 0.577348 0.707107
    outer loop
      vertex 5.57517 2.26585 -1.27509
      vertex 4.38778 -0.293318 1.5
      vertex 6.11983 2.15617 -1.5
    endloop
  endfacet
  facet normal 0.408251 0.577348 0.707107
    outer loop
      vertex 4.38778 -0.293318 1.5
      vertex 5.57517 2.26585 -1.27509
      vertex 3.97297 0 1.5
    endloop
  endfacet
  facet normal 0.912809 -0.249112 0.32361
    outer loop
      vertex 4.82751 -0.604255 0.0202942
      vertex 5.70525 0.637059 -1.5
      vertex 4.38778 -0.293318 1.5
    endloop
  endfacet
  facet normal 0.912808 -0.249114 0.323609
    outer loop
      vertex 5.70525 0.637059 -1.5
      vertex 6.11983 2.15617 -1.5
      vertex 4.38778 -0.293318 1.5
    endloop
  endfacet
  facet normal 0.408248 0.577351 0.707106
    outer loop
      vertex 5.15414 -0.835217 0.0202942
      vertex 6.03188 0.406096 -1.5
      vertex 4.82751 -0.604255 0.0202942
    endloop
  endfacet
  facet normal 0.408249 0.57735 0.707106
    outer loop
      vertex 6.03188 0.406096 -1.5
      vertex 5.70525 0.637059 -1.5
      vertex 4.82751 -0.604255 0.0202942
    endloop
  endfacet
  facet normal 0.912808 -0.249093 0.323626
    outer loop
      vertex 5.60596 -1.1547 -1.5
      vertex 6.03188 0.406096 -1.5
      vertex 5.15414 -0.835217 0.0202942
    endloop
  endfacet
  facet normal 0.240671 -0.915063 0.323631
    outer loop
      vertex -2.10108 1.81673 -0.511834
      vertex -2.16999 1.44912 -1.5
      vertex -1.76231 1.90583 -0.511834
    endloop
  endfacet
  facet normal 0.240844 -0.915026 0.323606
    outer loop
      vertex -2.16999 1.44912 -1.5
      vertex -2.10108 1.81673 -0.511834
      vertex -2.13571 1.8211 -0.473704
    endloop
  endfacet
  facet normal 0.240697 -0.915053 0.323641
    outer loop
      vertex -1.85867 1.96083 -0.284656
      vertex -0.605332 1.86066 -1.5
      vertex -1.90908 1.98079 -0.190731
    endloop
  endfacet
  facet normal 0.240643 -0.915085 0.323589
    outer loop
      vertex -1.77377 1.91416 -0.479773
      vertex -0.605332 1.86066 -1.5
      vertex -1.85867 1.96083 -0.284656
    endloop
  endfacet
  facet normal 0.240841 -0.914956 0.323808
    outer loop
      vertex -1.76231 1.90583 -0.511834
      vertex -0.605332 1.86066 -1.5
      vertex -1.77377 1.91416 -0.479773
    endloop
  endfacet
  facet normal 0.240682 -0.915062 0.323627
    outer loop
      vertex -0.605332 1.86066 -1.5
      vertex -1.76231 1.90583 -0.511834
      vertex -2.16999 1.44912 -1.5
    endloop
  endfacet
  facet normal 0.704124 -0.064878 0.707107
    outer loop
      vertex -0.568628 2.25901 -1.5
      vertex -1.90908 1.98079 -0.190731
      vertex -0.605332 1.86066 -1.5
    endloop
  endfacet
  facet normal 0.704124 -0.0648804 0.707107
    outer loop
      vertex -2.08251 2.3985 0.0202942
      vertex -1.90908 1.98079 -0.190731
      vertex -0.568628 2.25901 -1.5
    endloop
  endfacet
  facet normal 0.704145 -0.0648619 0.707088
    outer loop
      vertex -1.90908 1.98079 -0.190731
      vertex -2.08251 2.3985 0.0202942
      vertex -1.94875 1.9965 -0.149785
    endloop
  endfacet
  facet normal 0.704134 -0.0648698 0.707098
    outer loop
      vertex -1.94875 1.9965 -0.149785
      vertex -2.08251 2.3985 0.0202942
      vertex -2.04259 2.02059 -0.0541283
    endloop
  endfacet
  facet normal 0.704115 -0.0648754 0.707116
    outer loop
      vertex -2.04259 2.02059 -0.0541283
      vertex -2.08251 2.3985 0.0202942
      vertex -2.11647 2.02992 0.0202942
    endloop
  endfacet
  facet normal 0.240668 -0.91507 0.323613
    outer loop
      vertex -0.568628 2.25901 -1.5
      vertex 0 2.74746 -0.541709
      vertex -2.0331 2.93479 1.5
    endloop
  endfacet
  facet normal 0.240666 -0.91507 0.323614
    outer loop
      vertex 0 2.74746 -0.541709
      vertex -0.568628 2.25901 -1.5
      vertex 7.01798e-07 2.57751 -1.02227
    endloop
  endfacet
  facet normal 0.240665 -0.91507 0.323616
    outer loop
      vertex 7.01798e-07 2.57751 -1.02227
      vertex -0.568628 2.25901 -1.5
      vertex 0 2.40856 -1.5
    endloop
  endfacet
  facet normal 0.240668 -0.91507 0.323613
    outer loop
      vertex -0.568628 2.25901 -1.5
      vertex -2.0331 2.93479 1.5
      vertex -2.08251 2.3985 0.0202942
    endloop
  endfacet
  facet normal 0.386915 0.870059 0.305442
    outer loop
      vertex -0.492982 3.12682 -0.997804
      vertex -1.98648 3.44069 0
      vertex -0.328549 3.00029 -0.845674
    endloop
  endfacet
  facet normal 0.386946 0.870025 0.305499
    outer loop
      vertex -0.592098 3.2031 -1.0895
      vertex -1.98648 3.44069 0
      vertex -0.492982 3.12682 -0.997804
    endloop
  endfacet
  facet normal 0.386929 0.870049 0.305452
    outer loop
      vertex -0.492809 3.30306 -1.5
      vertex -0.592098 3.2031 -1.0895
      vertex -0.323647 3.22783 -1.5
    endloop
  endfacet
  facet normal 0.386913 0.870057 0.30545
    outer loop
      vertex -0.592098 3.2031 -1.0895
      vertex -0.492809 3.30306 -1.5
      vertex -1.98648 3.44069 0
    endloop
  endfacet
  facet normal 0.386923 0.870047 0.305464
    outer loop
      vertex 0 2.74746 -0.541709
      vertex -1.98648 3.44069 0
      vertex -2.0331 2.93479 1.5
    endloop
  endfacet
  facet normal 0.386923 0.870047 0.305465
    outer loop
      vertex -1.98648 3.44069 0
      vertex 0 2.74746 -0.541709
      vertex -0.328549 3.00029 -0.845674
    endloop
  endfacet
  facet normal -0.091755 -0.995782 -7.67773e-07
    outer loop
      vertex -0.492809 3.30306 -1.5
      vertex 0 3.25765 -0.494898
      vertex -1.98648 3.44069 1.5
    endloop
  endfacet
  facet normal -0.0917565 -0.995781 -0
    outer loop
      vertex 0 3.25765 -0.494898
      vertex -0.492809 3.30306 -1.5
      vertex 0 3.25765 -1.5
    endloop
  endfacet
  facet normal -0.0917534 -0.995782 0
    outer loop
      vertex -0.492809 3.30306 -1.5
      vertex -1.98648 3.44069 1.5
      vertex -1.98648 3.44069 0
    endloop
  endfacet
  facet normal 0.704111 -0.0649169 0.707116
    outer loop
      vertex 0.345905 3.56541 -0.811107
      vertex 0.665897 3.31901 -1.15236
      vertex 0.753176 3.32705 -1.23853
    endloop
  endfacet
  facet normal 0.704124 -0.0648772 0.707107
    outer loop
      vertex 0 3.25765 -0.494898
      vertex 0.345905 3.56541 -0.811107
      vertex 0 3.76785 -0.448087
    endloop
  endfacet
  facet normal 0.704126 -0.0648815 0.707105
    outer loop
      vertex 0.345905 3.56541 -0.811107
      vertex 0 3.25765 -0.494898
      vertex 0.665897 3.31901 -1.15236
    endloop
  endfacet
  facet normal 0.704125 -0.064873 0.707107
    outer loop
      vertex -1.98648 3.44069 1.5
      vertex 0 3.76785 -0.448087
      vertex -1.93987 3.94659 1.5
    endloop
  endfacet
  facet normal 0.704125 -0.0648772 0.707106
    outer loop
      vertex 0 3.76785 -0.448087
      vertex -1.98648 3.44069 1.5
      vertex 0 3.25765 -0.494898
    endloop
  endfacet
  facet normal 0.403813 0.855694 0.323609
    outer loop
      vertex -0.376574 4.34338 -1.5
      vertex -3.02363e-07 3.96068 -0.957961
      vertex 0 4.16567 -1.5
    endloop
  endfacet
  facet normal 0.403818 0.855693 0.323605
    outer loop
      vertex -3.02363e-07 3.96068 -0.957961
      vertex -0.376574 4.34338 -1.5
      vertex -1.89046 4.48287 0.0202942
    endloop
  endfacet
  facet normal 0.403821 0.855691 0.323607
    outer loop
      vertex 0 3.76785 -0.448087
      vertex -1.89046 4.48287 0.0202942
      vertex -1.93987 3.94659 1.5
    endloop
  endfacet
  facet normal 0.403822 0.855688 0.323614
    outer loop
      vertex -1.89046 4.48287 0.0202942
      vertex 0 3.76785 -0.448087
      vertex -3.02363e-07 3.96068 -0.957961
    endloop
  endfacet
  facet normal 0.704124 -0.0648782 0.707107
    outer loop
      vertex -0.376574 4.34338 -1.5
      vertex -0.339869 4.74174 -1.5
      vertex -1.85375 4.88123 0.0202942
    endloop
  endfacet
  facet normal 0.704122 -0.0648869 0.707108
    outer loop
      vertex -0.376574 4.34338 -1.5
      vertex -1.85375 4.88123 0.0202942
      vertex -1.89046 4.48287 0.0202942
    endloop
  endfacet
  facet normal 0.403835 0.855679 0.323621
    outer loop
      vertex -0.339869 4.74174 -1.5
      vertex -1.80298 5.43225 -1.5
      vertex -1.85375 4.88123 0.0202942
    endloop
  endfacet
  facet normal -0.403838 -0.855674 0.32363
    outer loop
      vertex -2.16999 1.44912 -1.5
      vertex -2.48665 1.97231 -0.511834
      vertex -3.6331 2.13964 -1.5
    endloop
  endfacet
  facet normal -0.40385 -0.855662 0.323646
    outer loop
      vertex -2.42556 1.9965 -0.371651
      vertex -3.6331 2.13964 -1.5
      vertex -2.48665 1.97231 -0.511834
    endloop
  endfacet
  facet normal -0.403789 -0.855718 0.323574
    outer loop
      vertex -3.6331 2.13964 -1.5
      vertex -2.42556 1.9965 -0.371651
      vertex -2.33419 2.01996 -0.195588
    endloop
  endfacet
  facet normal -0.404429 -0.855223 0.324084
    outer loop
      vertex -2.1706 1.82315 -0.511834
      vertex -2.13571 1.8211 -0.473704
      vertex -2.1519 1.82315 -0.488498
    endloop
  endfacet
  facet normal -0.403941 -0.855631 0.323615
    outer loop
      vertex -2.1706 1.82315 -0.511834
      vertex -2.16999 1.44912 -1.5
      vertex -2.13571 1.8211 -0.473704
    endloop
  endfacet
  facet normal -0.403836 -0.855675 0.323631
    outer loop
      vertex -2.48665 1.97231 -0.511834
      vertex -2.16999 1.44912 -1.5
      vertex -2.1706 1.82315 -0.511834
    endloop
  endfacet
  facet normal -0.704188 0.064882 0.707043
    outer loop
      vertex -2.08251 2.3985 0.0202942
      vertex -2.13871 2.03273 -0.00211383
      vertex -2.11647 2.02992 0.0202942
    endloop
  endfacet
  facet normal -0.704109 0.064865 0.707123
    outer loop
      vertex -2.08251 2.3985 0.0202942
      vertex -2.2356 2.03273 -0.0985908
      vertex -2.13871 2.03273 -0.00211383
    endloop
  endfacet
  facet normal -0.70413 0.064881 0.707101
    outer loop
      vertex -2.08251 2.3985 0.0202942
      vertex -2.33172 2.02059 -0.193193
      vertex -2.2356 2.03273 -0.0985908
    endloop
  endfacet
  facet normal -0.703014 0.0634453 0.70834
    outer loop
      vertex -2.08251 2.3985 0.0202942
      vertex -2.33419 2.01996 -0.195588
      vertex -2.33172 2.02059 -0.193193
    endloop
  endfacet
  facet normal -0.704124 0.0648866 0.707106
    outer loop
      vertex -3.59639 2.53799 -1.5
      vertex -2.33419 2.01996 -0.195588
      vertex -2.08251 2.3985 0.0202942
    endloop
  endfacet
  facet normal -0.704123 0.0648886 0.707107
    outer loop
      vertex -2.33419 2.01996 -0.195588
      vertex -3.59639 2.53799 -1.5
      vertex -3.6331 2.13964 -1.5
    endloop
  endfacet
  facet normal -0.403827 -0.855687 0.323611
    outer loop
      vertex -4.35054 3.14832 -0.827265
      vertex -2.08251 2.3985 0.0202942
      vertex -2.0331 2.93479 1.5
    endloop
  endfacet
  facet normal -0.403826 -0.855688 0.323609
    outer loop
      vertex -2.08251 2.3985 0.0202942
      vertex -4.35054 3.14832 -0.827265
      vertex -4.19042 2.98077 -1.07049
    endloop
  endfacet
  facet normal -0.40383 -0.855686 0.323609
    outer loop
      vertex -3.59639 2.53799 -1.5
      vertex -4.19042 2.98077 -1.07049
      vertex -3.90766 2.68489 -1.5
    endloop
  endfacet
  facet normal -0.403827 -0.855686 0.323613
    outer loop
      vertex -4.19042 2.98077 -1.07049
      vertex -3.59639 2.53799 -1.5
      vertex -2.08251 2.3985 0.0202942
    endloop
  endfacet
  facet normal -0.221423 0.926102 0.305462
    outer loop
      vertex -2.0331 2.93479 1.5
      vertex -1.98648 3.44069 0
      vertex -3.48015 3.57832 -1.5
    endloop
  endfacet
  facet normal -0.221427 0.926101 0.305463
    outer loop
      vertex -3.48015 3.57832 -1.5
      vertex -4.35054 3.14832 -0.827265
      vertex -2.0331 2.93479 1.5
    endloop
  endfacet
  facet normal -0.221433 0.926102 0.305455
    outer loop
      vertex -4.35054 3.14832 -0.827265
      vertex -3.48015 3.57832 -1.5
      vertex -4.20808 3.40427 -1.5
    endloop
  endfacet
  facet normal -0.0917518 -0.995782 0
    outer loop
      vertex -4.74987 3.69531 -1.27509
      vertex -1.98648 3.44069 0
      vertex -1.98648 3.44069 1.5
    endloop
  endfacet
  facet normal -0.0917749 -0.99578 5.05276e-05
    outer loop
      vertex -1.98648 3.44069 0
      vertex -4.74987 3.69531 -1.27509
      vertex -4.67982 3.68885 -1.35237
    endloop
  endfacet
  facet normal -0.0917453 -0.995783 -1.89094e-06
    outer loop
      vertex -3.48015 3.57832 -1.5
      vertex -4.67982 3.68885 -1.35237
      vertex -4.54599 3.67652 -1.5
    endloop
  endfacet
  facet normal -0.091746 -0.995782 -7.5112e-06
    outer loop
      vertex -4.67982 3.68885 -1.35237
      vertex -3.48015 3.57832 -1.5
      vertex -1.98648 3.44069 0
    endloop
  endfacet
  facet normal -0.704124 0.0648729 0.707107
    outer loop
      vertex -1.93987 3.94659 1.5
      vertex -4.74987 3.69531 -1.27509
      vertex -1.98648 3.44069 1.5
    endloop
  endfacet
  facet normal -0.704124 0.0648888 0.707106
    outer loop
      vertex -4.92721 4.22184 -1.5
      vertex -4.74987 3.69531 -1.27509
      vertex -1.93987 3.94659 1.5
    endloop
  endfacet
  facet normal -0.704114 0.0648961 0.707115
    outer loop
      vertex -4.74987 3.69531 -1.27509
      vertex -4.92721 4.22184 -1.5
      vertex -4.95785 3.8894 -1.5
    endloop
  endfacet
  facet normal -0.240663 0.915073 0.323608
    outer loop
      vertex -1.93987 3.94659 1.5
      vertex -1.89046 4.48287 0.0202942
      vertex -3.40434 4.62236 -1.5
    endloop
  endfacet
  facet normal -0.240667 0.915072 0.323609
    outer loop
      vertex -1.93987 3.94659 1.5
      vertex -3.40434 4.62236 -1.5
      vertex -4.92721 4.22184 -1.5
    endloop
  endfacet
  facet normal -0.704124 0.064887 0.707106
    outer loop
      vertex -1.89046 4.48287 0.0202942
      vertex -1.85375 4.88123 0.0202942
      vertex -3.36763 5.02072 -1.5
    endloop
  endfacet
  facet normal -0.704124 0.064887 0.707106
    outer loop
      vertex -1.89046 4.48287 0.0202942
      vertex -3.36763 5.02072 -1.5
      vertex -3.40434 4.62236 -1.5
    endloop
  endfacet
  facet normal -0.240678 0.915065 0.323621
    outer loop
      vertex -1.85375 4.88123 0.0202942
      vertex -1.80298 5.43225 -1.5
      vertex -3.36763 5.02072 -1.5
    endloop
  endfacet
  facet normal 0 0 -1
    outer loop
      vertex 13.4445 -2.2509 -1.5
      vertex 14.4788 -0.784408 -1.5
      vertex 13.844 -2.27254 -1.5
    endloop
  endfacet
  facet normal 0 0 -1
    outer loop
      vertex 14.4788 -0.784408 -1.5
      vertex 13.609 0.785235 -1.5
      vertex 14.0085 0.763595 -1.5
    endloop
  endfacet
  facet normal 0 0 -1
    outer loop
      vertex 12.4005 -2.17402 -1.5
      vertex 14.4788 -0.784408 -1.5
      vertex 13.4445 -2.2509 -1.5
    endloop
  endfacet
  facet normal 0 0 -1
    outer loop
      vertex 14.4788 -0.784408 -1.5
      vertex 12.5628 0.821589 -1.5
      vertex 13.609 0.785235 -1.5
    endloop
  endfacet
  facet normal 0 0 -1
    outer loop
      vertex 12.4005 -2.17402 -1.5
      vertex 13.4445 -2.2509 -1.5
      vertex 12.8267 -3.6993 -1.5
    endloop
  endfacet
  facet normal 0 0 -1
    outer loop
      vertex 13.609 0.785235 -1.5
      vertex 12.5628 0.821589 -1.5
      vertex 13.1513 2.29191 -1.5
    endloop
  endfacet
  facet normal -0 0 -1
    outer loop
      vertex 14.4788 -0.784408 -1.5
      vertex 12.4005 -2.17402 -1.5
      vertex 12.5628 0.821589 -1.5
    endloop
  endfacet
  facet normal 0 0 -1
    outer loop
      vertex 10.4846 -0.568019 -1.5
      vertex 12.5628 0.821589 -1.5
      vertex 12.4005 -2.17402 -1.5
    endloop
  endfacet
  facet normal 0 -0 -1
    outer loop
      vertex 12.1367 2.34688 -1.5
      vertex 12.5628 0.821589 -1.5
      vertex 11.5189 0.898472 -1.5
    endloop
  endfacet
  facet normal 0 0 -1
    outer loop
      vertex 11.8121 -3.64434 -1.5
      vertex 12.4005 -2.17402 -1.5
      vertex 12.3194 -3.67182 -1.5
    endloop
  endfacet
  facet normal -0 0 -1
    outer loop
      vertex 12.4005 -2.17402 -1.5
      vertex 11.8121 -3.64434 -1.5
      vertex 11.3544 -2.13766 -1.5
    endloop
  endfacet
  facet normal 0 0 -1
    outer loop
      vertex 12.5628 0.821589 -1.5
      vertex 12.1367 2.34688 -1.5
      vertex 12.644 2.31939 -1.5
    endloop
  endfacet
  facet normal 0 0 -1
    outer loop
      vertex 10.4846 -0.568019 -1.5
      vertex 12.4005 -2.17402 -1.5
      vertex 11.3544 -2.13766 -1.5
    endloop
  endfacet
  facet normal -0 0 -1
    outer loop
      vertex 12.5628 0.821589 -1.5
      vertex 10.4846 -0.568019 -1.5
      vertex 11.5189 0.898472 -1.5
    endloop
  endfacet
  facet normal 0 0 -1
    outer loop
      vertex 10.4846 -0.568019 -1.5
      vertex 11.3544 -2.13766 -1.5
      vertex 10.9549 -2.11602 -1.5
    endloop
  endfacet
  facet normal -0 0 -1
    outer loop
      vertex 11.5189 0.898472 -1.5
      vertex 10.4846 -0.568019 -1.5
      vertex 11.1194 0.920113 -1.5
    endloop
  endfacet
  facet normal 0.905318 0.275045 0.323651
    outer loop
      vertex 14.4788 -0.784408 -1.5
      vertex 14.0085 0.763595 -1.5
      vertex 13.9262 -0.754473 0.0202942
    endloop
  endfacet
  facet normal 0.0382462 0.706071 0.707107
    outer loop
      vertex 13.609 0.785235 -1.5
      vertex 13.9262 -0.754473 0.0202942
      vertex 14.0085 0.763595 -1.5
    endloop
  endfacet
  facet normal 0.0382576 0.706072 0.707106
    outer loop
      vertex 13.9262 -0.754473 0.0202942
      vertex 13.609 0.785235 -1.5
      vertex 13.5268 -0.732832 0.0202942
    endloop
  endfacet
  facet normal 0.905341 0.275026 0.323602
    outer loop
      vertex 13.609 0.785235 -1.5
      vertex 13.1513 2.29191 -1.5
      vertex 12.989 -0.703697 1.5
    endloop
  endfacet
  facet normal 0.905319 0.275076 0.323622
    outer loop
      vertex 13.5268 -0.732832 0.0202942
      vertex 13.609 0.785235 -1.5
      vertex 12.989 -0.703697 1.5
    endloop
  endfacet
  facet normal -0.884065 0.353739 0.305446
    outer loop
      vertex 12.5628 0.821589 -1.5
      vertex 12.5094 -0.165129 -0.511834
      vertex 12.6917 0.290476 -0.511834
    endloop
  endfacet
  facet normal -0.884015 0.353829 0.305488
    outer loop
      vertex 12.6917 0.290476 -0.511834
      vertex 13.1513 2.29191 -1.5
      vertex 12.5628 0.821589 -1.5
    endloop
  endfacet
  facet normal -0.883316 0.354361 0.306889
    outer loop
      vertex 13.1513 2.29191 -1.5
      vertex 12.6917 0.290476 -0.511834
      vertex 12.6935 0.262574 -0.474435
    endloop
  endfacet
  facet normal -0.88407 0.353774 0.305392
    outer loop
      vertex 12.71 0 -0.122497
      vertex 13.1513 2.29191 -1.5
      vertex 12.6935 0.262574 -0.474435
    endloop
  endfacet
  facet normal -0.884006 0.353855 0.305483
    outer loop
      vertex 12.989 -0.703697 1.5
      vertex 12.71 0 -0.122497
      vertex 12.6668 -0.686243 0.547399
    endloop
  endfacet
  facet normal -0.884029 0.353812 0.305468
    outer loop
      vertex 12.71 0 -0.122497
      vertex 12.989 -0.703697 1.5
      vertex 13.1513 2.29191 -1.5
    endloop
  endfacet
  facet normal 0.998534 -0.0541333 7.21167e-06
    outer loop
      vertex 12.5905 1.33267 -0.511834
      vertex 12.5628 0.821589 -1.5
      vertex 12.644 2.31939 -1.5
    endloop
  endfacet
  facet normal 0.998537 -0.0540803 -2.03033e-05
    outer loop
      vertex 12.5628 0.821589 -1.5
      vertex 12.5905 1.33267 -0.511834
      vertex 12.5361 0.32823 -0.511834
    endloop
  endfacet
  facet normal 0.998539 -0.0540397 0
    outer loop
      vertex 12.5628 0.821589 -1.5
      vertex 12.5361 0.32823 -0.511834
      vertex 12.5094 -0.165129 -0.511834
    endloop
  endfacet
  facet normal 0.038021 0.706105 0.707086
    outer loop
      vertex 12.644 2.31939 -1.5
      vertex 12.4156 1.34215 -0.511834
      vertex 12.4234 1.34173 -0.511834
    endloop
  endfacet
  facet normal 0.0382462 0.706071 0.707108
    outer loop
      vertex 12.4173 1.31453 -0.484345
      vertex 12.2048 1.35357 -0.511834
      vertex 12.2969 0.780977 0.0549378
    endloop
  endfacet
  facet normal 0.0382611 0.706071 0.707107
    outer loop
      vertex 12.1367 2.34688 -1.5
      vertex 12.4156 1.34215 -0.511834
      vertex 12.644 2.31939 -1.5
    endloop
  endfacet
  facet normal 0.038251 0.706069 0.707109
    outer loop
      vertex 12.4156 1.34215 -0.511834
      vertex 12.1367 2.34688 -1.5
      vertex 12.2048 1.35357 -0.511834
    endloop
  endfacet
  facet normal 0.0382521 0.706089 0.707089
    outer loop
      vertex 12.2048 1.35357 -0.511834
      vertex 12.4173 1.31453 -0.484345
      vertex 12.4156 1.34215 -0.511834
    endloop
  endfacet
  facet normal 0.0382775 0.70607 0.707107
    outer loop
      vertex 11.9744 -0.64873 1.5
      vertex 12.2048 1.35357 -0.511834
      vertex 12.1367 2.34688 -1.5
    endloop
  endfacet
  facet normal 0.0382466 0.706072 0.707106
    outer loop
      vertex 12.2048 1.35357 -0.511834
      vertex 11.9744 -0.64873 1.5
      vertex 12.2531 0.586649 0.251353
    endloop
  endfacet
  facet normal 0.0382824 0.706069 0.707108
    outer loop
      vertex 12.5905 1.33267 -0.511834
      vertex 12.644 2.31939 -1.5
      vertex 12.4234 1.34173 -0.511834
    endloop
  endfacet
  facet normal 0.0382559 0.706071 0.707107
    outer loop
      vertex 11.9744 -0.64873 1.5
      vertex 12.29 0 0.835146
      vertex 12.2531 0.586649 0.251353
    endloop
  endfacet
  facet normal 0.038245 0.706074 0.707105
    outer loop
      vertex 12.29 0 0.835146
      vertex 11.9744 -0.64873 1.5
      vertex 12.2483 -0.663566 1.5
    endloop
  endfacet
  facet normal 0.0384769 0.706057 0.707109
    outer loop
      vertex 12.5 0 0.823786
      vertex 12.4466 -0.674311 1.5
      vertex 12.4575 -0.674905 1.5
    endloop
  endfacet
  facet normal 0.0382385 0.706073 0.707106
    outer loop
      vertex 12.5 0 0.823786
      vertex 12.4225 0 0.827977
      vertex 12.4466 -0.674311 1.5
    endloop
  endfacet
  facet normal 0.0382429 0.706071 0.707107
    outer loop
      vertex 12.2969 0.780977 0.0549378
      vertex 12.5 0 0.823786
      vertex 12.4173 1.31453 -0.484345
    endloop
  endfacet
  facet normal 0.0382386 0.706071 0.707108
    outer loop
      vertex 12.5 0 0.823786
      vertex 12.2969 0.780977 0.0549378
      vertex 12.4225 0 0.827977
    endloop
  endfacet
  facet normal -0.870338 0.371231 0.323573
    outer loop
      vertex 12.1367 2.34688 -1.5
      vertex 11.5189 0.898472 -1.5
      vertex 11.4366 -0.619596 0.0202942
    endloop
  endfacet
  facet normal -0.87031 0.371251 0.323624
    outer loop
      vertex 11.9744 -0.64873 1.5
      vertex 12.1367 2.34688 -1.5
      vertex 11.4366 -0.619596 0.0202942
    endloop
  endfacet
  facet normal 0.0382481 0.706072 0.707106
    outer loop
      vertex 11.5189 0.898472 -1.5
      vertex 11.1194 0.920113 -1.5
      vertex 11.0372 -0.597955 0.0202942
    endloop
  endfacet
  facet normal 0.0382576 0.70607 0.707107
    outer loop
      vertex 11.4366 -0.619596 0.0202942
      vertex 11.5189 0.898472 -1.5
      vertex 11.0372 -0.597955 0.0202942
    endloop
  endfacet
  facet normal -0.870302 0.371249 0.32365
    outer loop
      vertex 11.0372 -0.597955 0.0202942
      vertex 11.1194 0.920113 -1.5
      vertex 10.4846 -0.568019 -1.5
    endloop
  endfacet
  facet normal 0.870302 -0.371249 0.323649
    outer loop
      vertex 14.4788 -0.784408 -1.5
      vertex 13.9262 -0.754473 0.0202942
      vertex 13.844 -2.27254 -1.5
    endloop
  endfacet
  facet normal -0.0382576 -0.706072 0.707106
    outer loop
      vertex 13.5268 -0.732832 0.0202942
      vertex 13.844 -2.27254 -1.5
      vertex 13.9262 -0.754473 0.0202942
    endloop
  endfacet
  facet normal -0.0382462 -0.706071 0.707107
    outer loop
      vertex 13.844 -2.27254 -1.5
      vertex 13.5268 -0.732832 0.0202942
      vertex 13.4445 -2.2509 -1.5
    endloop
  endfacet
  facet normal 0.87031 -0.371252 0.323624
    outer loop
      vertex 13.5268 -0.732832 0.0202942
      vertex 12.989 -0.703697 1.5
      vertex 12.8267 -3.6993 -1.5
    endloop
  endfacet
  facet normal 0.870337 -0.371233 0.323574
    outer loop
      vertex 13.4445 -2.2509 -1.5
      vertex 13.5268 -0.732832 0.0202942
      vertex 12.8267 -3.6993 -1.5
    endloop
  endfacet
  facet normal -0.91703 -0.256292 0.305566
    outer loop
      vertex 12.454 -1.1873 -0.511834
      vertex 12.4005 -2.17402 -1.5
      vertex 12.5926 -1.68322 -0.511834
    endloop
  endfacet
  facet normal -0.917057 -0.256294 0.305482
    outer loop
      vertex 12.6098 -1.59299 -0.384461
      vertex 12.989 -0.703697 1.5
      vertex 12.6668 -0.686243 0.547399
    endloop
  endfacet
  facet normal -0.917164 -0.256136 0.305295
    outer loop
      vertex 12.8267 -3.6993 -1.5
      vertex 12.6098 -1.59299 -0.384461
      vertex 12.5926 -1.68322 -0.511834
    endloop
  endfacet
  facet normal -0.917049 -0.256246 0.305546
    outer loop
      vertex 12.8267 -3.6993 -1.5
      vertex 12.5926 -1.68322 -0.511834
      vertex 12.4005 -2.17402 -1.5
    endloop
  endfacet
  facet normal -0.917092 -0.25621 0.305449
    outer loop
      vertex 12.6098 -1.59299 -0.384461
      vertex 12.8267 -3.6993 -1.5
      vertex 12.989 -0.703697 1.5
    endloop
  endfacet
  facet normal 0.998537 -0.0540669 -7.3745e-05
    outer loop
      vertex 12.3729 -2.6851 -0.511834
      vertex 12.4005 -2.17402 -1.5
      vertex 12.454 -1.1873 -0.511834
    endloop
  endfacet
  facet normal 0.998537 -0.0540669 -7.3745e-05
    outer loop
      vertex 12.4005 -2.17402 -1.5
      vertex 12.3729 -2.6851 -0.511834
      vertex 12.3194 -3.67182 -1.5
    endloop
  endfacet
  facet normal -0.0382448 -0.706069 0.70711
    outer loop
      vertex 11.9744 -0.64873 1.5
      vertex 12.1931 -1.54035 0.621521
      vertex 12.2483 -0.663566 1.5
    endloop
  endfacet
  facet normal -0.0382704 -0.706071 0.707106
    outer loop
      vertex 12.1931 -1.54035 0.621521
      vertex 11.9744 -0.64873 1.5
      vertex 11.9788 -2.66375 -0.511834
    endloop
  endfacet
  facet normal -0.0384596 -0.706043 0.707124
    outer loop
      vertex 12.1668 -2.02157 0.139579
      vertex 11.8121 -3.64434 -1.5
      vertex 12.2166 -1.85126 0.312337
    endloop
  endfacet
  facet normal -0.0383163 -0.706062 0.707113
    outer loop
      vertex 11.9788 -2.66375 -0.511834
      vertex 11.8121 -3.64434 -1.5
      vertex 12.1668 -2.02157 0.139579
    endloop
  endfacet
  facet normal -0.0382215 -0.706073 0.707107
    outer loop
      vertex 11.8121 -3.64434 -1.5
      vertex 11.9788 -2.66375 -0.511834
      vertex 11.9744 -0.64873 1.5
    endloop
  endfacet
  facet normal -0.0384771 -0.706062 0.707104
    outer loop
      vertex 12.4466 -0.674311 1.5
      vertex 12.4481 -0.825215 1.3494
      vertex 12.4575 -0.674905 1.5
    endloop
  endfacet
  facet normal -0.0383206 -0.706065 0.707109
    outer loop
      vertex 12.371 -1.13914 1.03176
      vertex 12.4481 -0.825215 1.3494
      vertex 12.4466 -0.674311 1.5
    endloop
  endfacet
  facet normal -0.0385339 -0.706034 0.707129
    outer loop
      vertex 12.4481 -0.825215 1.3494
      vertex 12.371 -1.13914 1.03176
      vertex 12.3549 -1.2381 0.932076
    endloop
  endfacet
  facet normal -0.0382509 -0.706073 0.707105
    outer loop
      vertex 12.3549 -1.2381 0.932076
      vertex 12.4014 -1.56666 0.606511
      vertex 12.4481 -0.825215 1.3494
    endloop
  endfacet
  facet normal -0.0382001 -0.706071 0.70711
    outer loop
      vertex 12.3035 -1.5543 0.613564
      vertex 12.4014 -1.56666 0.606511
      vertex 12.3549 -1.2381 0.932076
    endloop
  endfacet
  facet normal -0.0382021 -0.706081 0.7071
    outer loop
      vertex 12.2166 -1.85126 0.312337
      vertex 12.4014 -1.56666 0.606511
      vertex 12.3035 -1.5543 0.613564
    endloop
  endfacet
  facet normal -0.0382146 -0.706077 0.707104
    outer loop
      vertex 12.2166 -1.85126 0.312337
      vertex 12.19 -2.67519 -0.511834
      vertex 12.4014 -1.56666 0.606511
    endloop
  endfacet
  facet normal -0.0382152 -0.706077 0.707104
    outer loop
      vertex 12.19 -2.67519 -0.511834
      vertex 12.2166 -1.85126 0.312337
      vertex 11.8121 -3.64434 -1.5
    endloop
  endfacet
  facet normal -0.0382567 -0.70607 0.707108
    outer loop
      vertex 12.19 -2.67519 -0.511834
      vertex 12.3194 -3.67182 -1.5
      vertex 12.3729 -2.6851 -0.511834
    endloop
  endfacet
  facet normal -0.0382472 -0.70607 0.707109
    outer loop
      vertex 12.3194 -3.67182 -1.5
      vertex 12.19 -2.67519 -0.511834
      vertex 11.8121 -3.64434 -1.5
    endloop
  endfacet
  facet normal -0.905318 -0.275077 0.323622
    outer loop
      vertex 11.9744 -0.64873 1.5
      vertex 11.4366 -0.619596 0.0202942
      vertex 11.3544 -2.13766 -1.5
    endloop
  endfacet
  facet normal -0.905341 -0.275025 0.323602
    outer loop
      vertex 11.8121 -3.64434 -1.5
      vertex 11.9744 -0.64873 1.5
      vertex 11.3544 -2.13766 -1.5
    endloop
  endfacet
  facet normal -0.0382576 -0.706071 0.707107
    outer loop
      vertex 11.4366 -0.619596 0.0202942
      vertex 11.0372 -0.597955 0.0202942
      vertex 10.9549 -2.11602 -1.5
    endloop
  endfacet
  facet normal -0.0382464 -0.706073 0.707105
    outer loop
      vertex 11.3544 -2.13766 -1.5
      vertex 11.4366 -0.619596 0.0202942
      vertex 10.9549 -2.11602 -1.5
    endloop
  endfacet
  facet normal -0.905318 -0.275046 0.323651
    outer loop
      vertex 10.9549 -2.11602 -1.5
      vertex 11.0372 -0.597955 0.0202942
      vertex 10.4846 -0.568019 -1.5
    endloop
  endfacet
  facet normal 0.434455 0.840544 0.323627
    outer loop
      vertex -4.26005 3.52873 -1.5
      vertex -4.74987 3.69531 -1.27509
      vertex -4.66695 3.1537 0.0202942
    endloop
  endfacet
  facet normal 0.434423 0.840605 0.323512
    outer loop
      vertex -4.74987 3.69531 -1.27509
      vertex -4.26005 3.52873 -1.5
      vertex -4.67982 3.68885 -1.35237
    endloop
  endfacet
  facet normal 0.434443 0.840549 0.323631
    outer loop
      vertex -4.67982 3.68885 -1.35237
      vertex -4.26005 3.52873 -1.5
      vertex -4.54599 3.67652 -1.5
    endloop
  endfacet
  facet normal 0.434444 0.84055 0.323626
    outer loop
      vertex -5.6973 4.27159 -1.5
      vertex -4.74987 3.69531 -1.27509
      vertex -4.95785 3.8894 -1.5
    endloop
  endfacet
  facet normal 0.434443 0.840549 0.323631
    outer loop
      vertex -4.74987 3.69531 -1.27509
      vertex -5.6973 4.27159 -1.5
      vertex -4.66695 3.1537 0.0202942
    endloop
  endfacet
  facet normal -0.479231 0.519939 0.707107
    outer loop
      vertex -4.9611 2.88258 0.0202942
      vertex -5.6973 4.27159 -1.5
      vertex -5.99145 4.00047 -1.5
    endloop
  endfacet
  facet normal -0.479231 0.519939 0.707107
    outer loop
      vertex -4.9611 2.88258 0.0202942
      vertex -4.66695 3.1537 0.0202942
      vertex -5.6973 4.27159 -1.5
    endloop
  endfacet
  facet normal 0.434468 0.840544 0.323609
    outer loop
      vertex -5.35711 2.51759 1.5
      vertex -5.99145 4.00047 -1.5
      vertex -7.3903 4.72352 -1.5
    endloop
  endfacet
  facet normal 0.43447 0.840544 0.323608
    outer loop
      vertex -5.35711 2.51759 1.5
      vertex -4.9611 2.88258 0.0202942
      vertex -5.99145 4.00047 -1.5
    endloop
  endfacet
  facet normal -0.870183 -0.386624 0.305456
    outer loop
      vertex -5.73068 2.17327 0
      vertex -7.3903 4.72352 -1.5
      vertex -6.74727 3.27624 -1.5
    endloop
  endfacet
  facet normal -0.870182 -0.38662 0.305463
    outer loop
      vertex -7.3903 4.72352 -1.5
      vertex -5.73068 2.17327 0
      vertex -5.35711 2.51759 1.5
    endloop
  endfacet
  facet normal 0.735312 0.677729 -0
    outer loop
      vertex -5.73068 2.17327 0
      vertex -7.76387 4.37921 -1.5
      vertex -5.73068 2.17327 1.5
    endloop
  endfacet
  facet normal 0.73531 0.677731 4.90207e-06
    outer loop
      vertex -7.76387 4.37921 -1.5
      vertex -5.73068 2.17327 0
      vertex -6.74727 3.27624 -1.5
    endloop
  endfacet
  facet normal -0.479238 0.519935 0.707106
    outer loop
      vertex -6.10425 1.82896 1.5
      vertex -7.76387 4.37921 -1.5
      vertex -8.13743 4.03489 -1.5
    endloop
  endfacet
  facet normal -0.479222 0.519947 0.707107
    outer loop
      vertex -6.10425 1.82896 1.5
      vertex -5.73068 2.17327 1.5
      vertex -7.76387 4.37921 -1.5
    endloop
  endfacet
  facet normal -0.873108 -0.364634 0.323612
    outer loop
      vertex -7.5306 2.58185 -1.5
      vertex -6.50025 1.46396 0.0202942
      vertex -8.13743 4.03489 -1.5
    endloop
  endfacet
  facet normal -0.873108 -0.364637 0.323607
    outer loop
      vertex -6.50025 1.46396 0.0202942
      vertex -6.10425 1.82896 1.5
      vertex -8.13743 4.03489 -1.5
    endloop
  endfacet
  facet normal -0.479223 0.519947 0.707107
    outer loop
      vertex -6.79441 1.19284 0.0202942
      vertex -7.5306 2.58185 -1.5
      vertex -7.82476 2.31073 -1.5
    endloop
  endfacet
  facet normal -0.479223 0.519947 0.707107
    outer loop
      vertex -6.79441 1.19284 0.0202942
      vertex -6.50025 1.46396 0.0202942
      vertex -7.5306 2.58185 -1.5
    endloop
  endfacet
  facet normal -0.873109 -0.364621 0.323623
    outer loop
      vertex -7.2013 0.817814 -1.5
      vertex -6.79441 1.19284 0.0202942
      vertex -7.82476 2.31073 -1.5
    endloop
  endfacet
  facet normal 0.873101 0.364635 0.323631
    outer loop
      vertex -4.35054 3.14832 -0.827265
      vertex -4.26005 3.52873 -1.5
      vertex -4.66695 3.1537 0.0202942
    endloop
  endfacet
  facet normal 0.873129 0.364587 0.323607
    outer loop
      vertex -4.26005 3.52873 -1.5
      vertex -4.35054 3.14832 -0.827265
      vertex -4.20808 3.40427 -1.5
    endloop
  endfacet
  facet normal 0.873117 0.364589 0.323637
    outer loop
      vertex -4.66695 3.1537 0.0202942
      vertex -4.19042 2.98077 -1.07049
      vertex -4.35054 3.14832 -0.827265
    endloop
  endfacet
  facet normal 0.873109 0.364617 0.323629
    outer loop
      vertex -3.65438 2.05511 -1.47376
      vertex -4.19042 2.98077 -1.07049
      vertex -4.66695 3.1537 0.0202942
    endloop
  endfacet
  facet normal 0.873111 0.364624 0.323615
    outer loop
      vertex -4.19042 2.98077 -1.07049
      vertex -3.65438 2.05511 -1.47376
      vertex -3.90766 2.68489 -1.5
    endloop
  endfacet
  facet normal 0.873112 0.364625 0.32361
    outer loop
      vertex -3.90766 2.68489 -1.5
      vertex -3.65438 2.05511 -1.47376
      vertex -3.64711 2.06099 -1.5
    endloop
  endfacet
  facet normal 0.479233 -0.519941 0.707105
    outer loop
      vertex -4.9611 2.88258 0.0202942
      vertex -3.95557 1.81151 -1.44876
      vertex -4.66695 3.1537 0.0202942
    endloop
  endfacet
  facet normal 0.479483 -0.519708 0.707107
    outer loop
      vertex -3.95557 1.81151 -1.44876
      vertex -4.9611 2.88258 0.0202942
      vertex -3.96607 1.80302 -1.44788
    endloop
  endfacet
  facet normal 0.479246 -0.519927 0.707107
    outer loop
      vertex -4.66695 3.1537 0.0202942
      vertex -3.65985 2.05068 -1.47331
      vertex -3.65438 2.05511 -1.47376
    endloop
  endfacet
  facet normal 0.479222 -0.519948 0.707107
    outer loop
      vertex -3.65985 2.05068 -1.47331
      vertex -4.66695 3.1537 0.0202942
      vertex -3.95557 1.81151 -1.44876
    endloop
  endfacet
  facet normal 0.873107 0.364637 0.32361
    outer loop
      vertex -4.38569 1.46364 0.0666579
      vertex -4.9611 2.88258 0.0202942
      vertex -5.35711 2.51759 1.5
    endloop
  endfacet
  facet normal 0.873107 0.364637 0.323611
    outer loop
      vertex -4.9611 2.88258 0.0202942
      vertex -4.38569 1.46364 0.0666579
      vertex -4.16907 1.63883 -0.715186
    endloop
  endfacet
  facet normal 0.73531 0.677731 -0
    outer loop
      vertex -4.38569 1.46364 0.0666579
      vertex -5.35711 2.51759 1.5
      vertex -4.38569 1.46364 0.0666592
    endloop
  endfacet
  facet normal 0.873109 0.36461 0.323634
    outer loop
      vertex -3.98079 1.79111 -1.39475
      vertex -3.96607 1.80302 -1.44788
      vertex -4.9611 2.88258 0.0202942
    endloop
  endfacet
  facet normal 0.873107 0.364636 0.323612
    outer loop
      vertex -3.98079 1.79111 -1.39475
      vertex -4.9611 2.88258 0.0202942
      vertex -4.16907 1.63883 -0.715186
    endloop
  endfacet
  facet normal -0.456139 -0.83584 0.305464
    outer loop
      vertex -5.73068 2.17327 0
      vertex -4.95393 1.61013 -0.381024
      vertex -5.35711 2.51759 1.5
    endloop
  endfacet
  facet normal -0.456143 -0.835841 0.305457
    outer loop
      vertex -5.73068 2.17327 0
      vertex -5.14663 1.65981 -0.532843
      vertex -4.95393 1.61013 -0.381024
    endloop
  endfacet
  facet normal -0.456152 -0.83584 0.305446
    outer loop
      vertex -5.73068 2.17327 0
      vertex -4.99749 1.4489 -0.887264
      vertex -5.14663 1.65981 -0.532843
    endloop
  endfacet
  facet normal -0.456137 -0.835843 0.305461
    outer loop
      vertex -4.78153 1.14349 -1.40048
      vertex -4.99749 1.4489 -0.887264
      vertex -5.73068 2.17327 0
    endloop
  endfacet
  facet normal -0.456135 -0.835842 0.305466
    outer loop
      vertex -4.95393 1.61013 -0.381024
      vertex -4.38569 1.46364 0.0666592
      vertex -5.35711 2.51759 1.5
    endloop
  endfacet
  facet normal 0.735311 0.67773 0
    outer loop
      vertex -4.78153 1.14348 0.0995184
      vertex -5.73068 2.17327 0
      vertex -5.73068 2.17327 1.5
    endloop
  endfacet
  facet normal 0.735311 0.67773 -0
    outer loop
      vertex -4.78153 1.14348 -0.700237
      vertex -5.73068 2.17327 0
      vertex -4.78153 1.14348 0.0995184
    endloop
  endfacet
  facet normal 0.735311 0.67773 0
    outer loop
      vertex -5.73068 2.17327 0
      vertex -4.78153 1.14348 -0.700237
      vertex -4.78153 1.14348 -0.700241
    endloop
  endfacet
  facet normal 0.735314 0.677727 9.67851e-06
    outer loop
      vertex -4.78153 1.14348 -0.700241
      vertex -4.78153 1.14349 -1.40048
      vertex -5.73068 2.17327 0
    endloop
  endfacet
  facet normal 1 0 0
    outer loop
      vertex -4.78153 1.14349 -1.40048
      vertex -4.78153 1.14348 -0.700241
      vertex -4.78153 1.14348 -1.40047
    endloop
  endfacet
  facet normal 0.479221 -0.519958 0.707101
    outer loop
      vertex -4.47198 0.705719 -0.432163
      vertex -4.66571 0.641758 -0.3479
      vertex -4.34671 0.528551 -0.64734
    endloop
  endfacet
  facet normal 0.479221 -0.519948 0.707108
    outer loop
      vertex -4.78153 1.14348 0.0995184
      vertex -4.66571 0.641758 -0.3479
      vertex -4.47198 0.705719 -0.432163
    endloop
  endfacet
  facet normal 0.479228 -0.519945 0.707105
    outer loop
      vertex -4.78153 1.14348 0.0995184
      vertex -5.17737 0.823335 0.132385
      vertex -4.66571 0.641758 -0.3479
    endloop
  endfacet
  facet normal 0.479227 -0.519943 0.707107
    outer loop
      vertex -5.73068 2.17327 1.5
      vertex -5.17737 0.823335 0.132385
      vertex -4.78153 1.14348 0.0995184
    endloop
  endfacet
  facet normal 0.479222 -0.519947 0.707108
    outer loop
      vertex -6.10425 1.82896 1.5
      vertex -5.17737 0.823335 0.132385
      vertex -5.73068 2.17327 1.5
    endloop
  endfacet
  facet normal -0.73531 -0.677731 -0
    outer loop
      vertex -5.17737 0.823335 0.132385
      vertex -6.10425 1.82896 1.5
      vertex -5.17737 0.823335 0.132384
    endloop
  endfacet
  facet normal -0.434466 -0.840545 0.32361
    outer loop
      vertex -6.50025 1.46396 0.0202942
      vertex -5.54639 0.524875 -1.13827
      vertex -6.10425 1.82896 1.5
    endloop
  endfacet
  facet normal -0.434444 -0.840548 0.323631
    outer loop
      vertex -6.50025 1.46396 0.0202942
      vertex -5.59699 0.483953 -1.31248
      vertex -5.54639 0.524875 -1.13827
    endloop
  endfacet
  facet normal -0.8278 0 -0.561024
    outer loop
      vertex -5.59699 0.483953 -1.31248
      vertex -6.50025 1.46396 0.0202942
      vertex -5.59699 0.483954 -1.31248
    endloop
  endfacet
  facet normal -0.434464 -0.840545 0.323612
    outer loop
      vertex -6.10425 1.82896 1.5
      vertex -5.40838 0.636498 -0.663046
      vertex -5.17737 0.823335 0.132384
    endloop
  endfacet
  facet normal -0.434475 -0.840542 0.323607
    outer loop
      vertex -5.40838 0.636498 -0.663046
      vertex -6.10425 1.82896 1.5
      vertex -5.54639 0.524875 -1.13827
    endloop
  endfacet
  facet normal 0.479223 -0.519947 0.707107
    outer loop
      vertex -6.79441 1.19284 0.0202942
      vertex -5.86566 0.266654 -1.29018
      vertex -6.50025 1.46396 0.0202942
    endloop
  endfacet
  facet normal 0.479199 -0.51997 0.707107
    outer loop
      vertex -5.86566 0.266654 -1.29018
      vertex -6.79441 1.19284 0.0202942
      vertex -5.90868 0.231862 -1.28661
    endloop
  endfacet
  facet normal 0.479235 -0.519938 0.707105
    outer loop
      vertex -5.6361 0.452322 -1.30924
      vertex -6.50025 1.46396 0.0202942
      vertex -5.86566 0.266654 -1.29018
    endloop
  endfacet
  facet normal 0.479158 -0.520007 0.707107
    outer loop
      vertex -6.50025 1.46396 0.0202942
      vertex -5.6361 0.452322 -1.30924
      vertex -5.59699 0.483954 -1.31248
    endloop
  endfacet
  facet normal -0.43445 -0.840549 0.323622
    outer loop
      vertex -7.2013 0.817814 -1.5
      vertex -5.90868 0.231862 -1.28661
      vertex -6.79441 1.19284 0.0202942
    endloop
  endfacet
  facet normal -0.43445 -0.840544 0.323634
    outer loop
      vertex -5.90868 0.231862 -1.28661
      vertex -7.2013 0.817814 -1.5
      vertex -5.97066 0.181736 -1.5
    endloop
  endfacet
  facet normal -0.945162 -0.044026 0.32362
    outer loop
      vertex -0.825296 -5.96116 -1.27509
      vertex -0.925943 -5.45368 -1.5
      vertex -0.910966 -5.77521 -1.5
    endloop
  endfacet
  facet normal -0.945161 -0.0440242 0.323624
    outer loop
      vertex -0.925943 -5.45368 -1.5
      vertex -0.825296 -5.96116 -1.27509
      vertex -0.397714 -5.61855 0.0202942
    endloop
  endfacet
  facet normal -0.945163 -0.0440287 0.323619
    outer loop
      vertex -0.85066 -7.0698 -1.5
      vertex -0.825296 -5.96116 -1.27509
      vertex -0.889393 -6.23832 -1.5
    endloop
  endfacet
  facet normal -0.94516 -0.04403 0.323625
    outer loop
      vertex -0.825296 -5.96116 -1.27509
      vertex -0.85066 -7.0698 -1.5
      vertex -0.397714 -5.61855 0.0202942
    endloop
  endfacet
  facet normal -0.210663 -0.674998 0.707106
    outer loop
      vertex -0.397714 -5.61855 0.0202942
      vertex -0.468788 -7.18898 -1.5
      vertex -0.0158415 -5.73773 0.0202942
    endloop
  endfacet
  facet normal -0.210663 -0.674998 0.707106
    outer loop
      vertex -0.468788 -7.18898 -1.5
      vertex -0.397714 -5.61855 0.0202942
      vertex -0.85066 -7.0698 -1.5
    endloop
  endfacet
  facet normal -0.945166 -0.0440127 0.32361
    outer loop
      vertex -0.395541 -8.76195 -1.5
      vertex 0.498259 -5.89819 1.5
      vertex -0.468788 -7.18898 -1.5
    endloop
  endfacet
  facet normal -0.945166 -0.0440126 0.32361
    outer loop
      vertex 0.498259 -5.89819 1.5
      vertex -0.0158415 -5.73773 0.0202942
      vertex -0.468788 -7.18898 -1.5
    endloop
  endfacet
  facet normal 0.769916 -0.560289 0.30546
    outer loop
      vertex 0.536328 -7.48143 -1.5
      vertex 0.983229 -6.04955 0
      vertex -0.395541 -8.76195 -1.5
    endloop
  endfacet
  facet normal 0.769916 -0.560289 0.305461
    outer loop
      vertex 0.983229 -6.04955 0
      vertex 0.498259 -5.89819 1.5
      vertex -0.395541 -8.76195 -1.5
    endloop
  endfacet
  facet normal -0.954587 0.297933 5.72752e-07
    outer loop
      vertex 0.0894279 -8.91331 -1.5
      vertex 0.983229 -6.04955 0
      vertex 0.536328 -7.48143 -1.5
    endloop
  endfacet
  facet normal -0.954587 0.297934 0
    outer loop
      vertex 0.983229 -6.04955 0
      vertex 0.0894279 -8.91331 -1.5
      vertex 0.983229 -6.04955 1.5
    endloop
  endfacet
  facet normal -0.210668 -0.674996 0.707107
    outer loop
      vertex 0.574397 -9.06467 -1.5
      vertex 1.4682 -6.20091 1.5
      vertex 0.0894279 -8.91331 -1.5
    endloop
  endfacet
  facet normal -0.210667 -0.674996 0.707107
    outer loop
      vertex 1.4682 -6.20091 1.5
      vertex 0.983229 -6.04955 1.5
      vertex 0.0894279 -8.91331 -1.5
    endloop
  endfacet
  facet normal 0.752338 -0.573817 0.323608
    outer loop
      vertex 1.52935 -7.81262 -1.5
      vertex 1.9823 -6.36137 0.0202942
      vertex 0.574397 -9.06467 -1.5
    endloop
  endfacet
  facet normal 0.752336 -0.573817 0.323612
    outer loop
      vertex 1.9823 -6.36137 0.0202942
      vertex 1.4682 -6.20091 1.5
      vertex 0.574397 -9.06467 -1.5
    endloop
  endfacet
  facet normal -0.210659 -0.674999 0.707106
    outer loop
      vertex 1.91123 -7.9318 -1.5
      vertex 2.36417 -6.48055 0.0202942
      vertex 1.52935 -7.81262 -1.5
    endloop
  endfacet
  facet normal -0.210664 -0.674997 0.707106
    outer loop
      vertex 2.36417 -6.48055 0.0202942
      vertex 1.9823 -6.36137 0.0202942
      vertex 1.52935 -7.81262 -1.5
    endloop
  endfacet
  facet normal 0.752324 -0.573825 0.323626
    outer loop
      vertex 2.8924 -6.64542 -1.5
      vertex 2.36417 -6.48055 0.0202942
      vertex 1.91123 -7.9318 -1.5
    endloop
  endfacet
  facet normal -0.75231 0.573805 0.323693
    outer loop
      vertex -0.371353 -4.72658 -1.5
      vertex 0.0474145 -4.19234 -1.47376
      vertex 0.0386871 -4.18898 -1.5
    endloop
  endfacet
  facet normal -0.752329 0.573823 0.323618
    outer loop
      vertex -0.486212 -5.1194 -1.07049
      vertex 0.0474145 -4.19234 -1.47376
      vertex -0.371353 -4.72658 -1.5
    endloop
  endfacet
  facet normal -0.752308 0.573843 0.323631
    outer loop
      vertex -0.397714 -5.61855 0.0202942
      vertex -0.486212 -5.1194 -1.07049
      vertex -0.551253 -5.34184 -0.827266
    endloop
  endfacet
  facet normal -0.752327 0.573821 0.323625
    outer loop
      vertex -0.925943 -5.45368 -1.5
      vertex -0.551253 -5.34184 -0.827266
      vertex -0.844148 -5.34644 -1.5
    endloop
  endfacet
  facet normal -0.752326 0.573823 0.323623
    outer loop
      vertex -0.486212 -5.1194 -1.07049
      vertex -0.397714 -5.61855 0.0202942
      vertex 0.0474145 -4.19234 -1.47376
    endloop
  endfacet
  facet normal -0.752329 0.573817 0.323626
    outer loop
      vertex -0.397714 -5.61855 0.0202942
      vertex -0.551253 -5.34184 -0.827266
      vertex -0.925943 -5.45368 -1.5
    endloop
  endfacet
  facet normal 0.211417 0.67476 0.707108
    outer loop
      vertex -0.397714 -5.61855 0.0202942
      vertex 0.0539842 -4.19487 -1.47331
      vertex 0.0474145 -4.19234 -1.47376
    endloop
  endfacet
  facet normal 0.210658 0.674999 0.707106
    outer loop
      vertex 0.0539842 -4.19487 -1.47331
      vertex -0.397714 -5.61855 0.0202942
      vertex 0.421577 -4.33623 -1.44788
    endloop
  endfacet
  facet normal 0.210662 0.674997 0.707107
    outer loop
      vertex 0.421577 -4.33623 -1.44788
      vertex -0.397714 -5.61855 0.0202942
      vertex -0.0158415 -5.73773 0.0202942
    endloop
  endfacet
  facet normal -0.752336 0.573817 0.323612
    outer loop
      vertex -0.0158415 -5.73773 0.0202942
      vertex 0.925299 -4.52994 0.0666576
      vertex 0.665266 -4.42994 -0.715186
    endloop
  endfacet
  facet normal -0.752336 0.573817 0.323612
    outer loop
      vertex 0.925299 -4.52994 0.0666576
      vertex -0.0158415 -5.73773 0.0202942
      vertex 0.498259 -5.89819 1.5
    endloop
  endfacet
  facet normal -0 0.991932 0.126769
    outer loop
      vertex 0.421577 -4.33623 -1.44788
      vertex 0.439251 -4.34302 -1.39475
      vertex 0.421578 -4.33623 -1.44788
    endloop
  endfacet
  facet normal -0.752344 0.573811 0.323604
    outer loop
      vertex -0.0158415 -5.73773 0.0202942
      vertex 0.439251 -4.34302 -1.39475
      vertex 0.421577 -4.33623 -1.44788
    endloop
  endfacet
  facet normal -0.752336 0.573817 0.323612
    outer loop
      vertex 0.439251 -4.34302 -1.39475
      vertex -0.0158415 -5.73773 0.0202942
      vertex 0.665266 -4.42994 -0.715186
    endloop
  endfacet
  facet normal 0.951929 0.0228899 0.305462
    outer loop
      vertex 0.983229 -6.04955 0
      vertex 0.925299 -4.52994 0.066658
      vertex 0.498259 -5.89819 1.5
    endloop
  endfacet
  facet normal -0.954587 0.297933 0
    outer loop
      vertex 0.498259 -5.89819 1.5
      vertex 0.925299 -4.52994 0.066658
      vertex 0.925299 -4.52994 0.0666576
    endloop
  endfacet
  facet normal 0.951932 0.0228786 0.305453
    outer loop
      vertex 1.13588 -5.28702 -0.532845
      vertex 0.983229 -6.04955 0
      vertex 1.40048 -4.71267 -1.40048
    endloop
  endfacet
  facet normal 0.951927 0.0228896 0.305467
    outer loop
      vertex 0.925299 -4.52994 0.066658
      vertex 0.983229 -6.04955 0
      vertex 1.13588 -5.28702 -0.532845
    endloop
  endfacet
  facet normal -0.954586 0.297934 0
    outer loop
      vertex 0.983229 -6.04955 0
      vertex 1.40048 -4.71267 0.0995202
      vertex 1.40048 -4.71267 -0.70024
    endloop
  endfacet
  facet normal -0.954586 0.297934 0
    outer loop
      vertex 1.40048 -4.71267 0.0995202
      vertex 0.983229 -6.04955 0
      vertex 0.983229 -6.04955 1.5
    endloop
  endfacet
  facet normal -0.954586 0.297934 0
    outer loop
      vertex 1.40048 -4.71267 -0.70024
      vertex 1.40048 -4.71267 -1.40048
      vertex 0.983229 -6.04955 0
    endloop
  endfacet
  facet normal 0.210662 0.674998 0.707106
    outer loop
      vertex 0.983229 -6.04955 1.5
      vertex 1.87566 -4.8954 0.132384
      vertex 1.79419 -4.45418 -0.264529
    endloop
  endfacet
  facet normal 0.210667 0.674995 0.707107
    outer loop
      vertex 1.87566 -4.8954 0.132384
      vertex 0.983229 -6.04955 1.5
      vertex 1.4682 -6.20091 1.5
    endloop
  endfacet
  facet normal 0.21067 0.674994 0.707108
    outer loop
      vertex 1.40048 -4.71267 0.0995202
      vertex 1.79419 -4.45418 -0.264529
      vertex 1.71561 -4.02863 -0.647341
    endloop
  endfacet
  facet normal 0.210668 0.674995 0.707107
    outer loop
      vertex 1.79419 -4.45418 -0.264529
      vertex 1.40048 -4.71267 0.0995202
      vertex 0.983229 -6.04955 1.5
    endloop
  endfacet
  facet normal 0.945166 0.0440122 0.32361
    outer loop
      vertex 1.9823 -6.36137 0.0202942
      vertex 2.31864 -5.06576 -1.13826
      vertex 1.4682 -6.20091 1.5
    endloop
  endfacet
  facet normal 0.945162 0.0440228 0.323621
    outer loop
      vertex 2.31864 -5.06576 -1.13826
      vertex 1.9823 -6.36137 0.0202942
      vertex 2.37938 -5.08911 -1.31248
    endloop
  endfacet
  facet normal 0.945166 0.0440123 0.323611
    outer loop
      vertex 1.4682 -6.20091 1.5
      vertex 2.15297 -5.00205 -0.663046
      vertex 1.87566 -4.8954 0.132384
    endloop
  endfacet
  facet normal 0.945168 0.0440034 0.323607
    outer loop
      vertex 2.15297 -5.00205 -0.663046
      vertex 1.4682 -6.20091 1.5
      vertex 2.31864 -5.06576 -1.13826
    endloop
  endfacet
  facet normal 0.210705 0.674985 0.707106
    outer loop
      vertex 2.7019 -5.21314 -1.29018
      vertex 2.36417 -6.48055 0.0202942
      vertex 2.75354 -5.233 -1.28661
    endloop
  endfacet
  facet normal 0.210664 0.674997 0.707107
    outer loop
      vertex 2.36417 -6.48055 0.0202942
      vertex 2.7019 -5.21314 -1.29018
      vertex 1.9823 -6.36137 0.0202942
    endloop
  endfacet
  facet normal 0.210829 0.674942 0.70711
    outer loop
      vertex 1.9823 -6.36137 0.0202942
      vertex 2.42633 -5.10717 -1.30924
      vertex 2.37938 -5.08911 -1.31248
    endloop
  endfacet
  facet normal 0.210662 0.674998 0.707107
    outer loop
      vertex 2.42633 -5.10717 -1.30924
      vertex 1.9823 -6.36137 0.0202942
      vertex 2.7019 -5.21314 -1.29018
    endloop
  endfacet
  facet normal 0.945161 0.0440287 0.323624
    outer loop
      vertex 2.8924 -6.64542 -1.5
      vertex 2.75354 -5.233 -1.28661
      vertex 2.36417 -6.48055 0.0202942
    endloop
  endfacet
  facet normal 0.945158 0.0440269 0.323633
    outer loop
      vertex 2.75354 -5.233 -1.28661
      vertex 2.8924 -6.64542 -1.5
      vertex 2.82794 -5.26161 -1.5
    endloop
  endfacet
  facet normal 0.975619 0.219471 -0
    outer loop
      vertex 4.79354 3.67139 -0.511834
      vertex 4.77452 3.75594 0.364159
      vertex 4.79354 3.67139 0.619989
    endloop
  endfacet
  facet normal 0.975618 0.219476 0
    outer loop
      vertex 4.74745 3.87628 1.5
      vertex 4.70136 4.08116 -0.511834
      vertex 4.70136 4.08116 1.49996
    endloop
  endfacet
  facet normal 0.975618 0.219476 0
    outer loop
      vertex 4.70136 4.08116 -0.511834
      vertex 4.74745 3.87628 1.5
      vertex 4.74745 3.87628 -0.511834
    endloop
  endfacet
  facet normal 0.000200995 1 0
    outer loop
      vertex -0.0109887 7.67518 1.5
      vertex -0.209999 7.67522 -0.511834
      vertex -0.209999 7.67522 1.49996
    endloop
  endfacet
  facet normal 0.252972 -0.96741 -0.0111194
    outer loop
      vertex 4.70136 4.08116 1.49996
      vertex 5.02697 4.17018 1.16283
      vertex 4.7014 4.08117 1.5
    endloop
  endfacet
  facet normal 0.263716 -0.9646 0
    outer loop
      vertex 4.70136 4.08116 -0.511834
      vertex 5.02697 4.17018 1.16283
      vertex 4.70136 4.08116 1.49996
    endloop
  endfacet
  facet normal 0.263716 -0.9646 0
    outer loop
      vertex 5.02697 4.17018 1.16283
      vertex 4.70136 4.08116 -0.511834
      vertex 5.02697 4.17018 -0.511834
    endloop
  endfacet
  facet normal -0.263734 0.964595 0
    outer loop
      vertex 4.74745 3.87628 -0.511834
      vertex 5.09158 3.97037 1.14361
      vertex 5.09158 3.97037 -0.511834
    endloop
  endfacet
  facet normal -0.263734 0.964595 0
    outer loop
      vertex 5.09158 3.97037 1.14361
      vertex 4.74745 3.87628 -0.511834
      vertex 4.74745 3.87628 1.5
    endloop
  endfacet
  facet normal 0.262428 -0.959927 0.0983492
    outer loop
      vertex 4.90071 3.7789 0.251541
      vertex 4.77452 3.75594 0.364159
      vertex 4.79354 3.67139 -0.511834
    endloop
  endfacet
  facet normal 0.262474 -0.959915 0.098341
    outer loop
      vertex 4.79354 3.67139 -0.511834
      vertex 5.13944 3.82235 0.0384839
      vertex 4.90071 3.7789 0.251541
    endloop
  endfacet
  facet normal 0.262496 -0.95991 0.098326
    outer loop
      vertex 5.13944 3.82235 0.0384839
      vertex 4.79354 3.67139 -0.511834
      vertex 5.15619 3.77056 -0.511834
    endloop
  endfacet
  facet normal -0.263775 0.964584 0
    outer loop
      vertex 4.79354 3.67139 -0.511834
      vertex 5.15619 3.77056 0.193555
      vertex 5.15619 3.77056 -0.511834
    endloop
  endfacet
  facet normal -0.263775 0.964584 0
    outer loop
      vertex 5.15619 3.77056 0.193555
      vertex 4.79354 3.67139 -0.511834
      vertex 4.79354 3.67139 0.619989
    endloop
  endfacet
  facet normal 0.350935 -0.9364 0
    outer loop
      vertex 5.02697 4.17018 -0.511834
      vertex 5.34303 4.28863 0.82849
      vertex 5.02697 4.17018 1.16283
    endloop
  endfacet
  facet normal 0.350935 -0.9364 0
    outer loop
      vertex 5.34303 4.28863 0.82849
      vertex 5.02697 4.17018 -0.511834
      vertex 5.34303 4.28863 -0.511834
    endloop
  endfacet
  facet normal -0.350927 0.936403 0
    outer loop
      vertex 5.09158 3.97037 -0.511834
      vertex 5.42566 4.09557 0.790208
      vertex 5.42566 4.09557 -0.511834
    endloop
  endfacet
  facet normal -0.350927 0.936403 0
    outer loop
      vertex 5.42566 4.09557 0.790208
      vertex 5.09158 3.97037 -0.511834
      vertex 5.09158 3.97037 1.14361
    endloop
  endfacet
  facet normal 0.349256 -0.931854 0.0983264
    outer loop
      vertex 5.21524 3.84178 -0.0466173
      vertex 5.13944 3.82235 0.0384839
      vertex 5.15619 3.77056 -0.511834
    endloop
  endfacet
  facet normal 0.349217 -0.931868 0.0983334
    outer loop
      vertex 5.15619 3.77056 -0.511834
      vertex 5.50274 3.91546 -0.369396
      vertex 5.21524 3.84178 -0.0466173
    endloop
  endfacet
  facet normal 0.349219 -0.931868 0.0983295
    outer loop
      vertex 5.50274 3.91546 -0.369396
      vertex 5.15619 3.77056 -0.511834
      vertex 5.50829 3.90251 -0.511834
    endloop
  endfacet
  facet normal -0.350919 0.936406 0
    outer loop
      vertex 5.15619 3.77056 -0.511834
      vertex 5.50829 3.90251 -0.331061
      vertex 5.50829 3.90251 -0.511834
    endloop
  endfacet
  facet normal -0.350919 0.936406 0
    outer loop
      vertex 5.50829 3.90251 -0.331061
      vertex 5.15619 3.77056 -0.511834
      vertex 5.15619 3.77056 0.193555
    endloop
  endfacet
  facet normal 0.435175 -0.900346 0
    outer loop
      vertex 5.34303 4.28863 -0.511834
      vertex 5.62457 4.42471 0.523964
      vertex 5.34303 4.28863 0.82849
    endloop
  endfacet
  facet normal 0.435107 -0.900379 2.27226e-05
    outer loop
      vertex 5.34303 4.28863 -0.511834
      vertex 5.64692 4.43551 0.499789
      vertex 5.62457 4.42471 0.523964
    endloop
  endfacet
  facet normal 0.435168 -0.900349 0
    outer loop
      vertex 5.64692 4.43551 0.499789
      vertex 5.34303 4.28863 -0.511834
      vertex 5.64692 4.43551 -0.511834
    endloop
  endfacet
  facet normal -0.435165 0.900351 0
    outer loop
      vertex 5.42566 4.09557 -0.511834
      vertex 5.74687 4.25082 0.442768
      vertex 5.74687 4.25082 -0.511834
    endloop
  endfacet
  facet normal -0.435165 0.900351 0
    outer loop
      vertex 5.74687 4.25082 0.442768
      vertex 5.42566 4.09557 -0.511834
      vertex 5.42566 4.09557 0.790208
    endloop
  endfacet
  facet normal 0.43313 -0.895951 0.0983353
    outer loop
      vertex 5.50675 3.9168 -0.374852
      vertex 5.50829 3.90251 -0.511834
      vertex 5.52143 3.9217 -0.394867
    endloop
  endfacet
  facet normal 0.433179 -0.895928 0.0983334
    outer loop
      vertex 5.50829 3.90251 -0.511834
      vertex 5.50675 3.9168 -0.374852
      vertex 5.50274 3.91546 -0.369396
    endloop
  endfacet
  facet normal 0.433159 -0.895934 0.0983673
    outer loop
      vertex 5.63226 4.0835 0.591281
      vertex 5.57362 4.06195 0.653223
      vertex 5.62549 4.07361 0.531014
    endloop
  endfacet
  facet normal 0.433018 -0.896003 0.0983563
    outer loop
      vertex 5.52143 3.9217 -0.394867
      vertex 5.50829 3.90251 -0.511834
      vertex 5.60726 3.95034 -0.511834
    endloop
  endfacet
  facet normal 0.4331 -0.895961 0.0983783
    outer loop
      vertex 5.62549 4.07361 0.531014
      vertex 5.8034 4.14638 0.410522
      vertex 5.63226 4.0835 0.591281
    endloop
  endfacet
  facet normal 0.433087 -0.89597 0.0983539
    outer loop
      vertex 5.8034 4.14638 0.410522
      vertex 5.62549 4.07361 0.531014
      vertex 5.81922 4.11715 0.0745857
    endloop
  endfacet
  facet normal -0.435128 0.900369 8.59434e-06
    outer loop
      vertex 5.50829 3.90251 -0.511834
      vertex 5.54171 3.91866 -0.392114
      vertex 5.60726 3.95034 -0.511834
    endloop
  endfacet
  facet normal -0.435103 0.900381 0
    outer loop
      vertex 5.54171 3.91866 -0.392114
      vertex 5.50829 3.90251 -0.511834
      vertex 5.50829 3.90251 -0.331061
    endloop
  endfacet
  facet normal 0.515741 -0.856744 0
    outer loop
      vertex 5.64692 4.43551 -0.511834
      vertex 5.9361 4.60959 0.179484
      vertex 5.64692 4.43551 0.499789
    endloop
  endfacet
  facet normal 0.515741 -0.856744 0
    outer loop
      vertex 5.9361 4.60959 0.179484
      vertex 5.64692 4.43551 -0.511834
      vertex 5.9361 4.60959 -0.511834
    endloop
  endfacet
  facet normal -0.51574 0.856745 0
    outer loop
      vertex 5.74687 4.25082 -0.511834
      vertex 6.05253 4.43482 0.104203
      vertex 6.05253 4.43482 -0.511834
    endloop
  endfacet
  facet normal -0.51574 0.856745 0
    outer loop
      vertex 6.05253 4.43482 0.104203
      vertex 5.74687 4.25082 -0.511834
      vertex 5.74687 4.25082 0.442768
    endloop
  endfacet
  facet normal 0.513232 -0.852596 0.0983541
    outer loop
      vertex 5.81922 4.11715 0.0745857
      vertex 5.92361 4.20376 0.280648
      vertex 5.8034 4.14638 0.410522
    endloop
  endfacet
  facet normal 0.513263 -0.85258 0.0983312
    outer loop
      vertex 5.92361 4.20376 0.280648
      vertex 5.81922 4.11715 0.0745857
      vertex 5.88333 4.13156 -0.13511
    endloop
  endfacet
  facet normal 0.513241 -0.852592 0.0983356
    outer loop
      vertex 5.88333 4.13156 -0.13511
      vertex 6.13822 4.30621 0.0488034
      vertex 5.92361 4.20376 0.280648
    endloop
  endfacet
  facet normal 0.513231 -0.8526 0.0983216
    outer loop
      vertex 6.16897 4.26006 -0.511834
      vertex 5.88333 4.13156 -0.13511
      vertex 5.99851 4.15745 -0.511834
    endloop
  endfacet
  facet normal 0.513242 -0.852592 0.0983333
    outer loop
      vertex 5.88333 4.13156 -0.13511
      vertex 6.16897 4.26006 -0.511834
      vertex 6.13822 4.30621 0.0488034
    endloop
  endfacet
  facet normal -0.51573 0.856751 0
    outer loop
      vertex 5.99851 4.15745 -0.511834
      vertex 6.16897 4.26006 0.0289227
      vertex 6.16897 4.26006 -0.511834
    endloop
  endfacet
  facet normal -0.515757 0.856735 1.17431e-05
    outer loop
      vertex 6.16897 4.26006 0.0289227
      vertex 5.99851 4.15745 -0.511834
      vertex 5.99851 4.15744 0.217732
    endloop
  endfacet
  facet normal 0.592004 -0.805935 0
    outer loop
      vertex 5.9361 4.60959 -0.511834
      vertex 6.04309 4.68818 0.0578644
      vertex 5.9361 4.60959 0.179484
    endloop
  endfacet
  facet normal 0.591996 -0.805941 2.21516e-06
    outer loop
      vertex 6.04309 4.68818 0.0578644
      vertex 5.9361 4.60959 -0.511834
      vertex 6.20812 4.8094 -0.355271
    endloop
  endfacet
  facet normal 0.591997 -0.80594 0
    outer loop
      vertex 6.20812 4.8094 -0.355271
      vertex 5.9361 4.60959 -0.511834
      vertex 6.20812 4.8094 -0.511834
    endloop
  endfacet
  facet normal -0.592011 0.80593 2.39021e-06
    outer loop
      vertex 6.05253 4.43482 -0.511834
      vertex 6.07121 4.44854 0.0829717
      vertex 6.34006 4.64603 -0.222643
    endloop
  endfacet
  facet normal -0.59201 0.805931 0
    outer loop
      vertex 6.05253 4.43482 -0.511834
      vertex 6.34006 4.64603 -0.222643
      vertex 6.34006 4.64603 -0.511834
    endloop
  endfacet
  facet normal -0.591962 0.805966 0
    outer loop
      vertex 6.07121 4.44854 0.0829717
      vertex 6.05253 4.43482 -0.511834
      vertex 6.05253 4.43482 0.104203
    endloop
  endfacet
  facet normal 0.589181 -0.801995 0.0983334
    outer loop
      vertex 6.20793 4.34796 -0.028368
      vertex 6.13822 4.30621 0.0488034
      vertex 6.16897 4.26006 -0.511834
    endloop
  endfacet
  facet normal 0.589123 -0.802036 0.0983455
    outer loop
      vertex 6.16897 4.26006 -0.511834
      vertex 6.40571 4.46639 -0.247307
      vertex 6.20793 4.34796 -0.028368
    endloop
  endfacet
  facet normal 0.589122 -0.802037 0.0983476
    outer loop
      vertex 6.40571 4.46639 -0.247307
      vertex 6.16897 4.26006 -0.511834
      vertex 6.45925 4.49845 -0.306569
    endloop
  endfacet
  facet normal 0.589136 -0.80203 0.0983189
    outer loop
      vertex 6.45925 4.49845 -0.306569
      vertex 6.16897 4.26006 -0.511834
      vertex 6.47201 4.48266 -0.511834
    endloop
  endfacet
  facet normal -0.591962 0.805966 0
    outer loop
      vertex 6.47201 4.48266 -0.511834
      vertex 6.45333 4.46894 -0.294319
      vertex 6.47201 4.48266 -0.315552
    endloop
  endfacet
  facet normal -0.592005 0.805935 -5.61452e-06
    outer loop
      vertex 6.45333 4.46894 -0.294319
      vertex 6.47201 4.48266 -0.511834
      vertex 6.16897 4.26006 -0.511834
    endloop
  endfacet
  facet normal -0.592007 0.805933 0
    outer loop
      vertex 6.45333 4.46894 -0.294319
      vertex 6.16897 4.26006 -0.511834
      vertex 6.16897 4.26006 0.0289227
    endloop
  endfacet
  facet normal 0.663342 -0.748317 0
    outer loop
      vertex 6.20812 4.8094 -0.355271
      vertex 6.20812 4.8094 -0.511834
      vertex 6.26131 4.85655 -0.511834
    endloop
  endfacet
  facet normal -0.663274 0.748377 1.69667e-05
    outer loop
      vertex 6.34006 4.64603 -0.511834
      vertex 6.50466 4.79191 -0.415225
      vertex 6.53748 4.821 -0.511834
    endloop
  endfacet
  facet normal -0.663268 0.748382 0
    outer loop
      vertex 6.50466 4.79191 -0.415225
      vertex 6.34006 4.64603 -0.511834
      vertex 6.34006 4.64603 -0.222643
    endloop
  endfacet
  facet normal 0.66008 -0.744733 0.0983215
    outer loop
      vertex 6.48332 4.51617 -0.333943
      vertex 6.45925 4.49845 -0.306569
      vertex 6.47201 4.48266 -0.511834
    endloop
  endfacet
  facet normal 0.660053 -0.744757 0.0983276
    outer loop
      vertex 6.48332 4.51617 -0.333943
      vertex 6.47201 4.48266 -0.511834
      vertex 6.63977 4.63134 -0.511834
    endloop
  endfacet
  facet normal -0.663267 0.748383 0
    outer loop
      vertex 6.63977 4.63134 -0.511834
      vertex 6.47201 4.48266 -0.511834
      vertex 6.47201 4.48266 -0.315552
    endloop
  endfacet
  facet normal -0.875615 0.483009 0
    outer loop
      vertex 0.624461 9.36715 -0.511834
      vertex 0.590128 9.30491 -0.511834
      vertex 0.590128 9.30491 -0.35527
    endloop
  endfacet
  facet normal 0.875601 -0.483035 -2.99392e-05
    outer loop
      vertex 0.508041 9.5904 -0.415225
      vertex 0.423286 9.43677 -0.511834
      vertex 0.529227 9.62881 -0.511834
    endloop
  endfacet
  facet normal -0.916131 0.40088 0
    outer loop
      vertex 0.454824 8.9957 -0.511834
      vertex 0.590128 9.30491 -0.35527
      vertex 0.590128 9.30491 -0.511834
    endloop
  endfacet
  facet normal -0.916131 0.40088 0
    outer loop
      vertex 0.454824 8.9957 0.0223596
      vertex 0.590128 9.30491 -0.35527
      vertex 0.454824 8.9957 -0.511834
    endloop
  endfacet
  facet normal -0.916134 0.400873 -7.14662e-06
    outer loop
      vertex 0.590128 9.30491 -0.35527
      vertex 0.454824 8.9957 0.0223596
      vertex 0.508041 9.11732 0.0578631
    endloop
  endfacet
  facet normal -0.948983 0.315326 0
    outer loop
      vertex 0.348392 8.67539 -0.511834
      vertex 0.454824 8.9957 0.0223596
      vertex 0.454824 8.9957 -0.511834
    endloop
  endfacet
  facet normal -0.948983 0.315326 0
    outer loop
      vertex 0.454824 8.9957 0.0223596
      vertex 0.348392 8.67539 -0.511834
      vertex 0.348392 8.67539 0.0284196
    endloop
  endfacet
  facet normal -0.944384 0.313796 0.0983366
    outer loop
      vertex 0 8.95745 -0.511834
      vertex -0.055829 8.78943 -0.511834
      vertex 0 8.77368 0.0745839
    endloop
  endfacet
  facet normal 0.948984 -0.315325 0
    outer loop
      vertex -0.055829 8.78943 -0.511834
      vertex 0 8.95745 0.217731
      vertex -0.055829 8.78943 0.385747
    endloop
  endfacet
  facet normal 0.948984 -0.315325 0
    outer loop
      vertex 0 8.95745 0.217731
      vertex -0.055829 8.78943 -0.511834
      vertex 0 8.95745 -0.511834
    endloop
  endfacet
  facet normal -0.973859 0.227152 0
    outer loop
      vertex 0.271723 8.34669 -0.511834
      vertex 0.348392 8.67539 0.0284196
      vertex 0.348392 8.67539 -0.511834
    endloop
  endfacet
  facet normal -0.973859 0.227152 0
    outer loop
      vertex 0.348392 8.67539 0.0284196
      vertex 0.271723 8.34669 -0.511834
      vertex 0.271723 8.34669 0.130756
    endloop
  endfacet
  facet normal -0.969142 0.226041 0.0983366
    outer loop
      vertex 0 8.77368 0.0745839
      vertex -0.055829 8.78943 -0.511834
      vertex 0 8.60292 0.467101
    endloop
  endfacet
  facet normal -0.96914 0.226048 0.0983378
    outer loop
      vertex -0.141239 8.42325 -0.511834
      vertex 0 8.60292 0.467101
      vertex -0.055829 8.78943 -0.511834
    endloop
  endfacet
  facet normal -0.969138 0.226056 0.098336
    outer loop
      vertex -0.0160651 8.40005 0.775134
      vertex 0 8.60292 0.467101
      vertex -0.141239 8.42325 -0.511834
    endloop
  endfacet
  facet normal -0.969145 0.226034 0.0983212
    outer loop
      vertex 0 8.60292 0.467101
      vertex -0.0160651 8.40005 0.775134
      vertex 0 8.52196 0.653223
    endloop
  endfacet
  facet normal 0.97386 -0.227149 0
    outer loop
      vertex -0.141239 8.42325 -0.511834
      vertex -0.055829 8.78943 0.385747
      vertex -0.141239 8.42325 0.751926
    endloop
  endfacet
  facet normal 0.97386 -0.227149 0
    outer loop
      vertex -0.055829 8.78943 0.385747
      vertex -0.141239 8.42325 -0.511834
      vertex -0.055829 8.78943 -0.511834
    endloop
  endfacet
  facet normal -0.990563 0.137056 0
    outer loop
      vertex 0.225463 8.01235 -0.511834
      vertex 0.271723 8.34669 0.130756
      vertex 0.271723 8.34669 -0.511834
    endloop
  endfacet
  facet normal -0.990563 0.137056 0
    outer loop
      vertex 0.271723 8.34669 0.130756
      vertex 0.225463 8.01235 -0.511834
      vertex 0.225463 8.01235 0.328512
    endloop
  endfacet
  facet normal 0.990563 -0.137057 0
    outer loop
      vertex 0.0163441 8.03157 -0.308136
      vertex 0.0163441 8.03157 -0.511834
      vertex 0.0639948 8.37596 -0.511834
    endloop
  endfacet
  facet normal -0.985763 0.136386 0.0983365
    outer loop
      vertex -0.0160651 8.40005 0.775134
      vertex -0.141239 8.42325 -0.511834
      vertex -0.0262073 8.13733 1.03784
    endloop
  endfacet
  facet normal -0.985762 0.136391 0.0983374
    outer loop
      vertex -0.192773 8.05079 -0.511834
      vertex -0.0262073 8.13733 1.03784
      vertex -0.141239 8.42325 -0.511834
    endloop
  endfacet
  facet normal -0.985761 0.136401 0.0983367
    outer loop
      vertex -0.0262073 8.13733 1.03784
      vertex -0.192773 8.05079 -0.511834
      vertex -0.0301252 8.03584 1.13934
    endloop
  endfacet
  facet normal 0.990563 -0.137056 0
    outer loop
      vertex -0.192773 8.05079 -0.511834
      vertex -0.141239 8.42325 0.751926
      vertex -0.192773 8.05079 1.12439
    endloop
  endfacet
  facet normal 0.990563 -0.137056 0
    outer loop
      vertex -0.141239 8.42325 0.751926
      vertex -0.192773 8.05079 -0.511834
      vertex -0.141239 8.42325 -0.511834
    endloop
  endfacet
  facet normal -0.99895 0.04581 0
    outer loop
      vertex 0.210001 7.67518 -0.511834
      vertex 0.225463 8.01235 0.328512
      vertex 0.225463 8.01235 -0.511834
    endloop
  endfacet
  facet normal -0.99895 0.04581 0
    outer loop
      vertex 0.225463 8.01235 0.328512
      vertex 0.210001 7.67518 -0.511834
      vertex 0.210001 7.67518 0.620031
    endloop
  endfacet
  facet normal 0 0 1
    outer loop
      vertex 12.4234 1.34173 -0.511834
      vertex 12.5361 0.32823 -0.511834
      vertex 12.5905 1.33267 -0.511834
    endloop
  endfacet
  facet normal 0 0 1
    outer loop
      vertex 12.5361 0.32823 -0.511834
      vertex 12.5 0 -0.511834
      vertex 12.5094 -0.165129 -0.511834
    endloop
  endfacet
  facet normal 0 0 1
    outer loop
      vertex 12.4156 1.34215 -0.511834
      vertex 12.5361 0.32823 -0.511834
      vertex 12.4234 1.34173 -0.511834
    endloop
  endfacet
  facet normal 0 0 1
    outer loop
      vertex 12.5361 0.32823 -0.511834
      vertex 12.4156 1.34215 -0.511834
      vertex 12.5 0 -0.511834
    endloop
  endfacet
  facet normal 0 0 1
    outer loop
      vertex 12.5094 -0.165129 -0.511834
      vertex 12.71 0 -0.511834
      vertex 12.6917 0.290476 -0.511834
    endloop
  endfacet
  facet normal 0 0 1
    outer loop
      vertex 12.454 -1.1873 -0.511834
      vertex 12.71 0 -0.511834
      vertex 12.5094 -0.165129 -0.511834
    endloop
  endfacet
  facet normal 0 0 1
    outer loop
      vertex 12.71 0 -0.511834
      vertex 12.454 -1.1873 -0.511834
      vertex 12.6098 -1.59299 -0.511834
    endloop
  endfacet
  facet normal 0 0 1
    outer loop
      vertex 12.454 -1.1873 -0.511834
      vertex 12.5094 -0.165129 -0.511834
      vertex 12.5 0 -0.511834
    endloop
  endfacet
  facet normal 0 0 1
    outer loop
      vertex 12.6098 -1.59299 -0.511834
      vertex 12.454 -1.1873 -0.511834
      vertex 12.5926 -1.68322 -0.511834
    endloop
  endfacet
  facet normal 0 0 1
    outer loop
      vertex 12.4014 -1.56666 -0.511834
      vertex 12.454 -1.1873 -0.511834
      vertex 12.5 0 -0.511834
    endloop
  endfacet
  facet normal -0 0 1
    outer loop
      vertex 12.4014 -1.56666 -0.511834
      vertex 12.3729 -2.6851 -0.511834
      vertex 12.454 -1.1873 -0.511834
    endloop
  endfacet
  facet normal 0 -0 1
    outer loop
      vertex 12.3729 -2.6851 -0.511834
      vertex 12.4014 -1.56666 -0.511834
      vertex 12.19 -2.67519 -0.511834
    endloop
  endfacet
  facet normal 0 0 1
    outer loop
      vertex 1.64033 -12.5 -0.511834
      vertex 0.798067 -12.6849 -0.511834
      vertex 1.61037 -12.5823 -0.511834
    endloop
  endfacet
  facet normal 0 0 1
    outer loop
      vertex 1.64033 -12.5 -0.511834
      vertex -0.798067 -12.6849 -0.511834
      vertex 0.798067 -12.6849 -0.511834
    endloop
  endfacet
  facet normal -0 0 1
    outer loop
      vertex -1.64033 -12.5 -0.511834
      vertex -0.798067 -12.6849 -0.511834
      vertex 1.64033 -12.5 -0.511834
    endloop
  endfacet
  facet normal 0 0 1
    outer loop
      vertex -0.798067 -12.6849 -0.511834
      vertex -1.64033 -12.5 -0.511834
      vertex -1.61037 -12.5823 -0.511834
    endloop
  endfacet
  facet normal 0 0 1
    outer loop
      vertex -5.32224 -11.3103 -0.511834
      vertex -5.04975 -11.4299 -0.511834
      vertex -5.04371 -11.4206 -0.511834
    endloop
  endfacet
  facet normal 0 0 1
    outer loop
      vertex -5.04975 -11.4299 -0.511834
      vertex -5.32224 -11.3103 -0.511834
      vertex -5.14113 -11.5701 -0.511834
    endloop
  endfacet
  facet normal 0 0 1
    outer loop
      vertex -5.32224 -11.3103 -0.511834
      vertex -5.9838 -11.0207 -0.511834
      vertex -5.14113 -11.5701 -0.511834
    endloop
  endfacet
  facet normal 0 0 1
    outer loop
      vertex -5.32224 -11.3103 -0.511834
      vertex -6.3977 -10.7509 -0.511834
      vertex -5.9838 -11.0207 -0.511834
    endloop
  endfacet
  facet normal -0 -0 1
    outer loop
      vertex -6.3977 -10.7509 -0.511834
      vertex -5.32224 -11.3103 -0.511834
      vertex -6.69783 -10.5541 -0.511834
    endloop
  endfacet
  facet normal -0 0 1
    outer loop
      vertex -6.81036 -10.7314 -0.511834
      vertex -6.3977 -10.7509 -0.511834
      vertex -6.69783 -10.5541 -0.511834
    endloop
  endfacet
  facet normal 0 0 1
    outer loop
      vertex -6.3977 -10.7509 -0.511834
      vertex -6.81036 -10.7314 -0.511834
      vertex -6.11028 -11.1163 -0.511834
    endloop
  endfacet
  facet normal 0 0 1
    outer loop
      vertex -6.69783 -10.5541 -0.511834
      vertex -7.25523 -10.1918 -0.511834
      vertex -6.81036 -10.7314 -0.511834
    endloop
  endfacet
  facet normal 0 0 1
    outer loop
      vertex -7.9678 -9.63142 -0.511834
      vertex -7.25523 -10.1918 -0.511834
      vertex -6.69783 -10.5541 -0.511834
    endloop
  endfacet
  facet normal 0 0 1
    outer loop
      vertex -7.9678 -9.63142 -0.511834
      vertex -8.5118 -9.37266 -0.511834
      vertex -7.25523 -10.1918 -0.511834
    endloop
  endfacet
  facet normal -0 0 1
    outer loop
      vertex -8.5118 -9.37266 -0.511834
      vertex -7.9678 -9.63142 -0.511834
      vertex -8.40986 -9.21629 -0.511834
    endloop
  endfacet
  facet normal 0 0 1
    outer loop
      vertex -6.81036 -10.7314 -0.511834
      vertex -7.25523 -10.1918 -0.511834
      vertex -7.71558 -10.0737 -0.511834
    endloop
  endfacet
  facet normal 0 0 1
    outer loop
      vertex -10.103 7.68782 -0.511834
      vertex -10.1352 7.44538 -0.511834
      vertex -10.0052 7.67056 -0.511834
    endloop
  endfacet
  facet normal -0 0 1
    outer loop
      vertex -10.2826 7.47075 -0.511834
      vertex -10.1352 7.44538 -0.511834
      vertex -10.103 7.68782 -0.511834
    endloop
  endfacet
  facet normal 0 0 1
    outer loop
      vertex -10.2826 7.47075 -0.511834
      vertex -10.4841 6.84101 -0.511834
      vertex -10.1352 7.44538 -0.511834
    endloop
  endfacet
  facet normal 0 0 1
    outer loop
      vertex -11.1379 6.12309 -0.511834
      vertex -10.4841 6.84101 -0.511834
      vertex -10.2826 7.47075 -0.511834
    endloop
  endfacet
  facet normal -0 0 1
    outer loop
      vertex -11.1379 6.12309 -0.511834
      vertex -11.1665 5.65899 -0.511834
      vertex -10.4841 6.84101 -0.511834
    endloop
  endfacet
  facet normal 0 0 1
    outer loop
      vertex -11.7103 4.90665 -0.511834
      vertex -11.1665 5.65899 -0.511834
      vertex -11.1379 6.12309 -0.511834
    endloop
  endfacet
  facet normal 0 0 1
    outer loop
      vertex -11.1665 5.65899 -0.511834
      vertex -11.7103 4.90665 -0.511834
      vertex -11.5155 5.05462 -0.511834
    endloop
  endfacet
  facet normal 0 0 1
    outer loop
      vertex -11.5155 5.05462 -0.511834
      vertex -11.7103 4.90665 -0.511834
      vertex -11.6455 4.82944 -0.511834
    endloop
  endfacet
  facet normal 0 0 1
    outer loop
      vertex -5.41165 11.5004 -0.511834
      vertex -6.60322 10.8453 -0.511834
      vertex -6.11169 10.916 -0.511834
    endloop
  endfacet
  facet normal -0 0 1
    outer loop
      vertex -5.41165 11.5004 -0.511834
      vertex -5.19877 11.3791 -0.511834
      vertex -4.87028 11.7147 -0.511834
    endloop
  endfacet
  facet normal 0 0 1
    outer loop
      vertex -5.19877 11.3791 -0.511834
      vertex -5.41165 11.5004 -0.511834
      vertex -5.32224 11.3103 -0.511834
    endloop
  endfacet
  facet normal 0 0 1
    outer loop
      vertex -6.11169 10.916 -0.511834
      vertex -5.32224 11.3103 -0.511834
      vertex -5.41165 11.5004 -0.511834
    endloop
  endfacet
  facet normal 0 0 1
    outer loop
      vertex -6.69783 10.5541 -0.511834
      vertex -6.11169 10.916 -0.511834
      vertex -6.55231 10.6925 -0.511834
    endloop
  endfacet
  facet normal -0 0 1
    outer loop
      vertex -6.11169 10.916 -0.511834
      vertex -6.69783 10.5541 -0.511834
      vertex -5.32224 11.3103 -0.511834
    endloop
  endfacet
  facet normal 0 0 1
    outer loop
      vertex -7.44939 10.2374 -0.511834
      vertex -6.69783 10.5541 -0.511834
      vertex -6.55231 10.6925 -0.511834
    endloop
  endfacet
  facet normal 0 0 1
    outer loop
      vertex -6.69783 10.5541 -0.511834
      vertex -7.44939 10.2374 -0.511834
      vertex -7.36439 10.0698 -0.511834
    endloop
  endfacet
  facet normal 0 0 1
    outer loop
      vertex -3.86106 12.0578 -0.511834
      vertex -3.86271 11.8882 -0.511834
      vertex -3.78515 11.9081 -0.511834
    endloop
  endfacet
  facet normal 0 0 1
    outer loop
      vertex -4.74232 11.6107 -0.511834
      vertex -3.86271 11.8882 -0.511834
      vertex -3.86106 12.0578 -0.511834
    endloop
  endfacet
  facet normal 0 0 1
    outer loop
      vertex -5.19877 11.3791 -0.511834
      vertex -3.86271 11.8882 -0.511834
      vertex -4.74232 11.6107 -0.511834
    endloop
  endfacet
  facet normal 0 0 1
    outer loop
      vertex -3.86271 11.8882 -0.511834
      vertex -5.19877 11.3791 -0.511834
      vertex -5.32224 11.3103 -0.511834
    endloop
  endfacet
  facet normal 0 0 1
    outer loop
      vertex 11.7103 4.90665 -0.511834
      vertex 11.5155 5.05462 -0.511834
      vertex 11.6455 4.82944 -0.511834
    endloop
  endfacet
  facet normal 0 0 1
    outer loop
      vertex 11.7103 4.90665 -0.511834
      vertex 11.1665 5.65899 -0.511834
      vertex 11.5155 5.05462 -0.511834
    endloop
  endfacet
  facet normal 0 0 1
    outer loop
      vertex 11.1379 6.12309 -0.511834
      vertex 11.1665 5.65899 -0.511834
      vertex 11.7103 4.90665 -0.511834
    endloop
  endfacet
  facet normal 0 0 1
    outer loop
      vertex 11.1379 6.12309 -0.511834
      vertex 10.4841 6.84101 -0.511834
      vertex 11.1665 5.65899 -0.511834
    endloop
  endfacet
  facet normal 0 0 1
    outer loop
      vertex 10.2826 7.47075 -0.511834
      vertex 10.4841 6.84101 -0.511834
      vertex 11.1379 6.12309 -0.511834
    endloop
  endfacet
  facet normal 0 0 1
    outer loop
      vertex 10.2826 7.47075 -0.511834
      vertex 10.1352 7.44538 -0.511834
      vertex 10.4841 6.84101 -0.511834
    endloop
  endfacet
  facet normal 0 0 1
    outer loop
      vertex 10.103 7.68782 -0.511834
      vertex 10.1352 7.44538 -0.511834
      vertex 10.2826 7.47075 -0.511834
    endloop
  endfacet
  facet normal 0 0 1
    outer loop
      vertex 10.1352 7.44538 -0.511834
      vertex 10.103 7.68782 -0.511834
      vertex 10.0052 7.67056 -0.511834
    endloop
  endfacet
  facet normal 0 0 1
    outer loop
      vertex 6.26131 4.85655 -0.511834
      vertex 6.34006 4.64603 -0.511834
      vertex 6.53748 4.821 -0.511834
    endloop
  endfacet
  facet normal -0 0 1
    outer loop
      vertex 6.20812 4.8094 -0.511834
      vertex 6.34006 4.64603 -0.511834
      vertex 6.26131 4.85655 -0.511834
    endloop
  endfacet
  facet normal 0 0 1
    outer loop
      vertex 6.20812 4.8094 -0.511834
      vertex 6.05253 4.43482 -0.511834
      vertex 6.34006 4.64603 -0.511834
    endloop
  endfacet
  facet normal -0 0 1
    outer loop
      vertex 5.9361 4.60959 -0.511834
      vertex 6.05253 4.43482 -0.511834
      vertex 6.20812 4.8094 -0.511834
    endloop
  endfacet
  facet normal 0 0 1
    outer loop
      vertex 5.9361 4.60959 -0.511834
      vertex 5.74687 4.25082 -0.511834
      vertex 6.05253 4.43482 -0.511834
    endloop
  endfacet
  facet normal -0 0 1
    outer loop
      vertex 5.64692 4.43551 -0.511834
      vertex 5.74687 4.25082 -0.511834
      vertex 5.9361 4.60959 -0.511834
    endloop
  endfacet
  facet normal 0 0 1
    outer loop
      vertex 5.64692 4.43551 -0.511834
      vertex 5.42566 4.09557 -0.511834
      vertex 5.74687 4.25082 -0.511834
    endloop
  endfacet
  facet normal -0 0 1
    outer loop
      vertex 5.34303 4.28863 -0.511834
      vertex 5.42566 4.09557 -0.511834
      vertex 5.64692 4.43551 -0.511834
    endloop
  endfacet
  facet normal 0 0 1
    outer loop
      vertex 5.34303 4.28863 -0.511834
      vertex 5.09158 3.97037 -0.511834
      vertex 5.42566 4.09557 -0.511834
    endloop
  endfacet
  facet normal -0 0 1
    outer loop
      vertex 5.02697 4.17018 -0.511834
      vertex 5.09158 3.97037 -0.511834
      vertex 5.34303 4.28863 -0.511834
    endloop
  endfacet
  facet normal 0 0 1
    outer loop
      vertex 5.02697 4.17018 -0.511834
      vertex 4.74745 3.87628 -0.511834
      vertex 5.09158 3.97037 -0.511834
    endloop
  endfacet
  facet normal 0 -0 1
    outer loop
      vertex 4.74745 3.87628 -0.511834
      vertex 5.02697 4.17018 -0.511834
      vertex 4.70136 4.08116 -0.511834
    endloop
  endfacet
  facet normal -0 0 1
    outer loop
      vertex 0.423286 9.43677 -0.511834
      vertex 0.624461 9.36715 -0.511834
      vertex 0.529227 9.62881 -0.511834
    endloop
  endfacet
  facet normal 0 0 1
    outer loop
      vertex 0.624461 9.36715 -0.511834
      vertex 0.423286 9.43677 -0.511834
      vertex 0.590128 9.30491 -0.511834
    endloop
  endfacet
  facet normal 0 0 1
    outer loop
      vertex 0.590128 9.30491 -0.511834
      vertex 0.423286 9.43677 -0.511834
      vertex 0.454824 8.9957 -0.511834
    endloop
  endfacet
  facet normal 0 0 1
    outer loop
      vertex 0.0639948 8.37596 -0.511834
      vertex 0.454824 8.9957 -0.511834
      vertex 0.423286 9.43677 -0.511834
    endloop
  endfacet
  facet normal 0 0 1
    outer loop
      vertex 0.454824 8.9957 -0.511834
      vertex 0.0639948 8.37596 -0.511834
      vertex 0.348392 8.67539 -0.511834
    endloop
  endfacet
  facet normal 0 0 1
    outer loop
      vertex 0.348392 8.67539 -0.511834
      vertex 0.0639948 8.37596 -0.511834
      vertex 0.271723 8.34669 -0.511834
    endloop
  endfacet
  facet normal 0 0 1
    outer loop
      vertex 0.0639948 8.37596 -0.511834
      vertex 0.225463 8.01235 -0.511834
      vertex 0.271723 8.34669 -0.511834
    endloop
  endfacet
  facet normal -0 0 1
    outer loop
      vertex 0.0163441 8.03157 -0.511834
      vertex 0.225463 8.01235 -0.511834
      vertex 0.0639948 8.37596 -0.511834
    endloop
  endfacet
  facet normal 0 0 1
    outer loop
      vertex 0.225463 8.01235 -0.511834
      vertex 0.0163441 8.03157 -0.511834
      vertex 0.210001 7.67518 -0.511834
    endloop
  endfacet
  facet normal 0 0 1
    outer loop
      vertex 0.210001 7.67518 -0.511834
      vertex 0.0163441 8.03157 -0.511834
      vertex 0 7.67518 -0.511834
    endloop
  endfacet
  facet normal 0.99895 -0.045812 0
    outer loop
      vertex 0 7.67518 -0.511834
      vertex 0.0163441 8.03157 -0.308136
      vertex 0 7.67518 0
    endloop
  endfacet
  facet normal 0.99895 -0.045812 0
    outer loop
      vertex 0.0163441 8.03157 -0.308136
      vertex 0 7.67518 -0.511834
      vertex 0.0163441 8.03157 -0.511834
    endloop
  endfacet
  facet normal -0.994108 0.04559 0.0983379
    outer loop
      vertex -0.0263338 7.96438 1.2108
      vertex -0.209999 7.67522 -0.511834
      vertex -0.0109887 7.67518 1.5
    endloop
  endfacet
  facet normal -0.994108 0.045596 0.0983368
    outer loop
      vertex -0.209999 7.67522 -0.511834
      vertex -0.0301252 8.03584 1.13934
      vertex -0.192773 8.05079 -0.511834
    endloop
  endfacet
  facet normal -0.994108 0.0455937 0.0983373
    outer loop
      vertex -0.0301252 8.03584 1.13934
      vertex -0.209999 7.67522 -0.511834
      vertex -0.0263338 7.96438 1.2108
    endloop
  endfacet
  facet normal 0.99895 -0.0458181 0
    outer loop
      vertex -0.209999 7.67522 -0.511834
      vertex -0.192773 8.05079 1.12439
      vertex -0.209999 7.67522 1.49996
    endloop
  endfacet
  facet normal 0.99895 -0.0458181 0
    outer loop
      vertex -0.192773 8.05079 1.12439
      vertex -0.209999 7.67522 -0.511834
      vertex -0.192773 8.05079 -0.511834
    endloop
  endfacet
  facet normal -0.998028 0.0627765 0
    outer loop
      vertex 12.6098 -1.59299 -0.384461
      vertex 12.71 0 -0.122497
      vertex 12.71 0 -0.511834
    endloop
  endfacet
  facet normal -0.998028 0.0627765 0
    outer loop
      vertex 12.6098 -1.59299 -0.384461
      vertex 12.71 0 -0.511834
      vertex 12.6098 -1.59299 -0.511834
    endloop
  endfacet
  facet normal -0.998027 0.0627838 -4.45178e-05
    outer loop
      vertex 12.71 0 -0.122497
      vertex 12.6098 -1.59299 -0.384461
      vertex 12.6668 -0.686243 0.547399
    endloop
  endfacet
  facet normal 0.998037 -0.0626314 0.000216357
    outer loop
      vertex 12.4481 -0.825215 1.3494
      vertex 12.5 0 0.823786
      vertex 12.4575 -0.674905 1.5
    endloop
  endfacet
  facet normal 0.998026 -0.0628044 -5.62782e-05
    outer loop
      vertex 12.4014 -1.56666 0.606511
      vertex 12.5 0 0.823786
      vertex 12.4481 -0.825215 1.3494
    endloop
  endfacet
  facet normal 0.998025 -0.0628122 0
    outer loop
      vertex 12.5 0 0.823786
      vertex 12.4014 -1.56666 0.606511
      vertex 12.5 0 -0.511834
    endloop
  endfacet
  facet normal 0.998025 -0.0628122 0
    outer loop
      vertex 12.5 0 -0.511834
      vertex 12.4014 -1.56666 0.606511
      vertex 12.4014 -1.56666 -0.511834
    endloop
  endfacet
  facet normal -0.993202 0.0624734 0.0982222
    outer loop
      vertex 12.371 -1.13914 1.03176
      vertex 12.4225 0 0.827977
      vertex 12.29 0 -0.511834
    endloop
  endfacet
  facet normal -0.993191 0.0624905 0.098321
    outer loop
      vertex 12.4225 0 0.827977
      vertex 12.371 -1.13914 1.03176
      vertex 12.4466 -0.674311 1.5
    endloop
  endfacet
  facet normal -0.993188 0.0625711 0.0982936
    outer loop
      vertex 12.29 0 -0.511834
      vertex 12.3549 -1.2381 0.932076
      vertex 12.371 -1.13914 1.03176
    endloop
  endfacet
  facet normal -0.993203 0.0624802 0.0982063
    outer loop
      vertex 12.3035 -1.5543 0.613564
      vertex 12.29 0 -0.511834
      vertex 12.1931 -1.54035 -0.511834
    endloop
  endfacet
  facet normal -0.993199 0.0624991 0.0982324
    outer loop
      vertex 12.29 0 -0.511834
      vertex 12.3035 -1.5543 0.613564
      vertex 12.3549 -1.2381 0.932076
    endloop
  endfacet
  facet normal 0.998028 -0.0627758 -5.73124e-05
    outer loop
      vertex 12.1931 -1.54035 0.621521
      vertex 12.29 0 0.835146
      vertex 12.2483 -0.663566 1.5
    endloop
  endfacet
  facet normal 0.998027 -0.0627837 0
    outer loop
      vertex 12.29 0 0.835146
      vertex 12.1931 -1.54035 0.621521
      vertex 12.29 0 -0.511834
    endloop
  endfacet
  facet normal 0.998027 -0.0627837 0
    outer loop
      vertex 12.29 0 -0.511834
      vertex 12.1931 -1.54035 0.621521
      vertex 12.1931 -1.54035 -0.511834
    endloop
  endfacet
  facet normal -0.982312 0.187252 0
    outer loop
      vertex 12.6098 -1.59299 -0.511834
      vertex 12.5926 -1.68322 -0.511834
      vertex 12.6098 -1.59299 -0.384461
    endloop
  endfacet
  facet normal 0.982298 -0.187327 0
    outer loop
      vertex 12.4014 -1.56666 0.606511
      vertex 12.19 -2.67519 -0.511834
      vertex 12.4014 -1.56666 -0.511834
    endloop
  endfacet
  facet normal -0.977545 0.186443 0.0982069
    outer loop
      vertex 12.1931 -1.54035 -0.511834
      vertex 12.2166 -1.85126 0.312337
      vertex 12.3035 -1.5543 0.613564
    endloop
  endfacet
  facet normal -0.97758 0.186291 0.0981505
    outer loop
      vertex 12.2166 -1.85126 0.312337
      vertex 12.1931 -1.54035 -0.511834
      vertex 12.1668 -2.02157 0.139579
    endloop
  endfacet
  facet normal -0.977531 0.186474 0.0982878
    outer loop
      vertex 12.1931 -1.54035 -0.511834
      vertex 11.9788 -2.66375 -0.511834
      vertex 12.1668 -2.02157 0.139579
    endloop
  endfacet
  facet normal 0.982287 -0.187381 0
    outer loop
      vertex 12.1931 -1.54035 0.621521
      vertex 11.9788 -2.66375 -0.511834
      vertex 12.1931 -1.54035 -0.511834
    endloop
  endfacet
  facet normal -0.125252 0.992125 6.87133e-05
    outer loop
      vertex 1.44664 -12.603 -0.0826915
      vertex 1.61037 -12.5823 -0.511834
      vertex 1.0466 -12.6535 -0.133228
    endloop
  endfacet
  facet normal -0.125345 0.992113 0
    outer loop
      vertex 1.0466 -12.6535 -0.133228
      vertex 0.798067 -12.6849 -0.511834
      vertex 0.798067 -12.6849 0.518227
    endloop
  endfacet
  facet normal -0.125312 0.992117 -2.20281e-05
    outer loop
      vertex 0.798067 -12.6849 -0.511834
      vertex 1.0466 -12.6535 -0.133228
      vertex 1.61037 -12.5823 -0.511834
    endloop
  endfacet
  facet normal 0 1 0
    outer loop
      vertex 0.798067 -12.6849 0.518227
      vertex 0 -12.6849 1.31508
      vertex 0.508041 -12.6849 1.31508
    endloop
  endfacet
  facet normal 0 1 0
    outer loop
      vertex 0.798067 -12.6849 0.518227
      vertex 0 -12.6849 -0.184919
      vertex 0 -12.6849 1.31508
    endloop
  endfacet
  facet normal -0 1 0
    outer loop
      vertex 0 -12.6849 -0.184919
      vertex 0.798067 -12.6849 0.518227
      vertex 0.798067 -12.6849 -0.511834
    endloop
  endfacet
  facet normal 0 1 0
    outer loop
      vertex 0 -12.6849 -0.184919
      vertex -0.798067 -12.6849 0.518227
      vertex -0.508041 -12.6849 1.31508
    endloop
  endfacet
  facet normal 0 1 0
    outer loop
      vertex 0 -12.6849 -0.184919
      vertex -0.798067 -12.6849 -0.511834
      vertex -0.798067 -12.6849 0.518227
    endloop
  endfacet
  facet normal 0 1 0
    outer loop
      vertex -0.798067 -12.6849 -0.511834
      vertex 0 -12.6849 -0.184919
      vertex 0.798067 -12.6849 -0.511834
    endloop
  endfacet
  facet normal 0.125345 0.992113 0
    outer loop
      vertex -0.798067 -12.6849 0.518227
      vertex -0.798067 -12.6849 -0.511834
      vertex -1.0466 -12.6535 -0.133228
    endloop
  endfacet
  facet normal 0.125312 0.992117 -2.20281e-05
    outer loop
      vertex -1.61037 -12.5823 -0.511834
      vertex -1.0466 -12.6535 -0.133228
      vertex -0.798067 -12.6849 -0.511834
    endloop
  endfacet
  facet normal 0.125252 0.992125 6.87133e-05
    outer loop
      vertex -1.0466 -12.6535 -0.133228
      vertex -1.61037 -12.5823 -0.511834
      vertex -1.44664 -12.603 -0.0826915
    endloop
  endfacet
  facet normal -0.368303 -0.929706 0
    outer loop
      vertex -5.32224 -11.3103 -0.511834
      vertex -5.07183 -11.4095 -0.482198
      vertex -5.32224 -11.3103 -0.218283
    endloop
  endfacet
  facet normal -0.368188 -0.929751 -0.00112106
    outer loop
      vertex -5.07183 -11.4095 -0.482198
      vertex -5.32224 -11.3103 -0.511834
      vertex -5.04371 -11.4206 -0.511834
    endloop
  endfacet
  facet normal 0.366283 0.925295 0.0983216
    outer loop
      vertex -5.23283 -11.1203 -0.511834
      vertex -5.24622 -11.1488 -0.193741
      vertex -4.92691 -11.2414 -0.511834
    endloop
  endfacet
  facet normal -0.368066 -0.9298 -0
    outer loop
      vertex -5.23283 -11.1203 -0.189416
      vertex -5.23283 -11.1203 -0.511834
      vertex -4.92691 -11.2414 -0.511834
    endloop
  endfacet
  facet normal 0.48178 0.876292 0.000391663
    outer loop
      vertex -6.81036 -10.7314 -0.511834
      vertex -6.1538 -11.0924 -0.451317
      vertex -6.11028 -11.1163 -0.511834
    endloop
  endfacet
  facet normal 0.481808 0.876277 0
    outer loop
      vertex -6.1538 -11.0924 -0.451317
      vertex -6.81036 -10.7314 -0.511834
      vertex -6.81036 -10.7314 0.461708
    endloop
  endfacet
  facet normal -0.481736 -0.876317 0
    outer loop
      vertex -6.69783 -10.5541 -0.511834
      vertex -5.32224 -11.3103 -0.218283
      vertex -6.69783 -10.5541 1.34706
    endloop
  endfacet
  facet normal -0.481736 -0.876317 -0
    outer loop
      vertex -5.32224 -11.3103 -0.218283
      vertex -6.69783 -10.5541 -0.511834
      vertex -5.32224 -11.3103 -0.511834
    endloop
  endfacet
  facet normal 0.479357 0.872096 0.098315
    outer loop
      vertex -5.23283 -11.1203 -0.511834
      vertex -5.44794 -11.0623 0.0224978
      vertex -5.24622 -11.1488 -0.193741
    endloop
  endfacet
  facet normal 0.479667 0.871909 0.0984603
    outer loop
      vertex -5.44794 -11.0623 0.0224978
      vertex -5.23283 -11.1203 -0.511834
      vertex -6.03827 -10.809 0.655315
    endloop
  endfacet
  facet normal 0.479408 0.872077 0.0982364
    outer loop
      vertex -6.58531 -10.3768 -0.511834
      vertex -6.03827 -10.809 0.655315
      vertex -5.23283 -11.1203 -0.511834
    endloop
  endfacet
  facet normal 0.479378 0.872091 0.0982557
    outer loop
      vertex -6.03827 -10.809 0.655315
      vertex -6.58531 -10.3768 -0.511834
      vertex -6.68386 -10.5321 1.34738
    endloop
  endfacet
  facet normal -0.48172 -0.876325 0
    outer loop
      vertex -6.58531 -10.3768 -0.511834
      vertex -5.60915 -10.9134 0.238812
      vertex -6.58531 -10.3768 1.34963
    endloop
  endfacet
  facet normal -0.481738 -0.876315 2.95134e-05
    outer loop
      vertex -5.23283 -11.1203 -0.511834
      vertex -5.60915 -10.9134 0.238812
      vertex -6.58531 -10.3768 -0.511834
    endloop
  endfacet
  facet normal -0.481783 -0.876291 0
    outer loop
      vertex -5.60915 -10.9134 0.238812
      vertex -5.23283 -11.1203 -0.511834
      vertex -5.23283 -11.1203 -0.189416
    endloop
  endfacet
  facet normal 0.587796 0.809009 0
    outer loop
      vertex -7.71558 -10.0737 -0.511834
      vertex -6.81036 -10.7314 0.461708
      vertex -6.81036 -10.7314 -0.511834
    endloop
  endfacet
  facet normal 0.587743 0.809048 7.62408e-05
    outer loop
      vertex -6.81036 -10.7314 0.461708
      vertex -7.71558 -10.0737 -0.511834
      vertex -6.93633 -10.6399 0.593968
    endloop
  endfacet
  facet normal -0.587762 -0.809034 -3.12137e-05
    outer loop
      vertex -7.9678 -9.63142 0.0851875
      vertex -6.69783 -10.5541 1.34706
      vertex -6.82172 -10.4641 1.5
    endloop
  endfacet
  facet normal -0.587782 -0.809019 0
    outer loop
      vertex -6.69783 -10.5541 -0.511834
      vertex -7.9678 -9.63142 0.0851875
      vertex -7.9678 -9.63142 -0.511834
    endloop
  endfacet
  facet normal -0.587782 -0.809019 0
    outer loop
      vertex -7.9678 -9.63142 0.0851875
      vertex -6.69783 -10.5541 -0.511834
      vertex -6.69783 -10.5541 1.34706
    endloop
  endfacet
  facet normal 0.584981 0.805078 0.0982142
    outer loop
      vertex -6.68386 -10.5321 1.34738
      vertex -7.39582 -9.9398 0.732759
      vertex -6.81573 -10.4549 1.5
    endloop
  endfacet
  facet normal 0.584956 0.805091 0.0982556
    outer loop
      vertex -7.39582 -9.9398 0.732759
      vertex -6.68386 -10.5321 1.34738
      vertex -6.58531 -10.3768 -0.511834
    endloop
  endfacet
  facet normal 0.584945 0.805101 0.0982445
    outer loop
      vertex -6.58531 -10.3768 -0.511834
      vertex -7.87265 -9.5164 0.102082
      vertex -7.39582 -9.9398 0.732759
    endloop
  endfacet
  facet normal 0.584945 0.805101 0.0982445
    outer loop
      vertex -7.87265 -9.5164 0.102082
      vertex -6.58531 -10.3768 -0.511834
      vertex -7.83394 -9.46961 -0.511834
    endloop
  endfacet
  facet normal -0.587787 -0.809016 -2.52791e-06
    outer loop
      vertex -7.83394 -9.46961 0.108956
      vertex -6.58531 -10.3768 1.34963
      vertex -6.70712 -10.2883 1.5
    endloop
  endfacet
  facet normal -0.587788 -0.809015 0
    outer loop
      vertex -6.58531 -10.3768 -0.511834
      vertex -7.83394 -9.46961 0.108956
      vertex -7.83394 -9.46961 -0.511834
    endloop
  endfacet
  facet normal -0.587788 -0.809015 0
    outer loop
      vertex -7.83394 -9.46961 0.108956
      vertex -6.58531 -10.3768 -0.511834
      vertex -6.58531 -10.3768 1.34963
    endloop
  endfacet
  facet normal -0.684554 -0.728962 -0
    outer loop
      vertex -7.9678 -9.63142 0.0851875
      vertex -8.40986 -9.21629 -0.511834
      vertex -7.9678 -9.63142 -0.511834
    endloop
  endfacet
  facet normal 0.681228 0.725449 0.0982449
    outer loop
      vertex -7.83394 -9.46961 -0.511834
      vertex -8.04885 -9.31614 -0.154889
      vertex -7.87265 -9.5164 0.102082
    endloop
  endfacet
  facet normal 0.681235 0.725441 0.0982528
    outer loop
      vertex -7.83394 -9.46961 -0.511834
      vertex -8.2936 -9.03796 -0.511834
      vertex -8.04885 -9.31614 -0.154889
    endloop
  endfacet
  facet normal -0.684548 -0.728968 -0
    outer loop
      vertex -7.83394 -9.46961 0.108956
      vertex -8.2936 -9.03796 -0.511834
      vertex -7.83394 -9.46961 -0.511834
    endloop
  endfacet
  facet normal 0.904896 -0.425632 -7.41749e-05
    outer loop
      vertex -11.4603 5.4379 -0.0526023
      vertex -11.1379 6.12309 1.29279
      vertex -11.2412 5.90347 1.3131
    endloop
  endfacet
  facet normal 0.90484 -0.425751 0
    outer loop
      vertex -11.1379 6.12309 1.29279
      vertex -11.4603 5.4379 -0.0526023
      vertex -11.1379 6.12309 -0.511834
    endloop
  endfacet
  facet normal 0.904921 -0.42558 0.000312087
    outer loop
      vertex -11.4713 5.41446 -0.121384
      vertex -11.1379 6.12309 -0.511834
      vertex -11.4603 5.4379 -0.0526023
    endloop
  endfacet
  facet normal 0.904848 -0.425735 -0.000168748
    outer loop
      vertex -11.7103 4.90665 -0.511834
      vertex -11.4713 5.41446 -0.121384
      vertex -11.6422 5.05122 -0.0877923
    endloop
  endfacet
  facet normal 0.904831 -0.425771 -0.000111858
    outer loop
      vertex -11.4713 5.41446 -0.121384
      vertex -11.7103 4.90665 -0.511834
      vertex -11.1379 6.12309 -0.511834
    endloop
  endfacet
  facet normal 0.844245 -0.535957 0
    outer loop
      vertex -11.1379 6.12309 1.29279
      vertex -10.9951 6.34803 1.10789
      vertex -10.9951 6.34803 1.30394
    endloop
  endfacet
  facet normal 0.844245 -0.535957 0
    outer loop
      vertex -10.9951 6.34803 1.10789
      vertex -11.1379 6.12309 1.29279
      vertex -10.9951 6.34803 -0.196056
    endloop
  endfacet
  facet normal 0.844345 -0.5358 0
    outer loop
      vertex -10.4338 7.23248 -0.131896
      vertex -10.2826 7.47075 -0.511834
      vertex -10.2826 7.47075 -0.120078
    endloop
  endfacet
  facet normal 0.844376 -0.535751 -4.15606e-05
    outer loop
      vertex -10.9774 6.37589 -0.097337
      vertex -10.6899 6.82891 1.16019
      vertex -10.7226 6.77736 1.32524
    endloop
  endfacet
  facet normal 0.844332 -0.535821 -6.14451e-06
    outer loop
      vertex -10.9774 6.37589 -0.097337
      vertex -10.4338 7.23248 -0.131896
      vertex -10.6899 6.82891 1.16019
    endloop
  endfacet
  facet normal 0.844329 -0.535826 -0.000167307
    outer loop
      vertex -10.9951 6.34803 -0.196056
      vertex -10.4338 7.23248 -0.131896
      vertex -10.9774 6.37589 -0.097337
    endloop
  endfacet
  facet normal 0.844324 -0.535833 -2.9106e-05
    outer loop
      vertex -10.4338 7.23248 -0.131896
      vertex -10.9951 6.34803 -0.196056
      vertex -10.2826 7.47075 -0.511834
    endloop
  endfacet
  facet normal 0.844314 -0.535849 -0.000108457
    outer loop
      vertex -10.9951 6.34803 -0.196056
      vertex -11.1379 6.12309 -0.511834
      vertex -10.2826 7.47075 -0.511834
    endloop
  endfacet
  facet normal 0.844245 -0.535957 0
    outer loop
      vertex -11.1379 6.12309 -0.511834
      vertex -10.9951 6.34803 -0.196056
      vertex -11.1379 6.12309 1.29279
    endloop
  endfacet
  facet normal 0.77068 -0.637222 0
    outer loop
      vertex -10.2826 7.47075 -0.511834
      vertex -10.2063 7.56303 -0.100106
      vertex -10.2826 7.47075 -0.120078
    endloop
  endfacet
  facet normal 0.770471 -0.637475 9.52337e-05
    outer loop
      vertex -10.2063 7.56303 -0.100106
      vertex -10.2826 7.47075 -0.511834
      vertex -10.103 7.68782 -0.511834
    endloop
  endfacet
  facet normal -0.587798 0.809008 0
    outer loop
      vertex -6.69783 10.5541 -0.511834
      vertex -7.36439 10.0698 -0.511834
      vertex -6.69783 10.5541 0.3017
    endloop
  endfacet
  facet normal 0.584944 -0.805098 0.09827
    outer loop
      vertex -6.62908 10.4458 0.314001
      vertex -7.26836 9.88053 -0.511834
      vertex -6.58531 10.3768 -0.511834
    endloop
  endfacet
  facet normal -0.587789 0.809014 0
    outer loop
      vertex -6.58531 10.3768 -0.511834
      vertex -7.26836 9.88053 -0.511834
      vertex -6.58531 10.3768 0.321832
    endloop
  endfacet
  facet normal 0.481819 -0.876271 -7.50099e-05
    outer loop
      vertex -6.5728 10.862 -0.473747
      vertex -5.41165 11.5004 0.226704
      vertex -5.74205 11.3187 0.566601
    endloop
  endfacet
  facet normal 0.48177 -0.876298 -0.000558468
    outer loop
      vertex -5.41165 11.5004 -0.511834
      vertex -6.5728 10.862 -0.473747
      vertex -6.60322 10.8453 -0.511834
    endloop
  endfacet
  facet normal 0.481784 -0.87629 0
    outer loop
      vertex -6.5728 10.862 -0.473747
      vertex -5.41165 11.5004 -0.511834
      vertex -5.41165 11.5004 0.226704
    endloop
  endfacet
  facet normal -0.481715 0.876328 -4.41727e-05
    outer loop
      vertex -5.32224 11.3103 1.1294
      vertex -6.69783 10.5541 0.3017
      vertex -5.64718 11.1317 1.5
    endloop
  endfacet
  facet normal -0.481736 0.876317 0
    outer loop
      vertex -5.32224 11.3103 -0.511834
      vertex -6.69783 10.5541 0.3017
      vertex -5.32224 11.3103 1.1294
    endloop
  endfacet
  facet normal -0.481736 0.876317 0
    outer loop
      vertex -6.69783 10.5541 0.3017
      vertex -5.32224 11.3103 -0.511834
      vertex -6.69783 10.5541 -0.511834
    endloop
  endfacet
  facet normal 0.47953 -0.872025 0.0980969
    outer loop
      vertex -6.62908 10.4458 0.314001
      vertex -5.48794 11.1879 1.33258
      vertex -5.64221 11.1219 1.5
    endloop
  endfacet
  facet normal 0.479405 -0.872074 0.0982723
    outer loop
      vertex -5.48794 11.1879 1.33258
      vertex -6.62908 10.4458 0.314001
      vertex -6.58531 10.3768 -0.511834
    endloop
  endfacet
  facet normal 0.479464 -0.872047 0.0982254
    outer loop
      vertex -6.58531 10.3768 -0.511834
      vertex -5.30201 11.2674 1.13081
      vertex -5.48794 11.1879 1.33258
    endloop
  endfacet
  facet normal 0.479405 -0.872073 0.0982849
    outer loop
      vertex -5.30201 11.2674 1.13081
      vertex -6.58531 10.3768 -0.511834
      vertex -5.23283 11.1203 -0.511834
    endloop
  endfacet
  facet normal -0.481717 0.876327 -4.411e-05
    outer loop
      vertex -5.23283 11.1203 1.13563
      vertex -6.58531 10.3768 0.321832
      vertex -5.55231 10.9447 1.5
    endloop
  endfacet
  facet normal -0.481738 0.876315 0
    outer loop
      vertex -5.23283 11.1203 -0.511834
      vertex -6.58531 10.3768 0.321832
      vertex -5.23283 11.1203 1.13563
    endloop
  endfacet
  facet normal -0.481738 0.876315 0
    outer loop
      vertex -6.58531 10.3768 0.321832
      vertex -5.23283 11.1203 -0.511834
      vertex -6.58531 10.3768 -0.511834
    endloop
  endfacet
  facet normal 0.36806 -0.929802 0
    outer loop
      vertex -5.41165 11.5004 0.226704
      vertex -5.41165 11.5004 -0.511834
      vertex -4.87028 11.7147 -0.511834
    endloop
  endfacet
  facet normal -0.368142 0.92977 0
    outer loop
      vertex -5.32224 11.3103 -0.511834
      vertex -3.86271 11.8882 -0.433654
      vertex -3.86271 11.8882 -0.511834
    endloop
  endfacet
  facet normal -0.368142 0.92977 0
    outer loop
      vertex -3.86271 11.8882 -0.433654
      vertex -5.32224 11.3103 -0.511834
      vertex -5.32224 11.3103 1.1294
    endloop
  endfacet
  facet normal 0.366376 -0.925261 0.0982878
    outer loop
      vertex -4.62148 11.463 0.435413
      vertex -5.30201 11.2674 1.13081
      vertex -5.23283 11.1203 -0.511834
    endloop
  endfacet
  facet normal 0.366327 -0.925277 0.0983253
    outer loop
      vertex -5.23283 11.1203 -0.511834
      vertex -3.80115 11.6987 -0.402837
      vertex -4.62148 11.463 0.435413
    endloop
  endfacet
  facet normal 0.366382 -0.925312 0.0977847
    outer loop
      vertex -3.80115 11.6987 -0.402837
      vertex -5.23283 11.1203 -0.511834
      vertex -3.79782 11.6885 -0.511834
    endloop
  endfacet
  facet normal -0.368147 0.929768 0
    outer loop
      vertex -5.23283 11.1203 -0.511834
      vertex -3.79782 11.6885 -0.401169
      vertex -3.79782 11.6885 -0.511834
    endloop
  endfacet
  facet normal -0.368147 0.929768 0
    outer loop
      vertex -3.79782 11.6885 -0.401169
      vertex -5.23283 11.1203 -0.511834
      vertex -5.23283 11.1203 1.13563
    endloop
  endfacet
  facet normal -0.248526 0.968625 0
    outer loop
      vertex -3.78515 11.9081 -0.511834
      vertex -3.86271 11.8882 -0.511834
      vertex -3.86271 11.8882 -0.433654
    endloop
  endfacet
  facet normal 0.24797 -0.963821 0.0977708
    outer loop
      vertex -3.75414 11.7062 -0.448131
      vertex -3.80115 11.6987 -0.402837
      vertex -3.79782 11.6885 -0.511834
    endloop
  endfacet
  facet normal 0.24758 -0.963893 0.0980585
    outer loop
      vertex -3.75414 11.7062 -0.448131
      vertex -3.79782 11.6885 -0.511834
      vertex -3.68803 11.7167 -0.511834
    endloop
  endfacet
  facet normal -0.248779 0.96856 0
    outer loop
      vertex -3.68803 11.7167 -0.511834
      vertex -3.79782 11.6885 -0.511834
      vertex -3.79782 11.6885 -0.401169
    endloop
  endfacet
  facet normal -0.770471 -0.637475 9.52337e-05
    outer loop
      vertex 10.2826 7.47075 -0.511834
      vertex 10.2063 7.56303 -0.100106
      vertex 10.103 7.68782 -0.511834
    endloop
  endfacet
  facet normal -0.77068 -0.637222 0
    outer loop
      vertex 10.2063 7.56303 -0.100106
      vertex 10.2826 7.47075 -0.511834
      vertex 10.2826 7.47075 -0.120078
    endloop
  endfacet
  facet normal -0.844345 -0.5358 0
    outer loop
      vertex 10.2826 7.47075 -0.511834
      vertex 10.4338 7.23248 -0.131896
      vertex 10.2826 7.47075 -0.120078
    endloop
  endfacet
  facet normal -0.844311 -0.535853 0.000356047
    outer loop
      vertex 10.9951 6.34803 -0.196056
      vertex 10.4486 7.20921 -0.0574152
      vertex 10.4338 7.23248 -0.131896
    endloop
  endfacet
  facet normal -0.844337 -0.535812 0
    outer loop
      vertex 10.4486 7.20921 -0.0574152
      vertex 10.9951 6.34803 -0.196056
      vertex 10.9951 6.34803 1.10789
    endloop
  endfacet
  facet normal -0.844324 -0.535833 -2.9106e-05
    outer loop
      vertex 10.2826 7.47075 -0.511834
      vertex 10.9951 6.34803 -0.196056
      vertex 10.4338 7.23248 -0.131896
    endloop
  endfacet
  facet normal -0.844314 -0.535849 -0.000108457
    outer loop
      vertex 11.1379 6.12309 -0.511834
      vertex 10.9951 6.34803 -0.196056
      vertex 10.2826 7.47075 -0.511834
    endloop
  endfacet
  facet normal -0.844404 -0.535708 -0.000249402
    outer loop
      vertex 11.1379 6.12309 -0.511834
      vertex 11.013 6.31977 -0.0987286
      vertex 10.9951 6.34803 -0.196056
    endloop
  endfacet
  facet normal -0.844167 -0.536081 0
    outer loop
      vertex 11.013 6.31977 -0.0987286
      vertex 11.1379 6.12309 -0.511834
      vertex 11.1379 6.12309 0.578682
    endloop
  endfacet
  facet normal -0.844305 -0.535862 -5.24469e-05
    outer loop
      vertex 10.4486 7.20921 -0.0574152
      vertex 10.9951 6.34803 1.10789
      vertex 10.7226 6.77736 1.32524
    endloop
  endfacet
  facet normal -0.844293 -0.535881 0
    outer loop
      vertex 10.7226 6.77736 1.32524
      vertex 10.9951 6.34803 1.10789
      vertex 10.9951 6.34803 1.30394
    endloop
  endfacet
  facet normal -0.904855 -0.425721 0
    outer loop
      vertex 11.4713 5.41446 -0.121384
      vertex 11.1379 6.12309 0.578682
      vertex 11.1379 6.12309 -0.511834
    endloop
  endfacet
  facet normal -0.90477 -0.4259 -0.000100001
    outer loop
      vertex 11.1379 6.12309 0.578682
      vertex 11.2687 5.84509 1.14184
      vertex 11.2412 5.90347 1.3131
    endloop
  endfacet
  facet normal -0.904852 -0.425725 5.49292e-06
    outer loop
      vertex 11.1379 6.12309 0.578682
      vertex 11.4713 5.41446 -0.121384
      vertex 11.2687 5.84509 1.14184
    endloop
  endfacet
  facet normal -0.904831 -0.425771 -0.000111858
    outer loop
      vertex 11.7103 4.90665 -0.511834
      vertex 11.4713 5.41446 -0.121384
      vertex 11.1379 6.12309 -0.511834
    endloop
  endfacet
  facet normal -0.904848 -0.425735 -0.000168748
    outer loop
      vertex 11.4713 5.41446 -0.121384
      vertex 11.7103 4.90665 -0.511834
      vertex 11.6422 5.05122 -0.0877923
    endloop
  endfacet
  facet normal -0.998021 -0.0628753 0.00112541
    outer loop
      vertex 12.71 0 -0.511834
      vertex 12.6935 0.262574 -0.474435
      vertex 12.6917 0.290476 -0.511834
    endloop
  endfacet
  facet normal -0.998031 -0.0627157 0
    outer loop
      vertex 12.6935 0.262574 -0.474435
      vertex 12.71 0 -0.511834
      vertex 12.71 0 -0.122497
    endloop
  endfacet
  facet normal 0.998028 0.0627602 0.00133829
    outer loop
      vertex 12.4173 1.31453 -0.484345
      vertex 12.5 0 -0.511834
      vertex 12.4156 1.34215 -0.511834
    endloop
  endfacet
  facet normal 0.998027 0.0627881 -0
    outer loop
      vertex 12.5 0 -0.511834
      vertex 12.4173 1.31453 -0.484345
      vertex 12.5 0 0.823786
    endloop
  endfacet
  facet normal -0.993198 -0.0625165 0.0982353
    outer loop
      vertex 12.29 0 -0.511834
      vertex 12.2969 0.780977 0.0549378
      vertex 12.2048 1.35357 -0.511834
    endloop
  endfacet
  facet normal -0.9932 -0.0625068 0.098222
    outer loop
      vertex 12.2969 0.780977 0.0549378
      vertex 12.29 0 -0.511834
      vertex 12.4225 0 0.827977
    endloop
  endfacet
  facet normal 0.998025 0.0628203 -3.45501e-05
    outer loop
      vertex 12.2531 0.586649 0.251353
      vertex 12.29 0 -0.511834
      vertex 12.2048 1.35357 -0.511834
    endloop
  endfacet
  facet normal 0.998028 0.0627756 -0
    outer loop
      vertex 12.29 0 -0.511834
      vertex 12.2531 0.586649 0.251353
      vertex 12.29 0 0.835146
    endloop
  endfacet
  facet normal -0.998027 0.0627921 0
    outer loop
      vertex 0.765416 -2.62221 -0.511834
      vertex 0.7715 -2.52551 -0.411883
      vertex 0.7715 -2.52551 -0.511834
    endloop
  endfacet
  facet normal -0.998027 0.0627921 0
    outer loop
      vertex 0.7715 -2.52551 -0.411883
      vertex 0.765416 -2.62221 -0.511834
      vertex 0.765416 -2.62221 -0.225537
    endloop
  endfacet
  facet normal -0.982287 0.187385 0
    outer loop
      vertex 0.747261 -2.71738 -0.511834
      vertex 0.765416 -2.62221 -0.225537
      vertex 0.765416 -2.62221 -0.511834
    endloop
  endfacet
  facet normal -0.982284 0.187398 -4.54361e-06
    outer loop
      vertex 0.765416 -2.62221 -0.225537
      vertex 0.747261 -2.71738 -0.511834
      vertex 0.761627 -2.64207 -0.192531
    endloop
  endfacet
  facet normal -0.982288 0.187379 0
    outer loop
      vertex 0.761627 -2.64207 -0.192531
      vertex 0.747261 -2.71738 -0.511834
      vertex 0.747261 -2.71738 -0.118123
    endloop
  endfacet
  facet normal -0.951054 0.309025 0
    outer loop
      vertex 0.717322 -2.80952 -0.511834
      vertex 0.747261 -2.71738 -0.118123
      vertex 0.747261 -2.71738 -0.511834
    endloop
  endfacet
  facet normal -0.951052 0.309032 -1.71399e-06
    outer loop
      vertex 0.747261 -2.71738 -0.118123
      vertex 0.717322 -2.80952 -0.511834
      vertex 0.732603 -2.76249 -0.0710161
    endloop
  endfacet
  facet normal -0.951056 0.309017 0
    outer loop
      vertex 0.732603 -2.76249 -0.0710161
      vertex 0.717322 -2.80952 -0.511834
      vertex 0.717322 -2.80952 -0.0219058
    endloop
  endfacet
  facet normal 0.950941 -0.309373 0
    outer loop
      vertex 0.522069 -2.73221 -0.504562
      vertex 0.522069 -2.73221 -0.511834
      vertex 0.523777 -2.72696 -0.511834
    endloop
  endfacet
  facet normal -0.904836 0.425759 0
    outer loop
      vertex 0.67607 -2.89719 -0.0343882
      vertex 0.717322 -2.80952 -0.0219058
      vertex 0.717322 -2.80952 -0.511834
    endloop
  endfacet
  facet normal -0.904836 0.425759 0
    outer loop
      vertex 0.67607 -2.89719 -0.0343882
      vertex 0.717322 -2.80952 -0.511834
      vertex 0.67607 -2.89719 -0.511834
    endloop
  endfacet
  facet normal -0.904838 0.425755 3.45177e-05
    outer loop
      vertex 0.717322 -2.80952 -0.0219058
      vertex 0.67607 -2.89719 -0.0343882
      vertex 0.699354 -2.84771 0.0202942
    endloop
  endfacet
  facet normal 0.904837 -0.425758 -8.74489e-05
    outer loop
      vertex 0.493455 -2.79302 -0.511834
      vertex 0.522069 -2.73221 -0.504562
      vertex 0.508991 -2.76001 -0.474533
    endloop
  endfacet
  facet normal 0.904833 -0.425767 0
    outer loop
      vertex 0.522069 -2.73221 -0.504562
      vertex 0.493455 -2.79302 -0.511834
      vertex 0.522069 -2.73221 -0.511834
    endloop
  endfacet
  facet normal -0.844318 0.535843 0
    outer loop
      vertex 0.624156 -2.97899 -0.130408
      vertex 0.67607 -2.89719 -0.511834
      vertex 0.624156 -2.97899 -0.511834
    endloop
  endfacet
  facet normal -0.844318 0.535843 0
    outer loop
      vertex 0.67607 -2.89719 -0.511834
      vertex 0.624156 -2.97899 -0.130408
      vertex 0.67607 -2.89719 -0.0343882
    endloop
  endfacet
  facet normal -0.770533 0.6374 0
    outer loop
      vertex 0.624156 -2.97899 -0.511834
      vertex 0.584102 -3.02741 -0.191143
      vertex 0.624156 -2.97899 -0.130408
    endloop
  endfacet
  facet normal -0.770507 0.637431 0
    outer loop
      vertex 0.562399 -3.05364 -0.248049
      vertex 0.624156 -2.97899 -0.511834
      vertex 0.562399 -3.05364 -0.511834
    endloop
  endfacet
  facet normal -0.770478 0.637466 1.67548e-05
    outer loop
      vertex 0.624156 -2.97899 -0.511834
      vertex 0.562399 -3.05364 -0.248049
      vertex 0.584102 -3.02741 -0.191143
    endloop
  endfacet
  facet normal -0.68453 0.728985 0
    outer loop
      vertex 0.562399 -3.05364 -0.511834
      vertex 0.491772 -3.11996 -0.437831
      vertex 0.562399 -3.05364 -0.248049
    endloop
  endfacet
  facet normal -0.68453 0.728985 0
    outer loop
      vertex 0.491772 -3.11996 -0.437831
      vertex 0.562399 -3.05364 -0.511834
      vertex 0.491772 -3.11996 -0.511834
    endloop
  endfacet
  facet normal -0.587901 0.808933 0
    outer loop
      vertex 0.491772 -3.11996 -0.511834
      vertex 0.464748 -3.1396 -0.511834
      vertex 0.491772 -3.11996 -0.437831
    endloop
  endfacet
  facet normal 0.587901 0.808933 0
    outer loop
      vertex -0.464748 -3.1396 -0.511834
      vertex -0.491772 -3.11996 -0.511834
      vertex -0.491772 -3.11996 -0.437831
    endloop
  endfacet
  facet normal 0.68453 0.728985 0
    outer loop
      vertex -0.562399 -3.05364 -0.511834
      vertex -0.491772 -3.11996 -0.437831
      vertex -0.491772 -3.11996 -0.511834
    endloop
  endfacet
  facet normal 0.68453 0.728985 0
    outer loop
      vertex -0.491772 -3.11996 -0.437831
      vertex -0.562399 -3.05364 -0.511834
      vertex -0.562399 -3.05364 -0.248049
    endloop
  endfacet
  facet normal 0.770533 0.6374 0
    outer loop
      vertex -0.584102 -3.02741 -0.191143
      vertex -0.624156 -2.97899 -0.511834
      vertex -0.624156 -2.97899 -0.130409
    endloop
  endfacet
  facet normal 0.770478 0.637466 1.67548e-05
    outer loop
      vertex -0.562399 -3.05364 -0.248049
      vertex -0.624156 -2.97899 -0.511834
      vertex -0.584102 -3.02741 -0.191143
    endloop
  endfacet
  facet normal 0.770507 0.637431 0
    outer loop
      vertex -0.624156 -2.97899 -0.511834
      vertex -0.562399 -3.05364 -0.248049
      vertex -0.562399 -3.05364 -0.511834
    endloop
  endfacet
  facet normal 0.844271 0.535916 0
    outer loop
      vertex -0.656151 -2.92857 -0.0712315
      vertex -0.67607 -2.89719 -0.511834
      vertex -0.67607 -2.89719 -0.0343882
    endloop
  endfacet
  facet normal 0.844341 0.535806 -1.09744e-05
    outer loop
      vertex -0.624156 -2.97899 -0.130409
      vertex -0.67607 -2.89719 -0.511834
      vertex -0.656151 -2.92857 -0.0712315
    endloop
  endfacet
  facet normal 0.844318 0.535843 0
    outer loop
      vertex -0.67607 -2.89719 -0.511834
      vertex -0.624156 -2.97899 -0.130409
      vertex -0.624156 -2.97899 -0.511834
    endloop
  endfacet
  facet normal 0.904838 0.425755 3.45176e-05
    outer loop
      vertex -0.67607 -2.89719 -0.0343882
      vertex -0.717322 -2.80952 -0.0219059
      vertex -0.699354 -2.84771 0.0202942
    endloop
  endfacet
  facet normal 0.904836 0.425759 0
    outer loop
      vertex -0.717322 -2.80952 -0.0219059
      vertex -0.67607 -2.89719 -0.0343882
      vertex -0.717322 -2.80952 -0.511834
    endloop
  endfacet
  facet normal 0.904836 0.425759 0
    outer loop
      vertex -0.717322 -2.80952 -0.511834
      vertex -0.67607 -2.89719 -0.0343882
      vertex -0.67607 -2.89719 -0.511834
    endloop
  endfacet
  facet normal -0.904833 -0.425767 0
    outer loop
      vertex -0.493455 -2.79302 -0.511834
      vertex -0.522069 -2.73221 -0.504562
      vertex -0.522069 -2.73221 -0.511834
    endloop
  endfacet
  facet normal -0.904837 -0.425758 -8.74489e-05
    outer loop
      vertex -0.522069 -2.73221 -0.504562
      vertex -0.493455 -2.79302 -0.511834
      vertex -0.508991 -2.76001 -0.474533
    endloop
  endfacet
  facet normal 0.951054 0.309025 -0
    outer loop
      vertex -0.717322 -2.80952 -0.511834
      vertex -0.747261 -2.71738 -0.118123
      vertex -0.717322 -2.80952 -0.0219059
    endloop
  endfacet
  facet normal 0.951054 0.309025 0
    outer loop
      vertex -0.747261 -2.71738 -0.118123
      vertex -0.717322 -2.80952 -0.511834
      vertex -0.747261 -2.71738 -0.511834
    endloop
  endfacet
  facet normal -0.950941 -0.309373 -0
    outer loop
      vertex -0.522069 -2.73221 -0.504562
      vertex -0.523777 -2.72696 -0.511834
      vertex -0.522069 -2.73221 -0.511834
    endloop
  endfacet
  facet normal 0.982284 0.187398 -4.54361e-06
    outer loop
      vertex -0.747261 -2.71738 -0.511834
      vertex -0.765416 -2.62221 -0.225537
      vertex -0.761627 -2.64207 -0.192531
    endloop
  endfacet
  facet normal 0.982288 0.187379 -0
    outer loop
      vertex -0.747261 -2.71738 -0.511834
      vertex -0.761627 -2.64207 -0.192531
      vertex -0.747261 -2.71738 -0.118123
    endloop
  endfacet
  facet normal 0.982287 0.187385 0
    outer loop
      vertex -0.765416 -2.62221 -0.225537
      vertex -0.747261 -2.71738 -0.511834
      vertex -0.765416 -2.62221 -0.511834
    endloop
  endfacet
  facet normal 0.998027 0.0627921 -0
    outer loop
      vertex -0.765416 -2.62221 -0.511834
      vertex -0.7715 -2.52551 -0.411883
      vertex -0.765416 -2.62221 -0.225537
    endloop
  endfacet
  facet normal 0.998027 0.0627921 0
    outer loop
      vertex -0.7715 -2.52551 -0.411883
      vertex -0.765416 -2.62221 -0.511834
      vertex -0.7715 -2.52551 -0.511834
    endloop
  endfacet
  facet normal 0.998026 -0.0628055 0
    outer loop
      vertex -0.7715 -2.52551 -0.411883
      vertex -0.7715 -2.52551 -0.511834
      vertex -0.768626 -2.47984 -0.511834
    endloop
  endfacet
  facet normal 0 0 1
    outer loop
      vertex 0.523777 -2.72696 -0.511834
      vertex 0.7715 -2.52551 -0.511834
      vertex 0.768626 -2.47984 -0.511834
    endloop
  endfacet
  facet normal 0 0 1
    outer loop
      vertex 0.7715 -2.52551 -0.511834
      vertex 0.523777 -2.72696 -0.511834
      vertex 0.765416 -2.62221 -0.511834
    endloop
  endfacet
  facet normal 0 0 1
    outer loop
      vertex 0.765416 -2.62221 -0.511834
      vertex 0.523777 -2.72696 -0.511834
      vertex 0.747261 -2.71738 -0.511834
    endloop
  endfacet
  facet normal 0 0 1
    outer loop
      vertex 0.747261 -2.71738 -0.511834
      vertex 0.523777 -2.72696 -0.511834
      vertex 0.717322 -2.80952 -0.511834
    endloop
  endfacet
  facet normal -0 0 1
    outer loop
      vertex 0.522069 -2.73221 -0.511834
      vertex 0.717322 -2.80952 -0.511834
      vertex 0.523777 -2.72696 -0.511834
    endloop
  endfacet
  facet normal -0 0 1
    outer loop
      vertex 0.493455 -2.79302 -0.511834
      vertex 0.717322 -2.80952 -0.511834
      vertex 0.522069 -2.73221 -0.511834
    endloop
  endfacet
  facet normal 0 0 1
    outer loop
      vertex 0.717322 -2.80952 -0.511834
      vertex 0.493455 -2.79302 -0.511834
      vertex 0.67607 -2.89719 -0.511834
    endloop
  endfacet
  facet normal 0 0 1
    outer loop
      vertex 0.67607 -2.89719 -0.511834
      vertex 0.493455 -2.79302 -0.511834
      vertex 0.624156 -2.97899 -0.511834
    endloop
  endfacet
  facet normal 0 0 1
    outer loop
      vertex 0.624156 -2.97899 -0.511834
      vertex 0.493455 -2.79302 -0.511834
      vertex 0.562399 -3.05364 -0.511834
    endloop
  endfacet
  facet normal 0 0 1
    outer loop
      vertex 0.493455 -2.79302 -0.511834
      vertex 0.491772 -3.11996 -0.511834
      vertex 0.562399 -3.05364 -0.511834
    endloop
  endfacet
  facet normal 0 -0 1
    outer loop
      vertex 0.491772 -3.11996 -0.511834
      vertex 0.493455 -2.79302 -0.511834
      vertex 0.464748 -3.1396 -0.511834
    endloop
  endfacet
  facet normal 0 0 1
    outer loop
      vertex -0.493455 -2.79302 -0.511834
      vertex -0.491772 -3.11996 -0.511834
      vertex -0.464748 -3.1396 -0.511834
    endloop
  endfacet
  facet normal 0 0 1
    outer loop
      vertex -0.717322 -2.80952 -0.511834
      vertex -0.493455 -2.79302 -0.511834
      vertex -0.522069 -2.73221 -0.511834
    endloop
  endfacet
  facet normal 0 0 1
    outer loop
      vertex -0.717322 -2.80952 -0.511834
      vertex -0.522069 -2.73221 -0.511834
      vertex -0.523777 -2.72696 -0.511834
    endloop
  endfacet
  facet normal 0 0 1
    outer loop
      vertex -0.493455 -2.79302 -0.511834
      vertex -0.562399 -3.05364 -0.511834
      vertex -0.491772 -3.11996 -0.511834
    endloop
  endfacet
  facet normal 0 0 1
    outer loop
      vertex -0.493455 -2.79302 -0.511834
      vertex -0.624156 -2.97899 -0.511834
      vertex -0.562399 -3.05364 -0.511834
    endloop
  endfacet
  facet normal 0 0 1
    outer loop
      vertex -0.493455 -2.79302 -0.511834
      vertex -0.67607 -2.89719 -0.511834
      vertex -0.624156 -2.97899 -0.511834
    endloop
  endfacet
  facet normal 0 0 1
    outer loop
      vertex -0.493455 -2.79302 -0.511834
      vertex -0.717322 -2.80952 -0.511834
      vertex -0.67607 -2.89719 -0.511834
    endloop
  endfacet
  facet normal 0 0 1
    outer loop
      vertex -0.523777 -2.72696 -0.511834
      vertex -0.747261 -2.71738 -0.511834
      vertex -0.717322 -2.80952 -0.511834
    endloop
  endfacet
  facet normal 0 0 1
    outer loop
      vertex -0.523777 -2.72696 -0.511834
      vertex -0.765416 -2.62221 -0.511834
      vertex -0.747261 -2.71738 -0.511834
    endloop
  endfacet
  facet normal -0 0 1
    outer loop
      vertex -0.7715 -2.52551 -0.511834
      vertex -0.523777 -2.72696 -0.511834
      vertex -0.768626 -2.47984 -0.511834
    endloop
  endfacet
  facet normal 0 0 1
    outer loop
      vertex -0.523777 -2.72696 -0.511834
      vertex -0.7715 -2.52551 -0.511834
      vertex -0.765416 -2.62221 -0.511834
    endloop
  endfacet
  facet normal 0 0 1
    outer loop
      vertex -0.249103 -2.02297 -0.511834
      vertex -0.0484428 -1.75554 -0.511834
      vertex -0.144565 -1.76768 -0.511834
    endloop
  endfacet
  facet normal 0 0 1
    outer loop
      vertex -0.249103 -2.02297 -0.511834
      vertex -0.144565 -1.76768 -0.511834
      vertex -0.238406 -1.79177 -0.511834
    endloop
  endfacet
  facet normal -0 0 1
    outer loop
      vertex -0.0484428 -1.75554 -0.511834
      vertex -0.249103 -2.02297 -0.511834
      vertex -0.0247073 -1.75554 -0.511834
    endloop
  endfacet
  facet normal -0 0 1
    outer loop
      vertex -0.328488 -1.82744 -0.511834
      vertex -0.249103 -2.02297 -0.511834
      vertex -0.238406 -1.79177 -0.511834
    endloop
  endfacet
  facet normal -0 0 1
    outer loop
      vertex -0.385072 -1.85855 -0.511834
      vertex -0.249103 -2.02297 -0.511834
      vertex -0.328488 -1.82744 -0.511834
    endloop
  endfacet
  facet normal 0 0 1
    outer loop
      vertex -0.249103 -2.02297 -0.511834
      vertex -0.385072 -1.85855 -0.511834
      vertex -0.280257 -2.04009 -0.511834
    endloop
  endfacet
  facet normal 0 0 1
    outer loop
      vertex 0.249103 -2.02297 -0.511834
      vertex 0.385072 -1.85855 -0.511834
      vertex 0.328488 -1.82744 -0.511834
    endloop
  endfacet
  facet normal 0 0 1
    outer loop
      vertex 0.385072 -1.85855 -0.511834
      vertex 0.249103 -2.02297 -0.511834
      vertex 0.280257 -2.04009 -0.511834
    endloop
  endfacet
  facet normal 0 0 1
    outer loop
      vertex 0.238406 -1.79177 -0.511834
      vertex 0.249103 -2.02297 -0.511834
      vertex 0.328488 -1.82744 -0.511834
    endloop
  endfacet
  facet normal 0 0 1
    outer loop
      vertex 0.144565 -1.76768 -0.511834
      vertex 0.249103 -2.02297 -0.511834
      vertex 0.238406 -1.79177 -0.511834
    endloop
  endfacet
  facet normal 0 0 1
    outer loop
      vertex 0.0484428 -1.75554 -0.511834
      vertex 0.249103 -2.02297 -0.511834
      vertex 0.144565 -1.76768 -0.511834
    endloop
  endfacet
  facet normal 0 0 1
    outer loop
      vertex 0.249103 -2.02297 -0.511834
      vertex 0.0484428 -1.75554 -0.511834
      vertex 0.0247073 -1.75554 -0.511834
    endloop
  endfacet
  facet normal 0.48178 -0.876292 9.05383e-07
    outer loop
      vertex -0.385072 -1.85855 -0.511834
      vertex -0.328488 -1.82744 -0.044263
      vertex -0.385073 -1.85855 0.0202942
    endloop
  endfacet
  facet normal 0.481786 -0.876289 0
    outer loop
      vertex -0.328488 -1.82744 -0.044263
      vertex -0.385072 -1.85855 -0.511834
      vertex -0.328488 -1.82744 -0.511834
    endloop
  endfacet
  facet normal -0.481601 0.87639 0
    outer loop
      vertex -0.280257 -2.04009 -0.511834
      vertex -0.280257 -2.04009 -0.474244
      vertex -0.249103 -2.02297 -0.511834
    endloop
  endfacet
  facet normal 0.36816 -0.929762 0
    outer loop
      vertex -0.328488 -1.82744 -0.511834
      vertex -0.238406 -1.79177 -0.14011
      vertex -0.328488 -1.82744 -0.044263
    endloop
  endfacet
  facet normal 0.36816 -0.929762 0
    outer loop
      vertex -0.238406 -1.79177 -0.14011
      vertex -0.328488 -1.82744 -0.511834
      vertex -0.238406 -1.79177 -0.511834
    endloop
  endfacet
  facet normal 0.248678 -0.968586 0
    outer loop
      vertex -0.238406 -1.79177 -0.511834
      vertex -0.187538 -1.77871 -0.190694
      vertex -0.238406 -1.79177 -0.14011
    endloop
  endfacet
  facet normal 0.248628 -0.968599 8.41907e-06
    outer loop
      vertex -0.187538 -1.77871 -0.190694
      vertex -0.238406 -1.79177 -0.511834
      vertex -0.144565 -1.76768 -0.266206
    endloop
  endfacet
  facet normal 0.248649 -0.968594 0
    outer loop
      vertex -0.144565 -1.76768 -0.266206
      vertex -0.238406 -1.79177 -0.511834
      vertex -0.144565 -1.76768 -0.511834
    endloop
  endfacet
  facet normal 0.125302 -0.992119 0
    outer loop
      vertex -0.144565 -1.76768 -0.511834
      vertex -0.0484428 -1.75554 -0.458673
      vertex -0.144565 -1.76768 -0.266206
    endloop
  endfacet
  facet normal 0.125302 -0.992119 0
    outer loop
      vertex -0.0484428 -1.75554 -0.458673
      vertex -0.144565 -1.76768 -0.511834
      vertex -0.0484428 -1.75554 -0.511834
    endloop
  endfacet
  facet normal 0 -1 0
    outer loop
      vertex -0.0484428 -1.75554 -0.458673
      vertex -0.0484428 -1.75554 -0.511834
      vertex -0.0247073 -1.75554 -0.511834
    endloop
  endfacet
  facet normal 0 -1 -0
    outer loop
      vertex 0.0484428 -1.75554 -0.458673
      vertex 0.0247073 -1.75554 -0.511834
      vertex 0.0484428 -1.75554 -0.511834
    endloop
  endfacet
  facet normal -0.125302 -0.992119 0
    outer loop
      vertex 0.144565 -1.76768 -0.511834
      vertex 0.0484428 -1.75554 -0.458673
      vertex 0.0484428 -1.75554 -0.511834
    endloop
  endfacet
  facet normal -0.125302 -0.992119 0
    outer loop
      vertex 0.0484428 -1.75554 -0.458673
      vertex 0.144565 -1.76768 -0.511834
      vertex 0.144565 -1.76768 -0.266206
    endloop
  endfacet
  facet normal -0.248628 -0.968599 8.41907e-06
    outer loop
      vertex 0.238406 -1.79177 -0.511834
      vertex 0.187538 -1.77871 -0.190694
      vertex 0.144565 -1.76768 -0.266206
    endloop
  endfacet
  facet normal -0.248649 -0.968594 0
    outer loop
      vertex 0.238406 -1.79177 -0.511834
      vertex 0.144565 -1.76768 -0.266206
      vertex 0.144565 -1.76768 -0.511834
    endloop
  endfacet
  facet normal -0.248678 -0.968586 0
    outer loop
      vertex 0.187538 -1.77871 -0.190694
      vertex 0.238406 -1.79177 -0.511834
      vertex 0.238406 -1.79177 -0.14011
    endloop
  endfacet
  facet normal -0.36816 -0.929762 0
    outer loop
      vertex 0.328488 -1.82744 -0.511834
      vertex 0.238406 -1.79177 -0.14011
      vertex 0.238406 -1.79177 -0.511834
    endloop
  endfacet
  facet normal -0.36816 -0.929762 0
    outer loop
      vertex 0.238406 -1.79177 -0.14011
      vertex 0.328488 -1.82744 -0.511834
      vertex 0.328488 -1.82744 -0.044263
    endloop
  endfacet
  facet normal -0.481786 -0.876289 0
    outer loop
      vertex 0.385072 -1.85855 -0.511834
      vertex 0.328488 -1.82744 -0.044263
      vertex 0.328488 -1.82744 -0.511834
    endloop
  endfacet
  facet normal -0.48178 -0.876292 9.05383e-07
    outer loop
      vertex 0.328488 -1.82744 -0.044263
      vertex 0.385072 -1.85855 -0.511834
      vertex 0.385073 -1.85855 0.0202942
    endloop
  endfacet
  facet normal 0.481601 0.87639 -0
    outer loop
      vertex 0.280257 -2.04009 -0.511834
      vertex 0.249103 -2.02297 -0.511834
      vertex 0.280257 -2.04009 -0.474244
    endloop
  endfacet
  facet normal -0.998026 -0.0628055 -0
    outer loop
      vertex 0.7715 -2.52551 -0.411883
      vertex 0.768626 -2.47984 -0.511834
      vertex 0.7715 -2.52551 -0.511834
    endloop
  endfacet
  facet normal -0.998029 0.062751 0
    outer loop
      vertex -1.42174 1.16606 -0.0763999
      vertex -1.41566 1.26276 -0.511834
      vertex -1.42174 1.16606 -0.511834
    endloop
  endfacet
  facet normal -0.998029 0.062751 0
    outer loop
      vertex -1.41566 1.26276 -0.511834
      vertex -1.42174 1.16606 -0.0763999
      vertex -1.41566 1.26276 0.0202942
    endloop
  endfacet
  facet normal 0.99803 -0.0627399 0
    outer loop
      vertex -1.62566 1.26276 -0.471538
      vertex -1.62782 1.2284 -0.511834
      vertex -1.62566 1.26276 -0.511834
    endloop
  endfacet
  facet normal -0.982277 0.187435 0
    outer loop
      vertex -1.4399 1.07089 -0.17157
      vertex -1.42174 1.16606 -0.511834
      vertex -1.4399 1.07089 -0.511834
    endloop
  endfacet
  facet normal -0.982277 0.187435 0
    outer loop
      vertex -1.42174 1.16606 -0.511834
      vertex -1.4399 1.07089 -0.17157
      vertex -1.42174 1.16606 -0.0763999
    endloop
  endfacet
  facet normal -0.951128 0.308796 0
    outer loop
      vertex -1.4399 1.07089 -0.511834
      vertex -1.44664 1.05013 -0.192327
      vertex -1.4399 1.07089 -0.17157
    endloop
  endfacet
  facet normal -0.951053 0.309029 0
    outer loop
      vertex -1.46984 0.978748 -0.327439
      vertex -1.4399 1.07089 -0.511834
      vertex -1.46984 0.978748 -0.511834
    endloop
  endfacet
  facet normal -0.951041 0.309063 1.92095e-05
    outer loop
      vertex -1.4399 1.07089 -0.511834
      vertex -1.46984 0.978748 -0.327439
      vertex -1.44664 1.05013 -0.192327
    endloop
  endfacet
  facet normal -0.904843 0.425745 0
    outer loop
      vertex -1.46984 0.978748 -0.511834
      vertex -1.50768 0.898326 -0.511834
      vertex -1.46984 0.978748 -0.327439
    endloop
  endfacet
  facet normal -0.844341 0.535807 0
    outer loop
      vertex -1.53317 0.856286 -0.511834
      vertex -1.563 0.809279 -0.511834
      vertex -1.563 0.809279 -0.391633
    endloop
  endfacet
  facet normal -0.770496 0.637444 0
    outer loop
      vertex -1.62476 0.734628 -0.511834
      vertex -1.563 0.809279 -0.391633
      vertex -1.563 0.809279 -0.511834
    endloop
  endfacet
  facet normal -0.770496 0.637444 0
    outer loop
      vertex -1.563 0.809279 -0.391633
      vertex -1.62476 0.734628 -0.511834
      vertex -1.62476 0.734628 -0.20804
    endloop
  endfacet
  facet normal -0.6847 0.728825 5.16207e-05
    outer loop
      vertex -1.69538 0.668305 -0.511834
      vertex -1.63097 0.728793 -0.194395
      vertex -1.62476 0.734628 -0.20804
    endloop
  endfacet
  facet normal -0.684582 0.728936 0
    outer loop
      vertex -1.69538 0.668305 -0.511834
      vertex -1.62476 0.734628 -0.20804
      vertex -1.62476 0.734628 -0.511834
    endloop
  endfacet
  facet normal -0.684565 0.728952 0
    outer loop
      vertex -1.63097 0.728793 -0.194395
      vertex -1.69538 0.668305 -0.511834
      vertex -1.69538 0.668305 -0.108368
    endloop
  endfacet
  facet normal -0.587747 0.809045 0
    outer loop
      vertex -1.77377 0.611357 -0.511834
      vertex -1.69538 0.668305 -0.108368
      vertex -1.69538 0.668305 -0.511834
    endloop
  endfacet
  facet normal -0.587747 0.809045 0
    outer loop
      vertex -1.69538 0.668305 -0.108368
      vertex -1.77377 0.611357 -0.511834
      vertex -1.77377 0.611357 -0.0120123
    endloop
  endfacet
  facet normal 0.587757 -0.809038 0
    outer loop
      vertex -1.88629 0.788666 -0.496404
      vertex -1.88629 0.788666 -0.511834
      vertex -1.87655 0.795742 -0.511834
    endloop
  endfacet
  facet normal -0.481836 0.876262 0
    outer loop
      vertex -1.80208 0.59579 -0.511834
      vertex -1.77377 0.611357 -0.0120123
      vertex -1.77377 0.611357 -0.511834
    endloop
  endfacet
  facet normal -0.481836 0.876262 0
    outer loop
      vertex -1.77377 0.611357 -0.0120123
      vertex -1.80208 0.59579 -0.511834
      vertex -1.80208 0.59579 0.0202942
    endloop
  endfacet
  facet normal 0.481739 -0.876315 0
    outer loop
      vertex -1.9069 0.777336 -0.511834
      vertex -1.88629 0.788666 -0.496404
      vertex -1.9069 0.777336 -0.474245
    endloop
  endfacet
  facet normal 0.481739 -0.876315 0
    outer loop
      vertex -1.88629 0.788666 -0.496404
      vertex -1.9069 0.777336 -0.511834
      vertex -1.88629 0.788666 -0.511834
    endloop
  endfacet
  facet normal 0.481723 0.876323 0
    outer loop
      vertex -2.53171 0.573515 -0.511834
      vertex -2.60055 0.611357 -0.511834
      vertex -2.60055 0.611357 -0.34681
    endloop
  endfacet
  facet normal 0.587785 0.809017 7.93466e-06
    outer loop
      vertex -2.67893 0.668305 -0.511834
      vertex -2.66831 0.660586 -0.193585
      vertex -2.60055 0.611357 -0.34681
    endloop
  endfacet
  facet normal 0.587796 0.809009 0
    outer loop
      vertex -2.67893 0.668305 -0.511834
      vertex -2.60055 0.611357 -0.34681
      vertex -2.60055 0.611357 -0.511834
    endloop
  endfacet
  facet normal 0.587941 0.808904 0
    outer loop
      vertex -2.66831 0.660586 -0.193585
      vertex -2.67893 0.668305 -0.511834
      vertex -2.67893 0.668305 -0.181148
    endloop
  endfacet
  facet normal 0.684531 0.728984 0
    outer loop
      vertex -2.74956 0.734628 -0.511834
      vertex -2.67893 0.668305 -0.181148
      vertex -2.67893 0.668305 -0.511834
    endloop
  endfacet
  facet normal 0.684531 0.728984 0
    outer loop
      vertex -2.67893 0.668305 -0.181148
      vertex -2.74956 0.734628 -0.511834
      vertex -2.74956 0.734628 -0.0862195
    endloop
  endfacet
  facet normal 0.770545 0.637385 0
    outer loop
      vertex -2.75792 0.744735 -0.0731389
      vertex -2.81131 0.809279 -0.511834
      vertex -2.81131 0.809279 0.0103889
    endloop
  endfacet
  facet normal 0.770557 0.637371 -3.63368e-06
    outer loop
      vertex -2.74956 0.734628 -0.0862195
      vertex -2.81131 0.809279 -0.511834
      vertex -2.75792 0.744735 -0.0731389
    endloop
  endfacet
  facet normal 0.770547 0.637383 0
    outer loop
      vertex -2.81131 0.809279 -0.511834
      vertex -2.74956 0.734628 -0.0862195
      vertex -2.74956 0.734628 -0.511834
    endloop
  endfacet
  facet normal -0.770449 -0.637502 -0
    outer loop
      vertex -2.64142 0.932714 -0.478875
      vertex -2.64142 0.932714 -0.511834
      vertex -2.62398 0.911637 -0.511834
    endloop
  endfacet
  facet normal 0.844198 0.536031 0.000243271
    outer loop
      vertex -2.81131 0.809279 0.0103889
      vertex -2.86323 0.891083 -0.0665654
      vertex -2.81663 0.817653 0.0202942
    endloop
  endfacet
  facet normal 0.844302 0.535868 -0
    outer loop
      vertex -2.81131 0.809279 -0.511834
      vertex -2.86323 0.891083 -0.0665654
      vertex -2.81131 0.809279 0.0103889
    endloop
  endfacet
  facet normal 0.844302 0.535868 0
    outer loop
      vertex -2.86323 0.891083 -0.0665654
      vertex -2.81131 0.809279 -0.511834
      vertex -2.86323 0.891083 -0.511834
    endloop
  endfacet
  facet normal -0.844287 -0.535891 -0
    outer loop
      vertex -2.64142 0.932714 -0.478875
      vertex -2.66377 0.967926 -0.511834
      vertex -2.64142 0.932714 -0.511834
    endloop
  endfacet
  facet normal -0.844247 -0.535955 -9.48948e-05
    outer loop
      vertex -2.66377 0.967926 -0.511834
      vertex -2.64142 0.932714 -0.478875
      vertex -2.64529 0.938809 -0.472657
    endloop
  endfacet
  facet normal 0.904835 0.425762 -0
    outer loop
      vertex -2.86323 0.891083 -0.511834
      vertex -2.90448 0.978748 -0.16196
      vertex -2.86323 0.891083 -0.0665654
    endloop
  endfacet
  facet normal 0.904835 0.425762 0
    outer loop
      vertex -2.90448 0.978748 -0.16196
      vertex -2.86323 0.891083 -0.511834
      vertex -2.90448 0.978748 -0.511834
    endloop
  endfacet
  facet normal 0.95105 0.309038 -4.44115e-06
    outer loop
      vertex -2.90448 0.978748 -0.511834
      vertex -2.93442 1.07089 -0.308354
      vertex -2.914 1.00805 -0.191384
    endloop
  endfacet
  facet normal 0.951064 0.308994 -0
    outer loop
      vertex -2.90448 0.978748 -0.511834
      vertex -2.914 1.00805 -0.191384
      vertex -2.90448 0.978748 -0.16196
    endloop
  endfacet
  facet normal 0.951053 0.309029 0
    outer loop
      vertex -2.93442 1.07089 -0.308354
      vertex -2.90448 0.978748 -0.511834
      vertex -2.93442 1.07089 -0.511834
    endloop
  endfacet
  facet normal 0.982296 0.187335 -0
    outer loop
      vertex -2.93442 1.07089 -0.511834
      vertex -2.95257 1.16606 -0.506775
      vertex -2.93442 1.07089 -0.308354
    endloop
  endfacet
  facet normal 0.982296 0.187335 0
    outer loop
      vertex -2.95257 1.16606 -0.506775
      vertex -2.93442 1.07089 -0.511834
      vertex -2.95257 1.16606 -0.511834
    endloop
  endfacet
  facet normal 0.997981 0.0635079 -0
    outer loop
      vertex -2.95257 1.16606 -0.511834
      vertex -2.95271 1.16826 -0.511834
      vertex -2.95257 1.16606 -0.506775
    endloop
  endfacet
  facet normal -0 0 1
    outer loop
      vertex -1.62782 1.2284 -0.511834
      vertex -1.42174 1.16606 -0.511834
      vertex -1.41566 1.26276 -0.511834
    endloop
  endfacet
  facet normal 0 0 1
    outer loop
      vertex -1.42174 1.16606 -0.511834
      vertex -1.62782 1.2284 -0.511834
      vertex -1.4399 1.07089 -0.511834
    endloop
  endfacet
  facet normal 0 0 1
    outer loop
      vertex -1.4399 1.07089 -0.511834
      vertex -1.62782 1.2284 -0.511834
      vertex -1.46984 0.978748 -0.511834
    endloop
  endfacet
  facet normal 0 0 1
    outer loop
      vertex -1.62782 1.2284 -0.511834
      vertex -1.41566 1.26276 -0.511834
      vertex -1.62566 1.26276 -0.511834
    endloop
  endfacet
  facet normal 0 0 1
    outer loop
      vertex -1.46984 0.978748 -0.511834
      vertex -1.62782 1.2284 -0.511834
      vertex -1.50768 0.898326 -0.511834
    endloop
  endfacet
  facet normal 0 0 1
    outer loop
      vertex -1.87655 0.795742 -0.511834
      vertex -1.563 0.809279 -0.511834
      vertex -1.53317 0.856286 -0.511834
    endloop
  endfacet
  facet normal 0 0 1
    outer loop
      vertex -1.563 0.809279 -0.511834
      vertex -1.87655 0.795742 -0.511834
      vertex -1.62476 0.734628 -0.511834
    endloop
  endfacet
  facet normal 0 0 1
    outer loop
      vertex -1.62476 0.734628 -0.511834
      vertex -1.87655 0.795742 -0.511834
      vertex -1.69538 0.668305 -0.511834
    endloop
  endfacet
  facet normal 0 0 1
    outer loop
      vertex -1.69538 0.668305 -0.511834
      vertex -1.87655 0.795742 -0.511834
      vertex -1.77377 0.611357 -0.511834
    endloop
  endfacet
  facet normal -0 0 1
    outer loop
      vertex -1.88629 0.788666 -0.511834
      vertex -1.77377 0.611357 -0.511834
      vertex -1.87655 0.795742 -0.511834
    endloop
  endfacet
  facet normal 0 0 1
    outer loop
      vertex -1.77377 0.611357 -0.511834
      vertex -1.88629 0.788666 -0.511834
      vertex -1.80208 0.59579 -0.511834
    endloop
  endfacet
  facet normal 0 0 1
    outer loop
      vertex -1.80208 0.59579 -0.511834
      vertex -1.88629 0.788666 -0.511834
      vertex -1.9069 0.777336 -0.511834
    endloop
  endfacet
  facet normal 0 0 1
    outer loop
      vertex -2.62398 0.911637 -0.511834
      vertex -2.60055 0.611357 -0.511834
      vertex -2.53171 0.573515 -0.511834
    endloop
  endfacet
  facet normal 0 0 1
    outer loop
      vertex -2.81131 0.809279 -0.511834
      vertex -2.62398 0.911637 -0.511834
      vertex -2.64142 0.932714 -0.511834
    endloop
  endfacet
  facet normal 0 0 1
    outer loop
      vertex -2.81131 0.809279 -0.511834
      vertex -2.64142 0.932714 -0.511834
      vertex -2.66377 0.967926 -0.511834
    endloop
  endfacet
  facet normal 0 0 1
    outer loop
      vertex -2.62398 0.911637 -0.511834
      vertex -2.67893 0.668305 -0.511834
      vertex -2.60055 0.611357 -0.511834
    endloop
  endfacet
  facet normal 0 0 1
    outer loop
      vertex -2.62398 0.911637 -0.511834
      vertex -2.74956 0.734628 -0.511834
      vertex -2.67893 0.668305 -0.511834
    endloop
  endfacet
  facet normal 0 0 1
    outer loop
      vertex -2.62398 0.911637 -0.511834
      vertex -2.81131 0.809279 -0.511834
      vertex -2.74956 0.734628 -0.511834
    endloop
  endfacet
  facet normal 0 0 1
    outer loop
      vertex -2.66377 0.967926 -0.511834
      vertex -2.86323 0.891083 -0.511834
      vertex -2.81131 0.809279 -0.511834
    endloop
  endfacet
  facet normal 0 0 1
    outer loop
      vertex -2.66377 0.967926 -0.511834
      vertex -2.90448 0.978748 -0.511834
      vertex -2.86323 0.891083 -0.511834
    endloop
  endfacet
  facet normal 0 0 1
    outer loop
      vertex -2.66377 0.967926 -0.511834
      vertex -2.93442 1.07089 -0.511834
      vertex -2.90448 0.978748 -0.511834
    endloop
  endfacet
  facet normal 0 0 1
    outer loop
      vertex -2.66377 0.967926 -0.511834
      vertex -2.95257 1.16606 -0.511834
      vertex -2.93442 1.07089 -0.511834
    endloop
  endfacet
  facet normal -0 -0 1
    outer loop
      vertex -2.95257 1.16606 -0.511834
      vertex -2.66377 0.967926 -0.511834
      vertex -2.95271 1.16826 -0.511834
    endloop
  endfacet
  facet normal 0 0 1
    outer loop
      vertex -2.10108 1.81673 -0.511834
      vertex -1.77377 1.91416 -0.511834
      vertex -1.85867 1.96083 -0.511834
    endloop
  endfacet
  facet normal 0 0 1
    outer loop
      vertex -2.10108 1.81673 -0.511834
      vertex -1.85867 1.96083 -0.511834
      vertex -1.94875 1.9965 -0.511834
    endloop
  endfacet
  facet normal 0 0 1
    outer loop
      vertex -2.10108 1.81673 -0.511834
      vertex -1.94875 1.9965 -0.511834
      vertex -2.04259 2.02059 -0.511834
    endloop
  endfacet
  facet normal 0 0 1
    outer loop
      vertex -1.77377 1.91416 -0.511834
      vertex -2.10108 1.81673 -0.511834
      vertex -1.76231 1.90583 -0.511834
    endloop
  endfacet
  facet normal 0 0 1
    outer loop
      vertex -2.13871 2.03273 -0.511834
      vertex -2.10108 1.81673 -0.511834
      vertex -2.04259 2.02059 -0.511834
    endloop
  endfacet
  facet normal 0 0 1
    outer loop
      vertex -2.13871 2.03273 -0.511834
      vertex -2.1519 1.82315 -0.511834
      vertex -2.10108 1.81673 -0.511834
    endloop
  endfacet
  facet normal 0 0 1
    outer loop
      vertex -2.13871 2.03273 -0.511834
      vertex -2.1706 1.82315 -0.511834
      vertex -2.1519 1.82315 -0.511834
    endloop
  endfacet
  facet normal -0 0 1
    outer loop
      vertex -2.2356 2.03273 -0.511834
      vertex -2.1706 1.82315 -0.511834
      vertex -2.13871 2.03273 -0.511834
    endloop
  endfacet
  facet normal -0 0 1
    outer loop
      vertex -2.33172 2.02059 -0.511834
      vertex -2.1706 1.82315 -0.511834
      vertex -2.2356 2.03273 -0.511834
    endloop
  endfacet
  facet normal -0 0 1
    outer loop
      vertex -2.42556 1.9965 -0.511834
      vertex -2.1706 1.82315 -0.511834
      vertex -2.33172 2.02059 -0.511834
    endloop
  endfacet
  facet normal 0 0 1
    outer loop
      vertex -2.1706 1.82315 -0.511834
      vertex -2.42556 1.9965 -0.511834
      vertex -2.48665 1.97231 -0.511834
    endloop
  endfacet
  facet normal 0.368161 -0.929762 0
    outer loop
      vertex -2.42556 1.9965 -0.371651
      vertex -2.48665 1.97231 -0.511834
      vertex -2.42556 1.9965 -0.511834
    endloop
  endfacet
  facet normal 0.248669 -0.968589 1.26513e-05
    outer loop
      vertex -2.33172 2.02059 -0.511834
      vertex -2.33419 2.01996 -0.195588
      vertex -2.42556 1.9965 -0.371651
    endloop
  endfacet
  facet normal 0.248651 -0.968593 0
    outer loop
      vertex -2.33172 2.02059 -0.511834
      vertex -2.42556 1.9965 -0.371651
      vertex -2.42556 1.9965 -0.511834
    endloop
  endfacet
  facet normal 0.247148 -0.968978 0
    outer loop
      vertex -2.33419 2.01996 -0.195588
      vertex -2.33172 2.02059 -0.511834
      vertex -2.33172 2.02059 -0.193193
    endloop
  endfacet
  facet normal 0.125305 -0.992118 0
    outer loop
      vertex -2.2356 2.03273 -0.511834
      vertex -2.33172 2.02059 -0.193193
      vertex -2.33172 2.02059 -0.511834
    endloop
  endfacet
  facet normal 0.125305 -0.992118 0
    outer loop
      vertex -2.33172 2.02059 -0.193193
      vertex -2.2356 2.03273 -0.511834
      vertex -2.2356 2.03273 -0.0985908
    endloop
  endfacet
  facet normal 0 -1 0
    outer loop
      vertex -2.13871 2.03273 -0.511834
      vertex -2.2356 2.03273 -0.0985908
      vertex -2.2356 2.03273 -0.511834
    endloop
  endfacet
  facet normal 0 -1 0
    outer loop
      vertex -2.2356 2.03273 -0.0985908
      vertex -2.13871 2.03273 -0.511834
      vertex -2.13871 2.03273 -0.00211383
    endloop
  endfacet
  facet normal 0 1 -0
    outer loop
      vertex -2.1519 1.82315 -0.511834
      vertex -2.1706 1.82315 -0.511834
      vertex -2.1519 1.82315 -0.488498
    endloop
  endfacet
  facet normal -0.125322 -0.992116 -3.10461e-05
    outer loop
      vertex -2.13871 2.03273 -0.00211383
      vertex -2.04259 2.02059 -0.0541283
      vertex -2.11647 2.02992 0.0202942
    endloop
  endfacet
  facet normal -0.125305 -0.992118 0
    outer loop
      vertex -2.13871 2.03273 -0.511834
      vertex -2.04259 2.02059 -0.0541283
      vertex -2.13871 2.03273 -0.00211383
    endloop
  endfacet
  facet normal -0.125305 -0.992118 -0
    outer loop
      vertex -2.04259 2.02059 -0.0541283
      vertex -2.13871 2.03273 -0.511834
      vertex -2.04259 2.02059 -0.511834
    endloop
  endfacet
  facet normal 0.125428 0.992103 0.000211833
    outer loop
      vertex -2.10108 1.81673 -0.511834
      vertex -2.1519 1.82315 -0.488498
      vertex -2.13571 1.8211 -0.473704
    endloop
  endfacet
  facet normal 0.125332 0.992115 0
    outer loop
      vertex -2.1519 1.82315 -0.488498
      vertex -2.10108 1.81673 -0.511834
      vertex -2.1519 1.82315 -0.511834
    endloop
  endfacet
  facet normal -0.248651 -0.968593 0
    outer loop
      vertex -2.04259 2.02059 -0.511834
      vertex -1.94875 1.9965 -0.149785
      vertex -2.04259 2.02059 -0.0541283
    endloop
  endfacet
  facet normal -0.248651 -0.968593 -0
    outer loop
      vertex -1.94875 1.9965 -0.149785
      vertex -2.04259 2.02059 -0.511834
      vertex -1.94875 1.9965 -0.511834
    endloop
  endfacet
  facet normal -0.368196 -0.929748 0
    outer loop
      vertex -1.94875 1.9965 -0.511834
      vertex -1.90908 1.98079 -0.190731
      vertex -1.94875 1.9965 -0.149785
    endloop
  endfacet
  facet normal -0.368154 -0.929765 -5.97188e-06
    outer loop
      vertex -1.90908 1.98079 -0.190731
      vertex -1.94875 1.9965 -0.511834
      vertex -1.85867 1.96083 -0.284656
    endloop
  endfacet
  facet normal -0.368167 -0.92976 -0
    outer loop
      vertex -1.85867 1.96083 -0.284656
      vertex -1.94875 1.9965 -0.511834
      vertex -1.85867 1.96083 -0.511834
    endloop
  endfacet
  facet normal -0.481721 -0.876325 0
    outer loop
      vertex -1.85867 1.96083 -0.511834
      vertex -1.77377 1.91416 -0.479773
      vertex -1.85867 1.96083 -0.284656
    endloop
  endfacet
  facet normal -0.481721 -0.876325 -0
    outer loop
      vertex -1.77377 1.91416 -0.479773
      vertex -1.85867 1.96083 -0.511834
      vertex -1.77377 1.91416 -0.511834
    endloop
  endfacet
  facet normal -0.587962 -0.808889 -0
    outer loop
      vertex -1.77377 1.91416 -0.479773
      vertex -1.77377 1.91416 -0.511834
      vertex -1.76231 1.90583 -0.511834
    endloop
  endfacet
  facet normal -0.997981 0.0635079 0
    outer loop
      vertex 2.95271 1.16826 -0.511834
      vertex 2.95257 1.16606 -0.511834
      vertex 2.95257 1.16606 -0.506775
    endloop
  endfacet
  facet normal -0.982296 0.187335 0
    outer loop
      vertex 2.93442 1.07089 -0.511834
      vertex 2.95257 1.16606 -0.506775
      vertex 2.95257 1.16606 -0.511834
    endloop
  endfacet
  facet normal -0.982296 0.187335 0
    outer loop
      vertex 2.95257 1.16606 -0.506775
      vertex 2.93442 1.07089 -0.511834
      vertex 2.93442 1.07089 -0.308354
    endloop
  endfacet
  facet normal -0.951053 0.309029 0
    outer loop
      vertex 2.90448 0.978748 -0.511834
      vertex 2.93442 1.07089 -0.308354
      vertex 2.93442 1.07089 -0.511834
    endloop
  endfacet
  facet normal -0.95105 0.309038 -4.44115e-06
    outer loop
      vertex 2.93442 1.07089 -0.308354
      vertex 2.90448 0.978748 -0.511834
      vertex 2.914 1.00805 -0.191384
    endloop
  endfacet
  facet normal -0.951064 0.308994 0
    outer loop
      vertex 2.914 1.00805 -0.191384
      vertex 2.90448 0.978748 -0.511834
      vertex 2.90448 0.978748 -0.16196
    endloop
  endfacet
  facet normal -0.904835 0.425762 0
    outer loop
      vertex 2.86323 0.891083 -0.511834
      vertex 2.90448 0.978748 -0.16196
      vertex 2.90448 0.978748 -0.511834
    endloop
  endfacet
  facet normal -0.904833 0.425767 -1.37695e-06
    outer loop
      vertex 2.90448 0.978748 -0.16196
      vertex 2.86323 0.891083 -0.511834
      vertex 2.86639 0.8978 -0.073875
    endloop
  endfacet
  facet normal -0.904868 0.425693 0
    outer loop
      vertex 2.86639 0.8978 -0.073875
      vertex 2.86323 0.891083 -0.511834
      vertex 2.86323 0.891083 -0.0665654
    endloop
  endfacet
  facet normal -0.844302 0.535868 0
    outer loop
      vertex 2.81131 0.809279 -0.511834
      vertex 2.86323 0.891083 -0.0665654
      vertex 2.86323 0.891083 -0.511834
    endloop
  endfacet
  facet normal -0.844302 0.535868 0
    outer loop
      vertex 2.86323 0.891083 -0.0665654
      vertex 2.81131 0.809279 -0.511834
      vertex 2.81131 0.809279 0.0103889
    endloop
  endfacet
  facet normal -0.844198 0.536031 0.000243271
    outer loop
      vertex 2.86323 0.891083 -0.0665654
      vertex 2.81131 0.809279 0.0103889
      vertex 2.81663 0.817653 0.0202942
    endloop
  endfacet
  facet normal 0.844247 -0.535955 -9.48948e-05
    outer loop
      vertex 2.64142 0.932714 -0.478875
      vertex 2.66377 0.967926 -0.511834
      vertex 2.64529 0.938809 -0.472657
    endloop
  endfacet
  facet normal 0.844287 -0.535891 0
    outer loop
      vertex 2.66377 0.967926 -0.511834
      vertex 2.64142 0.932714 -0.478875
      vertex 2.64142 0.932714 -0.511834
    endloop
  endfacet
  facet normal -0.770547 0.637383 0
    outer loop
      vertex 2.74956 0.734628 -0.0862194
      vertex 2.81131 0.809279 -0.511834
      vertex 2.74956 0.734628 -0.511834
    endloop
  endfacet
  facet normal -0.770547 0.637383 0
    outer loop
      vertex 2.81131 0.809279 -0.511834
      vertex 2.74956 0.734628 -0.0862194
      vertex 2.81131 0.809279 0.0103889
    endloop
  endfacet
  facet normal 0.770449 -0.637502 0
    outer loop
      vertex 2.64142 0.932714 -0.478875
      vertex 2.62398 0.911637 -0.511834
      vertex 2.64142 0.932714 -0.511834
    endloop
  endfacet
  facet normal -0.684531 0.728984 0
    outer loop
      vertex 2.74956 0.734628 -0.511834
      vertex 2.67893 0.668305 -0.181148
      vertex 2.74956 0.734628 -0.0862194
    endloop
  endfacet
  facet normal -0.684531 0.728984 0
    outer loop
      vertex 2.67893 0.668305 -0.181148
      vertex 2.74956 0.734628 -0.511834
      vertex 2.67893 0.668305 -0.511834
    endloop
  endfacet
  facet normal -0.587941 0.808904 0
    outer loop
      vertex 2.67893 0.668305 -0.511834
      vertex 2.66831 0.660586 -0.193585
      vertex 2.67893 0.668305 -0.181148
    endloop
  endfacet
  facet normal -0.587785 0.809017 7.93466e-06
    outer loop
      vertex 2.66831 0.660586 -0.193585
      vertex 2.67893 0.668305 -0.511834
      vertex 2.60055 0.611357 -0.34681
    endloop
  endfacet
  facet normal -0.587796 0.809009 0
    outer loop
      vertex 2.60055 0.611357 -0.34681
      vertex 2.67893 0.668305 -0.511834
      vertex 2.60055 0.611357 -0.511834
    endloop
  endfacet
  facet normal -0.481723 0.876323 0
    outer loop
      vertex 2.60055 0.611357 -0.511834
      vertex 2.53171 0.573515 -0.511834
      vertex 2.60055 0.611357 -0.34681
    endloop
  endfacet
  facet normal 0.481836 0.876262 -0
    outer loop
      vertex 1.80208 0.59579 -0.511834
      vertex 1.77377 0.611357 -0.0120123
      vertex 1.80208 0.59579 0.0202942
    endloop
  endfacet
  facet normal 0.481836 0.876262 0
    outer loop
      vertex 1.77377 0.611357 -0.0120123
      vertex 1.80208 0.59579 -0.511834
      vertex 1.77377 0.611357 -0.511834
    endloop
  endfacet
  facet normal -0.481739 -0.876315 0
    outer loop
      vertex 1.9069 0.777336 -0.511834
      vertex 1.88629 0.788666 -0.496404
      vertex 1.88629 0.788666 -0.511834
    endloop
  endfacet
  facet normal -0.481739 -0.876315 0
    outer loop
      vertex 1.88629 0.788666 -0.496404
      vertex 1.9069 0.777336 -0.511834
      vertex 1.9069 0.777336 -0.474245
    endloop
  endfacet
  facet normal 0.587747 0.809045 -0
    outer loop
      vertex 1.77377 0.611357 -0.511834
      vertex 1.69538 0.668305 -0.108368
      vertex 1.77377 0.611357 -0.0120123
    endloop
  endfacet
  facet normal 0.587747 0.809045 0
    outer loop
      vertex 1.69538 0.668305 -0.108368
      vertex 1.77377 0.611357 -0.511834
      vertex 1.69538 0.668305 -0.511834
    endloop
  endfacet
  facet normal -0.587757 -0.809038 -0
    outer loop
      vertex 1.88629 0.788666 -0.496404
      vertex 1.87655 0.795742 -0.511834
      vertex 1.88629 0.788666 -0.511834
    endloop
  endfacet
  facet normal 0.684565 0.728952 -0
    outer loop
      vertex 1.69538 0.668305 -0.511834
      vertex 1.63097 0.728793 -0.194395
      vertex 1.69538 0.668305 -0.108368
    endloop
  endfacet
  facet normal 0.6847 0.728825 5.16207e-05
    outer loop
      vertex 1.63097 0.728793 -0.194395
      vertex 1.69538 0.668305 -0.511834
      vertex 1.62476 0.734628 -0.20804
    endloop
  endfacet
  facet normal 0.684582 0.728936 0
    outer loop
      vertex 1.62476 0.734628 -0.20804
      vertex 1.69538 0.668305 -0.511834
      vertex 1.62476 0.734628 -0.511834
    endloop
  endfacet
  facet normal 0.770496 0.637444 -0
    outer loop
      vertex 1.62476 0.734628 -0.511834
      vertex 1.563 0.809279 -0.391633
      vertex 1.62476 0.734628 -0.20804
    endloop
  endfacet
  facet normal 0.770496 0.637444 0
    outer loop
      vertex 1.563 0.809279 -0.391633
      vertex 1.62476 0.734628 -0.511834
      vertex 1.563 0.809279 -0.511834
    endloop
  endfacet
  facet normal 0.844341 0.535807 -0
    outer loop
      vertex 1.563 0.809279 -0.511834
      vertex 1.53317 0.856286 -0.511834
      vertex 1.563 0.809279 -0.391633
    endloop
  endfacet
  facet normal 0.904843 0.425745 0
    outer loop
      vertex 1.50768 0.898326 -0.511834
      vertex 1.46984 0.978748 -0.511834
      vertex 1.46984 0.978748 -0.327439
    endloop
  endfacet
  facet normal 0.951128 0.308796 0
    outer loop
      vertex 1.44664 1.05013 -0.192327
      vertex 1.4399 1.07089 -0.511834
      vertex 1.4399 1.07089 -0.17157
    endloop
  endfacet
  facet normal 0.951041 0.309063 1.92095e-05
    outer loop
      vertex 1.46984 0.978748 -0.327439
      vertex 1.4399 1.07089 -0.511834
      vertex 1.44664 1.05013 -0.192327
    endloop
  endfacet
  facet normal 0.951053 0.309029 0
    outer loop
      vertex 1.4399 1.07089 -0.511834
      vertex 1.46984 0.978748 -0.327439
      vertex 1.46984 0.978748 -0.511834
    endloop
  endfacet
  facet normal 0.982277 0.187435 0
    outer loop
      vertex 1.4399 1.07089 -0.17157
      vertex 1.42174 1.16606 -0.511834
      vertex 1.42174 1.16606 -0.0763999
    endloop
  endfacet
  facet normal 0.982277 0.187435 0
    outer loop
      vertex 1.42174 1.16606 -0.511834
      vertex 1.4399 1.07089 -0.17157
      vertex 1.4399 1.07089 -0.511834
    endloop
  endfacet
  facet normal 0.998029 0.062751 0
    outer loop
      vertex 1.42174 1.16606 -0.0763999
      vertex 1.41566 1.26276 -0.511834
      vertex 1.41566 1.26276 0.0202942
    endloop
  endfacet
  facet normal 0.998029 0.062751 0
    outer loop
      vertex 1.41566 1.26276 -0.511834
      vertex 1.42174 1.16606 -0.0763999
      vertex 1.42174 1.16606 -0.511834
    endloop
  endfacet
  facet normal -0.99803 -0.0627399 -0
    outer loop
      vertex 1.62566 1.26276 -0.471538
      vertex 1.62566 1.26276 -0.511834
      vertex 1.62782 1.2284 -0.511834
    endloop
  endfacet
  facet normal 0 0 1
    outer loop
      vertex 2.66377 0.967926 -0.511834
      vertex 2.95257 1.16606 -0.511834
      vertex 2.95271 1.16826 -0.511834
    endloop
  endfacet
  facet normal 0 0 1
    outer loop
      vertex 2.95257 1.16606 -0.511834
      vertex 2.66377 0.967926 -0.511834
      vertex 2.93442 1.07089 -0.511834
    endloop
  endfacet
  facet normal 0 0 1
    outer loop
      vertex 2.93442 1.07089 -0.511834
      vertex 2.66377 0.967926 -0.511834
      vertex 2.90448 0.978748 -0.511834
    endloop
  endfacet
  facet normal 0 0 1
    outer loop
      vertex 2.90448 0.978748 -0.511834
      vertex 2.66377 0.967926 -0.511834
      vertex 2.86323 0.891083 -0.511834
    endloop
  endfacet
  facet normal 0 0 1
    outer loop
      vertex 2.86323 0.891083 -0.511834
      vertex 2.66377 0.967926 -0.511834
      vertex 2.81131 0.809279 -0.511834
    endloop
  endfacet
  facet normal -0 0 1
    outer loop
      vertex 2.64142 0.932714 -0.511834
      vertex 2.81131 0.809279 -0.511834
      vertex 2.66377 0.967926 -0.511834
    endloop
  endfacet
  facet normal -0 0 1
    outer loop
      vertex 2.62398 0.911637 -0.511834
      vertex 2.81131 0.809279 -0.511834
      vertex 2.64142 0.932714 -0.511834
    endloop
  endfacet
  facet normal 0 0 1
    outer loop
      vertex 2.81131 0.809279 -0.511834
      vertex 2.62398 0.911637 -0.511834
      vertex 2.74956 0.734628 -0.511834
    endloop
  endfacet
  facet normal 0 0 1
    outer loop
      vertex 2.74956 0.734628 -0.511834
      vertex 2.62398 0.911637 -0.511834
      vertex 2.67893 0.668305 -0.511834
    endloop
  endfacet
  facet normal 0 0 1
    outer loop
      vertex 2.62398 0.911637 -0.511834
      vertex 2.60055 0.611357 -0.511834
      vertex 2.67893 0.668305 -0.511834
    endloop
  endfacet
  facet normal 0 -0 1
    outer loop
      vertex 2.60055 0.611357 -0.511834
      vertex 2.62398 0.911637 -0.511834
      vertex 2.53171 0.573515 -0.511834
    endloop
  endfacet
  facet normal 0 0 1
    outer loop
      vertex 1.88629 0.788666 -0.511834
      vertex 1.80208 0.59579 -0.511834
      vertex 1.9069 0.777336 -0.511834
    endloop
  endfacet
  facet normal 0 0 1
    outer loop
      vertex 1.77377 0.611357 -0.511834
      vertex 1.88629 0.788666 -0.511834
      vertex 1.87655 0.795742 -0.511834
    endloop
  endfacet
  facet normal 0 0 1
    outer loop
      vertex 1.88629 0.788666 -0.511834
      vertex 1.77377 0.611357 -0.511834
      vertex 1.80208 0.59579 -0.511834
    endloop
  endfacet
  facet normal 0 0 1
    outer loop
      vertex 1.87655 0.795742 -0.511834
      vertex 1.69538 0.668305 -0.511834
      vertex 1.77377 0.611357 -0.511834
    endloop
  endfacet
  facet normal 0 0 1
    outer loop
      vertex 1.87655 0.795742 -0.511834
      vertex 1.62476 0.734628 -0.511834
      vertex 1.69538 0.668305 -0.511834
    endloop
  endfacet
  facet normal 0 0 1
    outer loop
      vertex 1.87655 0.795742 -0.511834
      vertex 1.563 0.809279 -0.511834
      vertex 1.62476 0.734628 -0.511834
    endloop
  endfacet
  facet normal -0 -0 1
    outer loop
      vertex 1.563 0.809279 -0.511834
      vertex 1.87655 0.795742 -0.511834
      vertex 1.53317 0.856286 -0.511834
    endloop
  endfacet
  facet normal -0 0 1
    outer loop
      vertex 1.41566 1.26276 -0.511834
      vertex 1.62782 1.2284 -0.511834
      vertex 1.62566 1.26276 -0.511834
    endloop
  endfacet
  facet normal 0 0 1
    outer loop
      vertex 1.62782 1.2284 -0.511834
      vertex 1.46984 0.978748 -0.511834
      vertex 1.50768 0.898326 -0.511834
    endloop
  endfacet
  facet normal 0 0 1
    outer loop
      vertex 1.62782 1.2284 -0.511834
      vertex 1.4399 1.07089 -0.511834
      vertex 1.46984 0.978748 -0.511834
    endloop
  endfacet
  facet normal 0 0 1
    outer loop
      vertex 1.62782 1.2284 -0.511834
      vertex 1.42174 1.16606 -0.511834
      vertex 1.4399 1.07089 -0.511834
    endloop
  endfacet
  facet normal 0 0 1
    outer loop
      vertex 1.62782 1.2284 -0.511834
      vertex 1.41566 1.26276 -0.511834
      vertex 1.42174 1.16606 -0.511834
    endloop
  endfacet
  facet normal 0 0 1
    outer loop
      vertex 2.1706 1.82315 -0.511834
      vertex 2.42556 1.9965 -0.511834
      vertex 2.33172 2.02059 -0.511834
    endloop
  endfacet
  facet normal 0 0 1
    outer loop
      vertex 2.1706 1.82315 -0.511834
      vertex 2.33172 2.02059 -0.511834
      vertex 2.2356 2.03273 -0.511834
    endloop
  endfacet
  facet normal 0 0 1
    outer loop
      vertex 2.42556 1.9965 -0.511834
      vertex 2.1706 1.82315 -0.511834
      vertex 2.48665 1.97231 -0.511834
    endloop
  endfacet
  facet normal -0 0 1
    outer loop
      vertex 2.13871 2.03273 -0.511834
      vertex 2.1706 1.82315 -0.511834
      vertex 2.2356 2.03273 -0.511834
    endloop
  endfacet
  facet normal 0 0 1
    outer loop
      vertex 2.1706 1.82315 -0.511834
      vertex 2.13871 2.03273 -0.511834
      vertex 2.1519 1.82315 -0.511834
    endloop
  endfacet
  facet normal 0 0 1
    outer loop
      vertex 2.13871 2.03273 -0.511834
      vertex 2.10108 1.81673 -0.511834
      vertex 2.1519 1.82315 -0.511834
    endloop
  endfacet
  facet normal -0 0 1
    outer loop
      vertex 2.04259 2.02059 -0.511834
      vertex 2.10108 1.81673 -0.511834
      vertex 2.13871 2.03273 -0.511834
    endloop
  endfacet
  facet normal -0 0 1
    outer loop
      vertex 1.94875 1.9965 -0.511834
      vertex 2.10108 1.81673 -0.511834
      vertex 2.04259 2.02059 -0.511834
    endloop
  endfacet
  facet normal -0 0 1
    outer loop
      vertex 1.85867 1.96083 -0.511834
      vertex 2.10108 1.81673 -0.511834
      vertex 1.94875 1.9965 -0.511834
    endloop
  endfacet
  facet normal -0 0 1
    outer loop
      vertex 1.77377 1.91416 -0.511834
      vertex 2.10108 1.81673 -0.511834
      vertex 1.85867 1.96083 -0.511834
    endloop
  endfacet
  facet normal 0 0 1
    outer loop
      vertex 2.10108 1.81673 -0.511834
      vertex 1.77377 1.91416 -0.511834
      vertex 1.76231 1.90583 -0.511834
    endloop
  endfacet
  facet normal 0.587962 -0.808889 0
    outer loop
      vertex 1.77377 1.91416 -0.479773
      vertex 1.76231 1.90583 -0.511834
      vertex 1.77377 1.91416 -0.511834
    endloop
  endfacet
  facet normal 0.481721 -0.876325 0
    outer loop
      vertex 1.85867 1.96083 -0.511834
      vertex 1.77377 1.91416 -0.479773
      vertex 1.77377 1.91416 -0.511834
    endloop
  endfacet
  facet normal 0.481721 -0.876325 0
    outer loop
      vertex 1.77377 1.91416 -0.479773
      vertex 1.85867 1.96083 -0.511834
      vertex 1.85867 1.96083 -0.284656
    endloop
  endfacet
  facet normal 0.368154 -0.929765 -5.97188e-06
    outer loop
      vertex 1.94875 1.9965 -0.511834
      vertex 1.90908 1.98079 -0.190731
      vertex 1.85867 1.96083 -0.284656
    endloop
  endfacet
  facet normal 0.368167 -0.92976 0
    outer loop
      vertex 1.94875 1.9965 -0.511834
      vertex 1.85867 1.96083 -0.284656
      vertex 1.85867 1.96083 -0.511834
    endloop
  endfacet
  facet normal 0.368196 -0.929748 0
    outer loop
      vertex 1.90908 1.98079 -0.190731
      vertex 1.94875 1.9965 -0.511834
      vertex 1.94875 1.9965 -0.149785
    endloop
  endfacet
  facet normal 0.248651 -0.968593 0
    outer loop
      vertex 2.04259 2.02059 -0.511834
      vertex 1.94875 1.9965 -0.149785
      vertex 1.94875 1.9965 -0.511834
    endloop
  endfacet
  facet normal 0.248651 -0.968593 0
    outer loop
      vertex 1.94875 1.9965 -0.149785
      vertex 2.04259 2.02059 -0.511834
      vertex 2.04259 2.02059 -0.0541283
    endloop
  endfacet
  facet normal 0.125322 -0.992116 -3.10461e-05
    outer loop
      vertex 2.04259 2.02059 -0.0541283
      vertex 2.13871 2.03273 -0.00211383
      vertex 2.11647 2.02992 0.0202942
    endloop
  endfacet
  facet normal 0.125305 -0.992118 0
    outer loop
      vertex 2.13871 2.03273 -0.511834
      vertex 2.04259 2.02059 -0.0541283
      vertex 2.04259 2.02059 -0.511834
    endloop
  endfacet
  facet normal 0.125305 -0.992118 0
    outer loop
      vertex 2.04259 2.02059 -0.0541283
      vertex 2.13871 2.03273 -0.511834
      vertex 2.13871 2.03273 -0.00211383
    endloop
  endfacet
  facet normal -0.125618 0.992079 0
    outer loop
      vertex 2.1519 1.82315 -0.511834
      vertex 2.13571 1.8211 -0.473704
      vertex 2.1519 1.82315 -0.488498
    endloop
  endfacet
  facet normal -0.125332 0.992115 0.000123492
    outer loop
      vertex 2.13571 1.8211 -0.473704
      vertex 2.1519 1.82315 -0.511834
      vertex 2.10108 1.81673 -0.511834
    endloop
  endfacet
  facet normal 0 -1 0
    outer loop
      vertex 2.13871 2.03273 -0.511834
      vertex 2.2356 2.03273 -0.0985908
      vertex 2.13871 2.03273 -0.00211383
    endloop
  endfacet
  facet normal 0 -1 -0
    outer loop
      vertex 2.2356 2.03273 -0.0985908
      vertex 2.13871 2.03273 -0.511834
      vertex 2.2356 2.03273 -0.511834
    endloop
  endfacet
  facet normal 0 1 0
    outer loop
      vertex 2.1706 1.82315 -0.511834
      vertex 2.1519 1.82315 -0.511834
      vertex 2.1519 1.82315 -0.488498
    endloop
  endfacet
  facet normal -0.125305 -0.992118 0
    outer loop
      vertex 2.2356 2.03273 -0.511834
      vertex 2.33172 2.02059 -0.193193
      vertex 2.2356 2.03273 -0.0985908
    endloop
  endfacet
  facet normal -0.125305 -0.992118 -0
    outer loop
      vertex 2.33172 2.02059 -0.193193
      vertex 2.2356 2.03273 -0.511834
      vertex 2.33172 2.02059 -0.511834
    endloop
  endfacet
  facet normal -0.247148 -0.968978 0
    outer loop
      vertex 2.33172 2.02059 -0.511834
      vertex 2.33419 2.01996 -0.195588
      vertex 2.33172 2.02059 -0.193193
    endloop
  endfacet
  facet normal -0.248669 -0.968589 1.26513e-05
    outer loop
      vertex 2.33419 2.01996 -0.195588
      vertex 2.33172 2.02059 -0.511834
      vertex 2.42556 1.9965 -0.371651
    endloop
  endfacet
  facet normal -0.248651 -0.968593 -0
    outer loop
      vertex 2.42556 1.9965 -0.371651
      vertex 2.33172 2.02059 -0.511834
      vertex 2.42556 1.9965 -0.511834
    endloop
  endfacet
  facet normal -0.368161 -0.929762 -0
    outer loop
      vertex 2.42556 1.9965 -0.371651
      vertex 2.42556 1.9965 -0.511834
      vertex 2.48665 1.97231 -0.511834
    endloop
  endfacet
endsolid OpenSCAD_Model
